customer_id,full_name,dob,nationality,id_type,id_number,type
C004998,Johnny Schmitt,1968-05-17,FR,,,individual
C005581,Tony O'Brien,1962-03-07,US,,,individual
C004660,Bo Huang,1956-07-14,TW,,,individual
C003390,Hsiao-Chun Hwang,1951-06-12,CN,,,individual
C000737,Doctor,,SY,,,individual
C004793,Yen Zhou,,SG,,,individual
C002999,Bob Du Bois,1981-07-25,CA,,,individual
C001615,M/T Silver Lining II,,LR,,,vessel
C002837,Jamie Ferreyra,1975-01-22,BR,,,individual
C004255,Hua Kwok,1981-03-26,CN,,,individual
C000182,Victor Fedorov,1972-09-22,RU,,,individual
C003161,Iryna Petrovna Kuznetsova,1974-08-21,BY,,,individual
C005242,Yan Liu,1973-06-09,CN,,,individual
C005785,Jen Pedersen,,CA,,,individual
C002417,Pepe Lefevre,1997-01-02,BR,,,individual
C002153,Suzy Lefèvre,1991-04-13,CA,,,individual
C003355,Chien-Kuo Wang,1996-12-21,CN,,,individual
C004620,"Petrov, Jurij",,KZ,,,individual
C005459,Hosseini Rida,1963-03-05,IR,,,individual
C004501,Fung Ma,1990-07-03,CN,,,individual
C002963,Xiao-Ming Lee,1955-06-02,HK,,,individual
C004773,Drew Novak,,BR,,,individual
C004033,Hsiao-Ming Hsu,1999-02-13,TW,,,individual
C003821,Will M. Lefevre,1991-05-26,DE,,,individual
C000178,Maggie Fisher,1980,AU,,,individual
C002814,Rida Hoseini,1990-08-28,AF,,,individual
C005697,Po Lo,1994-11-18,HK,,,individual
C004640,Beth J. Nguyen,1995-11-16,DE,,,individual
C003008,Mei-Ling Wu,1981-06-08,SG,,,individual
C001710,Alex Kowalsky,,AU,,,individual
C005813,Hua Yang,1980-09-26,TW,,,individual
C002360,Hua Gao,1987-05-22,TW,,,individual
C002091,Maggie J. Hernandez,1958-06-07,AU,,,individual
C003702,Peggy M. Schroeder,1983-12-02,FR,,,individual
C002239,José M. Nguyen,,AU,,,individual
C004637,Zhi Qiang Huang,1961-11-23,HK,,,individual
C003237,Bob Nowak,1994-10-08,DE,,,individual
C004601,Mei Ling Guo,,CN,,,individual
C004314,Kuo-Chiang Lee,1979-04-08,SG,,,individual
C000631,Ali bin Hassan Qasim,1981,YE,,,individual
C003542,Tareq bin Muhammad Al Farsi,1957-11-19,AE,,,individual
C001115,The Aral Pharma PJSC,,CA,,,entity
C004019,Chun Yeung,1988-03-25,HK,,,individual
C002214,Lei Cai,1967-05-15,TW,,,individual
C003958,Ming Wang,1957-07-22,CN,,,individual
C001666,Fung Gao,,SG,,,individual
C004313,Kuo-Chiang Mah,1965-05-08,TW,,,individual
C002903,Hsiao-Chun Wu,1972-02-03,HK,,,individual
C004332,Ming Luo,,SG,,,individual
C002987,Xiao Jun Huang,1959-12-20,SG,,,individual
C005798,Hsiao-Chun Mah,1972-04-26,TW,,,individual
C005157,Elisabeth Fischer,,GB,,,individual
C005403,Yen Zhang,,HK,,,individual
C002597,Mikey A. Petersen,1996-07-16,AU,,,individual
C003635,Jen J. Nguyen,1982-09-24,GB,,,individual
C000117,Guo Qiang Wang,1992,TW,,,individual
C004237,Zhiqiang Zhu,1953-04-19,CN,,,individual
C002335,Tony A. Larsen,1977-07-20,DE,,,individual
C002946,Liz O Brien,1961-05-01,AU,,,individual
C004467,Ling Gao,1950-11-12,HK,,,individual
C004785,Tom Larson,1989-09-18,FR,,,individual
C003026,Hsiang Xu,1952-04-12,SG,,,individual
C003206,Jenny Bianci,1980-07-16,CA,,,individual
C000230,Fung Kwok,2000-08-06,TW,,,individual
C002831,Rezaei Kaveh,1997-05-19,IR,,,individual
C004377,Hsiang Hsu,,CN,,,individual
C000875,Rida Tehrani,1972-10-26,AF,,,individual
C000831,Hoseyn Muradi,1961-06-10,AF,,,individual
C001219,"Altai Chemicals, AO",,RU,,,entity
C002092,Moustafa Elmasry,,JO,,,individual
C005467,Moustafa Sayed,1957-11-08,SY,,,individual
C002293,Bob Peterson,1958-02-10,BR,,,individual
C001980,Rich Schmid,,AU,,,individual
C001720,Liz OBrien,,FR,,,individual
C004502,Danny Novak,1977-05-24,DE,,,individual
C002442,Oumar Nasser,1954-02-07,LB,,,individual
C001111,Nile Valley Chemicals GmbH,,IQ,,,entity
C000855,Jon Hernández,1967-11-23,AU,,,individual
C002189,Drew Da Silva,1958-11-22,MX,,,individual
C001154,Ural Holdings SA,,EG,,,entity
C005722,Olha Tkatchenko,1956-06-11,KZ,,,individual
C000499,Trish Du Bois,2000-11-10,FR,,,individual
C004540,Ming Hoo,1982-04-26,HK,,,individual
C001663,Eddie A. Mueller,1971-01-14,US,,,individual
C002399,Hsiao-Chun Mah,1967-04-19,SG,,,individual
C004316,Dick Lefevre,1982-02-14,DE,,,individual
C001318,Crystal Chemicals Ltd.,,AF,,,entity
C005450,Tony A. Larsen,,CA,,,individual
C005192,Zhi Qiang Huang,1984-07-28,CN,,,individual
C002704,Yen Kao,1988-09-13,HK,,,individual
C002770,"Petrov, Jurij",1955-02-24,RU,,,individual
C000240,Iryna Chevtchenko,1989,KZ,,,individual
C004373,Drew M. Nowak,,DE,,,individual
C004281,Jenny Bianci,1999-11-19,DE,,,individual
C001021,Onyx Minerals Free Zone Establishment,,CN,,,entity
C000573,Andy Le Fevre,,GB,,,individual
C001063,Sahara Petroleum FZE,,LB,,,entity
C004362,Maggie Garcia,1969-11-17,AU,,,individual
C005461,Chiang Zhou,,SG,,,individual
C003143,Jon J. Schmidt,1996-09-14,GB,,,individual
C001018,"Falcon Construction, LLC",,EG,,,entity
C005681,Tao Zhu,2000-12-09,HK,,,individual
C001946,Fung Zhao,1966-09-19,CN,,,individual
C001582,Vessel Night Hawk Alpha,,CM,imo,IMO9651575,vessel
C000750,Patricia Mueller,,FR,,,individual
C001017,ARAL STEEL Public Joint Stock Company,,RU,,,entity
C003265,Yen Cai,,CN,,,individual
C004787,Chiang Zhou,1986-11-13,TW,,,individual
C003451,Hsiang Gao,1989-06-28,SG,,,individual
C001244,Meridian Group,,AU,registration,REG-585837,entity
C002803,Jianguo Guo,1998-12-26,SG,,,individual
C004210,Xiao Jun Chen,1958-06-20,HK,,,individual
C005276,Lei Tsai,,TW,,,individual
C003329,Yung Wong,1970-07-01,TW,,,individual
C005392,Tao Zhu,1953-08-07,CN,,,individual
C002205,Zhi Qiang Huang,,CN,,,individual
C000126,Kuznetsov Mikhael,1969-03-27,KZ,,,individual
C000667,Suzy Novak,1959-03-26,DE,,,individual
C003784,Hua Zhang,2000-01-10,TW,,,individual
C002852,Tommy M. Kowalski,1963-05-10,GB,,,individual
C005170,Alex Kowalsky,1962-03-10,AU,,,individual
C003401,Yong Sun,1993-02-25,TW,,,individual
C001796,Jenny Schröder,1995-10-10,FR,,,individual
C005292,Dick Schmitt,1996-03-04,AU,,,individual
C003317,Alex A. Sorensen,,BR,,,individual
C000349,Chiang Chu,,SG,,,individual
C000766,Hua Sun,,CN,,,individual
C001940,Chuck M. O'Brien,1995-03-26,DE,,,individual
C002203,Jon M. Schmidt,1980-06-24,AU,,,individual
C005596,Natasha Kusnezowa,,KZ,,,individual
C005515,Ling Lam,1958-11-16,HK,,,individual
C000436,Jen DaSilva,1966-07-10,US,,,individual
C004776,Ling Zhao,1977-03-11,CN,,,individual
C001909,Wei Hoo,1986-06-26,SG,,,individual
C001572,Vessel Desert Rose Alpha,,KM,imo,IMO9207989,vessel
C003936,Tao Chang,1984-12-14,TW,,,individual
C004721,Po Zhao,1976-02-11,SG,,,individual
C004370,Alex Sørensen,1976-01-12,FR,,,individual
C002109,Hua Yeung,1989-05-16,TW,,,individual
C001179,Delta Group,,DE,registration,REG-135264,entity
C002708,Hua Zhu,1995-06-06,SG,,,individual
C004698,Dick M. Hernandez,1984-04-28,FR,,,individual
C001369,Ural Agro FZE,,SG,,,entity
C002232,Ling Lin,,CN,,,individual
C004967,Bo Huang,1997-09-14,TW,,,individual
C003157,Dan Müller,1997-03-19,AU,,,individual
C004625,Guo Qiang Lin,1998-10-06,TW,,,individual
C000173,Abd Allah Sayed,1953-02-26,SA,,,individual
C003990,Chiang Lam,1977-11-20,SG,,,individual
C004455,Bob A. Fischer,1989-05-12,GB,,,individual
C005479,Mike Dubois,1979-12-27,FR,,,individual
C001839,"Kuznetsova, Irina",1976-06-24,KZ,,,individual
C002934,Hsiang Zhou,1964-06-05,SG,,,individual
C002967,Yen Hwang,1995-03-07,HK,,,individual
C002731,Xiang Lin,1958-01-03,CN,,,individual
C003597,Charlie M. Bianchi,1961-02-08,US,,,individual
C001345,"Titan Logistics, GmbH",,IR,,,entity
C002022,Bob A. Fischer,1965-10-21,GB,,,individual
C003293,Ted J. O'Brien,1960-02-12,FR,,,individual
C004129,Tony A. Ferreira,,GB,,,individual
C004389,Tao Ma,1955-09-14,CN,,,individual
C002333,Jen Schröder,,CA,,,individual
C003472,Bo Guo,1984-06-10,HK,,,individual
C004524,Mei-Ling Lin,1996-03-07,TW,,,individual
C000381,Kave Isfahani,,AF,,,individual
C000281,Mohammadi Mehdy,1991-12-11,AF,,,individual
C002707,Jen Nguyen,1998-07-09,DE,,,individual
C003455,Peggy J. Hernandez,1964-04-26,US,,,individual
C002789,Maggie Schmidt,,AU,,,individual
C004101,Maggie Nguyễn,1977-04-13,CA,,,individual
C001800,Guo Qiang Lee,1981-09-10,TW,,,individual
C005176,Jenny Bianchi,1976-09-21,US,,,individual
C000113,Catherine Du Bois,1995-08-03,DE,,,individual
C004516,Ping Chao,1984-02-28,CN,,,individual
C000965,Chuck Schmid,1982-02-15,DE,,,individual
C002680,José Silva,,MX,,,individual
C003968,Lei Lin,1996-10-26,TW,,,individual
C000890,Kuo-Chiang Kao,1985-04-24,HK,,,individual
C001872,Danny Fischer,1977-04-05,BR,,,individual
C000344,Fathima Shaheen,1984,SA,,,individual
C002030,Mike J. Mueller,1998-11-14,MX,,,individual
C005003,Eddie Larson,1977-03-07,AU,,,individual
C005784,Elisabeth OBrien,1982-10-12,BR,,,individual
C002887,Mahmood El Farsi,1958-01-10,IQ,,,individual
C000332,Alexandr Tkatchenko,,UA,,,individual
C005277,Yen Chow,1966-09-13,CN,,,individual
C001694,Tao Zhang,1960-02-17,CN,,,individual
C002445,Tom Larsen,1985-12-07,AU,,,individual
C004157,Rezaei Kaveh,1994-02-28,IR,,,individual
C001967,Guo Qiang Hoo,1958-05-21,CN,,,individual
C001613,Coral Queen III Express,,CM,,,vessel
C004876,José A. Silva,1966-03-14,FR,,,individual
C003637,Lei Zhou,1988-05-04,TW,,,individual
C005389,Abd al-Rahman Chahine,1989-08-27,IQ,,,individual
C001047,Nile Valley Maritime S.A.,,IQ,,,entity
C004743,Hsiao-Ming Liou,,SG,,,individual
C002858,Mahmood Alfarsi,,JO,,,individual
C001081,Crystal Steel PJSC,,UA,,,entity
C000011,Fatimah Nacer,1979-02-01,YE,,,individual
C001010,Golden Crescent Shipping,,IR,,,entity
C004388,Fung Wu,1990-12-17,CN,,,individual
C004781,Elisabeth Nowak,1971-09-13,FR,,,individual
C005213,Tommy J. Ferreira,1966-04-21,AU,,,individual
C002381,Mike J. Dubois,1999-12-28,BR,,,individual
C003789,Tony Kowalsky,1996-04-10,GB,,,individual
C000298,Aly al-Masri,1983,YE,,,individual
C000544,Ebrahim Nasser,1958,AE,,,individual
C005142,Wei Liu,1960-09-11,HK,,,individual
C001923,Yen Liou,1950-08-01,TW,,,individual
C000551,Eddie Schroder,,FR,,,individual
C001246,Tigris Aviation SA,,SY,,,entity
C004139,Wei Ma,,HK,,,individual
C002661,Xiang Zhou,1975-05-07,CN,,,individual
C001464,M/V Andromeda One,,IR,,,vessel
C000835,Abdallah ben Omar Alamin,1972-11-04,LB,,,individual
C004796,Kuznetsov Alexander,,KZ,,,individual
C001811,Dan J. Fischer,1974-04-26,MX,,,individual
C000736,Olga Sergeyevna Tkachenko,1956-11-26,KZ,,,individual
C002794,Rob Fischer,1968-01-28,CA,,,individual
C000437,Pat Silva,1989-12-27,CA,,,individual
C004077,Tony J. Schroeder,1993-04-16,MX,,,individual
C004680,Mikey Andersson,1958-12-04,GB,,,individual
C000954,Wei Zhu,1987-03-18,SG,,,individual
C005793,Maggie J. Schmidt,1956-10-01,MX,,,individual
C002182,Trish J. Sorensen,1960-04-19,MX,,,individual
C004420,Trish J. Nowak,1956-02-20,CA,,,individual
C002191,Mei-Ling Huang,,SG,,,individual
C002345,Mikey M. Andersen,1964-11-05,FR,,,individual
C003097,Beth García,1956-05-23,FR,,,individual
C003557,"Kuznetsova, Natasha",1963-11-21,RU,,,individual
C001315,Nile Valley Maritime FZ-LLC,,MX,,,entity
C003858,Xiao Jun Sun,1959-11-14,CN,,,individual
C002083,Mei Ling Zhu,1975-12-16,HK,,,individual
C000274,Halid al-Farsi,1988-06-26,SY,,,individual
C004824,José Hernandez,,FR,,,individual
C001340,The Golden Crescent Pharma Ltd,,YE,,,entity
C000817,Hua Cai,,SG,,,individual
C001272,The Damavand Construction G.m.b.H.,,MX,,,entity
C005472,Po Guo,1992-12-09,CN,,,individual
C001377,Harbor Point Group,,US,registration,REG-844714,entity
C005606,Yen Kao,1996-04-02,HK,,,individual
C001580,Morning Glory One Spirit,,PA,,,vessel
C005563,Hsiang Xu,1962-12-12,CN,,,individual
C002721,José Nguyen,1968-07-09,GB,,,individual
C002830,Drew M. Dubois,,DE,,,individual
C004624,Xiaojun Huang,1978-11-23,TW,,,individual
C005670,Dan Fisher,1963-03-20,AU,,,individual
C002993,Qiang Zhou,1988-11-03,TW,,,individual
C004855,Chuck Garcia,1988-04-20,DE,,,individual
C001048,Nile Valley Minerals Free Zone Establishment,,BR,,,entity
C005524,Mei Ling Wu,1960-02-24,SG,,,individual
C005503,Fung Lin,,SG,,,individual
C004775,Fung Li,,HK,,,individual
C003311,"Volkova, Tatyana",1995-07-22,UA,,,individual
C001057,Al-Noor Aviation L.L.C.,,TW,,,entity
C005576,Jen Mueller,,GB,,,individual
C005489,Beth Dubois,,GB,,,individual
C005704,Sue A. Lefevre,1979-06-21,MX,,,individual
C005802,Bobby A. Kowalski,1953-09-12,DE,,,individual
C005158,Feng Huang,,SG,,,individual
C000745,Richard Lefevre,1964,DE,,,individual
C004460,Liz Mueller,,BR,,,individual
C001158,Blue Horizon Engineering LLC,,US,,,entity
C005195,Jen J. Mueller,1964-11-13,AU,,,individual
C004651,Elisabeth O Brien,1975-11-02,US,,,individual
C001222,Red Sea Pharma LLC,,TW,,,entity
C000199,Aleksander Kozloff,,RU,,,individual
C000186,The Engineer,1984-06-01,CA,,,individual
C000721,Chun Chang,1982-11-23,CN,,,individual
C001261,Falcon Investments Company,,KZ,,,entity
C003350,Jian Guo Wang,1963-12-13,TW,,,individual
C003331,Hosseini Reza,1964-02-21,AF,,,individual
C001388,Crystal Maritime LLC,,DE,,,entity
C001294,"Sahara Technologies, Ltd.",,GB,,,entity
C001476,Vessel Amber Sky Alpha,,IR,imo,IMO9646084,vessel
C005781,Yen Wong,1981-03-26,SG,,,individual
C000877,Hua Liu,1974-02-05,CN,,,individual
C000524,Achmed Hashimi,1985-01-17,AE,,,individual
C002311,Mikey Du Bois,1997-03-14,CA,,,individual
C003711,Feng Sun,1959-01-28,TW,,,individual
C000221,Xander Du Bois,1995-07-19,US,,,individual
C005093,Pepe Schroder,1961-03-23,FR,,,individual
C005100,Ping Lo,1995-10-28,TW,,,individual
C000082,Abdurrahman al-Sayed,1994-04-03,JO,,,individual
C005510,Wei Huang,2000-11-13,SG,,,individual
C001146,Orion Aviation SA,,SG,,,entity
C000469,The Broker,1976-03-24,AE,,,individual
C001278,Crystal Construction GmbH,,SG,,,entity
C000264,Natalya Zaiceva,,UA,,,individual
C000348,Ebrahim Salah,1973-07-09,YE,,,individual
C004478,Tao Huang,1992-08-23,TW,,,individual
C001976,Yen Wang,1983-12-04,SG,,,individual
C004203,Yousuf al-Hashimi,1970-05-06,AE,,,individual
C001264,Sinai Investments Joint Stock Company,,FR,,,entity
C001046,Delta Construction LLC,,TW,,,entity
C001993,Tommy A. Larsen,1999-02-25,MX,,,individual
C003476,Xiao Ming Li,1996-12-05,SG,,,individual
C003905,Kuo-Chiang Xu,1963-05-05,HK,,,individual
C005367,Chiang Mah,,CN,,,individual
C000701,Meryem Hoseini,1979-01-05,IR,,,individual
C005789,Xiaojun Wu,1995-08-25,CN,,,individual
C005253,Lei Zhao,1963-07-13,HK,,,individual
C004112,Ping Zhu,1956-02-17,TW,,,individual
C001004,Rob Mueller,1982-06-19,BR,,,individual
C002504,Bob Ferreira,,CA,,,individual
C002766,Bobby J. Ferreira,1953-01-24,AU,,,individual
C001835,Fung Kao,2000-09-03,SG,,,individual
C000036,Tony Lefèvre,1993-01-18,DE,,,individual
C005746,Bob Schmid,1968-08-27,CA,,,individual
C003828,Hua Lin,1977-02-18,CN,,,individual
C003295,Pat Fisher,1950-10-18,AU,,,individual
C000061,Mustafa Haddad,,YE,,,individual
C000568,Jim A. Mueller,1996-12-16,DE,,,individual
C004779,Bill M. Bianchi,1980-11-26,US,,,individual
C004817,Bob J. Dubois,1963-06-24,BR,,,individual
C003321,Feng Lin,,SG,,,individual
C005699,Tom Larsen,1968-06-22,US,,,individual
C005140,Ping Sun,,HK,,,individual
C003174,Liz A. Mueller,1964-04-22,CA,,,individual
C001884,Yung Lee,,CN,,,individual
C000157,Aicha Mansur,1993-03,SA,,,individual
C001370,Al-Noor Group,,DE,registration,REG-133515,entity
C004650,Mikey A. Schroeder,,GB,,,individual
C005762,Tony Ferreyra,1999-10-18,FR,,,individual
C003965,Wei Chu,1954-01-17,SG,,,individual
C000054,Babac Husseini,1983-11-04,AF,,,individual
C004357,Fung Lee,,HK,,,individual
C003176,Chien-Kuo Wu,,HK,,,individual
C001270,Al-Bahr Group,,RU,registration,REG-658850,entity
C005249,José Lefèvre,1962-08-15,CA,,,individual
C002871,Fung Kao,1971-11-27,SG,,,individual
C001792,Wei Chen,1994-10-26,HK,,,individual
C002481,Ming Zhou,,SG,,,individual
C004629,Ming Sun,1971-09-26,HK,,,individual
C005081,Alee Kassem,1966-02-10,EG,,,individual
C002166,Tao Huang,1988-08-06,CN,,,individual
C004277,Peggy A. Dubois,1953-03-17,FR,,,individual
C003234,Ibraheem al-Rashid,1976-05-06,LB,,,individual
C001738,Jen A. Kowalski,1993-06-11,US,,,individual
C000273,Lei Yeung,1996-12-25,HK,,,individual
C004539,"Kuznetsova, Iryna",1976-06-17,UA,,,individual
C001803,Danny M. Fischer,1971-06-11,BR,,,individual
C000920,Nikolaj Nikolaevich Schewtschenko,1975-06-24,RU,,,individual
C003184,Maggie Smith-Jones,1974-02-16,GB,,,individual
C000928,Zhiqiang Zhu,1951-04-05,HK,,,individual
C003684,Hsiao-Chun Ma,,TW,,,individual
C004713,Peggy Schmid,1952-09-28,FR,,,individual
C000852,Yuri Petrov,,UA,,,individual
C000151,Eugene Petrow,1976-04-27,MX,,,individual
C003413,Yong Zhu,1988-06-04,CN,,,individual
C000583,Andy Nguyễn,1977-08,SY,,,individual
C003561,Wei Yang,1971-01-09,HK,,,individual
C001512,Lady Fortune Express,,RU,,,vessel
C001536,MT Wind Runner,,LR,,,vessel
C004140,Jurij Aleksandrovich Petrow,1952-04-16,KZ,,,individual
C002183,Mei-Ling Chen,1993-08-27,SG,,,individual
C002915,Lei Ma,1954-07-19,HK,,,individual
C000729,Mariam Ahmadee,1982-12-08,AF,,,individual
C000584,Hua Chow,,HK,,,individual
C000652,Jamie Larsen,1952,DE,,,individual
C004585,Xander Schroeder,1973-01-19,AU,,,individual
C004405,Mustapha Masri,,AE,,,individual
C003751,Rick Silva,1989-04-18,MX,,,individual
C004896,Rick M. Silva,,AU,,,individual
C004723,Ted J. Dubois,1994-10-01,CA,,,individual
C001782,Hsiao-Chun Huang,1999-06-09,CN,,,individual
C002665,Jenny Hernandez,1972-02-20,FR,,,individual
C004895,Kathy Larsen,,BR,,,individual
C005372,Xiang Gao,1953-02-18,CN,,,individual
C005119,Andy Hernandez,1969-04-22,BR,,,individual
C001678,Johnny Nguyễn,,CA,,,individual
C002018,Pepe Du Bois,,DE,,,individual
C000887,Elisabeth Andersson,1983-10-02,MX,,,individual
C002833,Jenny A. Petersen,1965-04-23,US,,,individual
C004810,Maggie Nguyễn,,MX,,,individual
C005808,Pepe A. Silva,,GB,,,individual
C000021,Hosseini Farhaad,,AF,,,individual
C003046,Dan Mueller,1998-11-01,FR,,,individual
C005640,Ping Luo,1979-04-10,CN,,,individual
C000578,Yung Mah,,HK,,,individual
C005016,Chun Lin,1952-06-25,SG,,,individual
C000540,Suzy Schroeder,,MX,,,individual
C002936,Hua Yeung,1969-08-24,TW,,,individual
C001442,The Volga Technologies G.m.b.H.,,MX,,,entity
C000233,Hsiang Wang,,CN,,,individual
C005571,Mustapha al-Masri,1966-10-06,IQ,,,individual
C003800,Rezaei Kaveh,1953-05-25,IR,,,individual
C004725,Wei Liu,1963-01-19,TW,,,individual
C002537,Mike O Brien,,MX,,,individual
C003752,Yung Yang,2000-01-21,CN,,,individual
C001900,Moustafa Sayed,1977-11-11,SY,,,individual
C000543,Charlie Ferreyra,1960-06-12,AU,,,individual
C002447,Hua Chang,1982-03-25,SG,,,individual
C000350,Abd Allah Rashid,1996,EG,,,individual
C001719,Yen Wang,,CN,,,individual
C003134,Bo Huang,1979-11-16,TW,,,individual
C001469,Vessel Albatross Alpha,,IR,imo,IMO9122506,vessel
C000204,Layla Shahin,1998,SA,,,individual
C005421,Tao Yang,,CN,,,individual
C005211,Jen J. Kowalski,1952-03-11,CA,,,individual
C004887,Will J. Ferreira,1974-03-21,GB,,,individual
C003268,Sue J. Fischer,1981-06-04,AU,,,individual
C004044,Xiao Jun Mah,1975-03-09,TW,,,individual
C001744,Hsiang Hsu,1979-09-02,CN,,,individual
C002990,Yan Gao,1983-02-28,HK,,,individual
C004338,Lei Cai,2000-11-13,TW,,,individual
C002589,Mikey A. Dubois,1961-11-12,FR,,,individual
C005161,Tarik Farsi,1957-05-09,LB,,,individual
C004109,Tao Gao,1993-07-13,HK,,,individual
C005122,Hsiang Lo,1983-07-17,TW,,,individual
C001003,Mei Ling Hoo,1964-10-20,TW,,,individual
C001423,Jade Dragon Aviation G.m.b.H.,,MX,,,entity
C002007,Jon Nguyễn,1977-02-28,US,,,individual
C001240,ZENITH SHIPPING AO,,TW,,,entity
C002127,Pat Nowak,1996-05-21,DE,,,individual
C000270,Jamaal Zaidi,,SA,,,individual
C002617,Feng Wu,1952-08-28,CN,,,individual
C005302,Kuo-Chiang Hoo,1963-08-14,SG,,,individual
C000478,Jamie O Brien,1978,US,,,individual
C000188,"Shevchenko, Andrey",1957-04-09,UA,,,individual
C003244,Tao Zhu,,CN,,,individual
C002134,Chiang Kuo,1989-03-08,CN,,,individual
C002011,Yong Sun,,TW,,,individual
C000761,Jennifer O'Brien,1988-10-26,AU,,,individual
C003747,Feng Li,1958-12-25,SG,,,individual
C004851,Mikey Dubois,,MX,,,individual
C005039,Ping Luo,1967-04-17,TW,,,individual
C004593,Maggie Smithjones,1970-10-28,DE,,,individual
C003434,Liz Sørensen,,BR,,,individual
C003047,Ming Sun,,CN,,,individual
C001799,Ming Li,1997-08-16,TW,,,individual
C000640,Leila Elmasry,1957-02-07,YE,,,individual
C005365,Meiling Xu,1951-03-05,SG,,,individual
C003583,Suzy Kowalsky,1985-04-01,MX,,,individual
C004699,Peggy Kowalski,,MX,,,individual
C000955,Richard Lefevre,,GB,,,individual
C002393,Yen Wong,1953-09-06,TW,,,individual
C001204,Meridian Investments Public Joint Stock Company,,SY,,,entity
C002586,Dick Hernandez,1965-03-04,MX,,,individual
C003882,Hua Gao,1970-08-17,HK,,,individual
C000093,Kate Lefevre,1966-03-17,MX,,,individual
C002320,Johnny Fisher,,FR,,,individual
C003145,Tao Chou,1982-04-12,TW,,,individual
C003541,Lei Zhou,1975-03-24,TW,,,individual
C001060,The Summit Import Export Limited Liability Company,,BY,,,entity
C002760,Wei Chen,1991-10-05,CN,,,individual
C000779,Abu Layth,,BY,,,individual
C003572,Suzy Lefèvre,1994-12-16,AU,,,individual
C000155,Hassane ben Omar Mansur,,EG,,,individual
C002522,Rob Smith-Jones,1977-05-25,US,,,individual
C000933,Robert Schroeder,1964,US,,,individual
C000790,Yury Ivanov,1984,KZ,,,individual
C004058,Hua Gao,1968-06-03,TW,,,individual
C000161,Nikolay Aleksandrovich Smirnoff,1976-10-09,RU,,,individual
C001008,Hosein Rezaee,1970-04-25,AF,,,individual
C002444,Xander Sørensen,1999-03-11,BR,,,individual
C000885,Jen DaSilva,1954-01-08,US,,,individual
C002869,Catherine Kowalsky,1997-11-04,DE,,,individual
C004251,Wei Liu,1988-10-27,HK,,,individual
C002675,Xiaoming Liu,1952-11-05,CN,,,individual
C001731,Fung Mah,,CN,,,individual
C000123,Po Hsu,2000-04-18,SG,,,individual
C002261,Tony Fisher,1993-04-02,DE,,,individual
C004627,Xander A. Hernandez,1974-06-23,BR,,,individual
C004236,Zhi Qiang Kao,1981-11-13,CN,,,individual
C004869,Yusef Arrashid,,SY,,,individual
C001394,Al-Noor Investments Sociedad Anonima,,CN,,,entity
C004321,Xander J. Sorensen,1988-01-05,CA,,,individual
C005341,Hua Kuo,1981-02-09,CN,,,individual
C005656,Ted Dubois,1976-04-20,MX,,,individual
C000946,Abdurrahman al-Amin,1998,YE,,,individual
C001938,Chun Guo,,TW,,,individual
C000923,Guo Qiang Luo,1982,CN,,,individual
C001616,Vessel Kestrel Alpha,,IR,imo,IMO9242091,vessel
C003754,Xiao-Ming Li,1998-04-23,CN,,,individual
C000706,Irena Smirnova,1952-10-14,BY,,,individual
C002014,Eddie Du Bois,,MX,,,individual
C001139,"Euphrates Steel, LLC",,EG,,,entity
C004053,Pepe J. Lefevre,1993-04-12,BR,,,individual
C001893,Pepe M. Lefevre,1963-02-07,MX,,,individual
C001888,Billy Sorensen,1953-01-07,GB,,,individual
C000046,Chuck Du Bois,1957-06-07,US,,,individual
C001913,Lei Lin,1980-10-17,SG,,,individual
C001177,"Northern Lights Holdings, FZ-LLC",,BR,,,entity
C005363,Ping Zhou,,CN,,,individual
C001828,Pepe Larsen,1966-12-13,BR,,,individual
C002649,Elisabeth A. Sorensen,,AU,,,individual
C005233,Hsiao-Ming Huang,,CN,,,individual
C000312,Farhaad Rezai,1983-11-10,IR,,,individual
C005710,Jenny M. Hernandez,1966-11-25,MX,,,individual
C005166,Maggie M. Smith-Jones,1989-06-10,AU,,,individual
C002688,Hua Xu,1975-07-28,TW,,,individual
C004468,Yen Chow,1975-10-09,CN,,,individual
C004430,Rob Fischer,1969-01-26,US,,,individual
C001413,The Aral Engineering Company,,AE,,,entity
C002010,Tao Gao,1974-02-28,CN,,,individual
C005036,Mei-Ling Chu,,SG,,,individual
C000554,Abdallah Barkat,1958,SA,,,individual
C005774,Po Hoo,1964-02-23,CN,,,individual
C004417,Yong Zhu,1964-05-11,SG,,,individual
C002973,Mei-Ling Kuo,1983-05-04,HK,,,individual
C003479,Sue J. Lefevre,1985-10-09,AU,,,individual
C004217,Jun Yang,1971-09-06,TW,,,individual
C003354,Suzy J. Lefevre,1963-06-12,CA,,,individual
C001352,Kamchatka Shipping JSC,,KZ,,,entity
C000872,Yury Schewtschenko,1982-05-14,RU,,,individual
C000549,Mikey A.,1973,DE,passport,DE21635313,individual
C000069,Ling Hu,1951-08-16,TW,,,individual
C000528,Ping Zhang,1968-01-13,CN,,,individual
C005273,Tony M. Ferreira,,US,,,individual
C002163,Bill J. Lefevre,,CA,,,individual
C003318,José Hernández,1998-11-03,FR,,,individual
C003873,Feng Zhao,1979-05-26,TW,,,individual
C004864,Peggy Schroeder,1966-04-04,US,,,individual
C000832,Guo Qiang Tsai,1970-05-03,CN,,,individual
C001867,Tony Fisher,1982-05-17,GB,,,individual
C000927,Wei Sun,,SG,,,individual
C000694,Aleksandr Ivanovich Kuznetsov,,UA,,,individual
C005218,Zhi Qiang Zhu,1958-07-19,TW,,,individual
C003200,Xiaoming Hu,1982-10-08,CN,,,individual
C002575,Zhi Qiang Gao,1995-01-14,TW,,,individual
C001026,"Damavand Maritime, GmbH",,AU,,,entity
C002806,Ling Wu,1975-10-09,SG,,,individual
C001252,Zenith Technologies AO,,GB,,,entity
C003701,Alex Pedersen,1970-12-16,DE,,,individual
C002358,Hosseini Reza,1967-02-08,AF,,,individual
C000376,Alexander Petrov,1997-05,UA,,,individual
C005662,Elisabeth A. Dubois,1984-02-02,US,,,individual
C000057,Aly Shaheen,,IQ,,,individual
C005742,Jian Guo Ma,,TW,,,individual
C004812,Pat M. Mueller,,US,,,individual
C003799,Will J. Bianchi,,MX,,,individual
C001268,"Delta Trading, PJSC",,CA,,,entity
C001826,Hsiao-Ming Cai,1974-08-06,TW,,,individual
C003192,Dan Da Silva,1998-02-21,CA,,,individual
C005323,Yen Wang,1963-06-14,HK,,,individual
C001471,M/T Aurora One,,KM,,,vessel
C001591,Morning Glory III,,CM,,,vessel
C001147,Falcon Maritime Co,,TW,,,entity
C000690,Ibrahim al-Rashid,,SA,,,individual
C000607,Zhi Qiang Kuo,,TW,,,individual
C000621,Xiao Ming Lin,1964-08-13,CN,,,individual
C001254,Summit Textiles Co,,BY,,,entity
C003923,Bob Nowak,1967-05-27,AU,,,individual
C002734,Guo Qiang Yang,1967-06-03,CN,,,individual
C004801,Jen J. Smith-Jones,1969-08-05,US,,,individual
C003834,Chun Hwang,,CN,,,individual
C003682,Wei Gao,1962-06-14,SG,,,individual
C002215,Peggy Hernández,1961-01-23,DE,,,individual
C003514,Beth Schroder,,AU,,,individual
C001273,Delta Textiles AO,,US,,,entity
C000289,"Sokolova, Yelena",1987-02-23,RU,,,individual
C003866,Jim García,1971-09-22,AU,,,individual
C001347,Silk Road Holdings FZ-LLC,,US,,,entity
C003616,Drew Nowak,1964-12-22,DE,,,individual
C004974,Johnny Schmid,,BR,,,individual
C002283,Hua Chu,1951-07-22,CN,,,individual
C003172,Yung Zhao,,HK,,,individual
C001810,Pepe Da Silva,,DE,,,individual
C004115,Aly Qasem,1952-03-06,JO,,,individual
C000802,Yusuf bin Hassan al-Rashid,1964,IQ,,,individual
C002538,Petrov Jurij,,UA,,,individual
C004843,Kuo-Chiang Mah,1987-10-18,SG,,,individual
C002394,Jenny Nguyen,1994-10-06,GB,,,individual
C000501,Tony Smith-Jones,1965-07-02,CA,,,individual
C005247,Andy DaSilva,,GB,,,individual
C002266,Chuck Novak,1982-11-21,AU,,,individual
C001193,"Amber Engineering, Sociedad Anonima",,SY,,,entity
C004150,Guo Qiang Yang,1975-02-05,SG,,,individual
C000066,Sue M. Garcia,1962-10-10,SA,,,individual
C002412,Charlie M. Nowak,1955-12-08,MX,,,individual
C002268,Alex M. Garcia,1968-01-12,GB,,,individual
C004413,Andy Silva,1970-02-02,MX,,,individual
C005620,Charlie Garcia,1975-03-24,US,,,individual
C004546,Rida Hosseini,1996-11-01,IR,,,individual
C003806,Chuck O Brien,1986-04-08,US,,,individual
C005107,Rich Schmitt,1970-05-17,GB,,,individual
C005197,Chun Huang,1962-02-12,TW,,,individual
C002045,Umar Nasser,1993-03-06,EG,,,individual
C000055,Beth Hernandez,,US,,,individual
C004072,Jim Garcia,1952-07-03,GB,,,individual
C005766,Pepe Lefèvre,1973-02-23,AU,,,individual
C000064,Ameer Djafari,1960-04-05,IR,,,individual
C003517,Xiang Luo,1958-02-15,TW,,,individual
C003888,Tatyana Volkoffa,,BY,,,individual
C003917,Ming Lin,1986-11-06,CN,,,individual
C005021,Chien-Kuo Guo,,SG,,,individual
C000285,Sue Schmitt,1991,DE,,,individual
C001407,The Lotus Investments G.m.b.H.,,UA,,,entity
C004482,Rezaei Kaveh,,AF,,,individual
C001955,Wei Liu,1974-04-10,SG,,,individual
C003240,Bobby A. Schroeder,1973-09-11,BR,,,individual
C000291,Iurii Iwanow,1981-05-11,KZ,,,individual
C005823,Jian Guo Mah,1975-07-23,TW,,,individual
C000326,Hussien Elmasry,1968-03-01,SY,,,individual
C000861,Zhiqiang Zhu,1959-09-14,SG,,,individual
C004397,Sue Sorenson,1953-03-26,MX,,,individual
C000435,Mihail Nikolaevich Iakovlev,1960-06,RU,,,individual
C000068,Tao Guo,1996-01-07,SG,,,individual
C005293,Ping Sun,1950-06-06,SG,,,individual
C001981,Bo Zhao,1975-12-11,HK,,,individual
C003786,Tao Hu,,SG,,,individual
C004742,Hua Kwok,,CN,,,individual
C004023,Will Fisher,1971-04-15,FR,,,individual
C005552,Sue A. Larsen,1950-09-25,BR,,,individual
C002286,Rezaei Kaveh,1958-09-05,AF,,,individual
C004522,Yen Liu,1974-06-02,TW,,,individual
C004945,Pepe Hernandez,,FR,,,individual
C002763,Charlie Fisher,,FR,,,individual
C002778,Drew Hernández,1969-10-19,FR,,,individual
C001368,Ivory Coast Technologies PJSC,,IR,,,entity
C004192,Xander Garcia,1964-04-13,DE,,,individual
C004163,Jenny Smith Jones,,MX,,,individual
C001467,Vessel Wind Runner Alpha,,LR,imo,IMO9565975,vessel
C004771,Xiaojun Yang,1984-05-27,HK,,,individual
C005026,Danny M. Silva,1955-07-05,US,,,individual
C001516,Sapphire III,,RU,,,vessel
C003086,Bo Huang,1985-03-12,SG,,,individual
C001703,Ming Wang,,TW,,,individual
C002619,Yen Zhu,1976-01-07,SG,,,individual
C001951,Hsiang Lam,1974-05-03,CN,,,individual
C003263,Yung Chao,,TW,,,individual
C004069,Jian-Guo Ma,1952-01-14,CN,,,individual
C004504,Johnny Nguyễn,1956-03-18,GB,,,individual
C002828,Sue Sorensen,1964-01-28,FR,,,individual
C005529,José J. Schroeder,,CA,,,individual
C005675,Mahmoud Farsi,,SA,,,individual
C004385,Jamaal bin Khalid Qasim,1971-08-09,EG,,,individual
C005202,Rida Hoseini,1964-07-28,AF,,,individual
C000521,Mohamed Farsi,2000-12-22,YE,,,individual
C004390,Wei Hwang,1986-08-03,TW,,,individual
C004962,Trish Fischer,1966-01-09,MX,,,individual
C000092,Dmitriy Aleksandrovich Tkatchenko,,BY,,,individual
C003740,Hosseini Reza,1957-01-02,AF,,,individual
C005137,Suzy Larson,1970-05-20,MX,,,individual
C002503,Mei-Ling Woo,1975-11-26,SG,,,individual
C005074,Hua Guo,1984-07-07,TW,,,individual
C003864,Chien-Kuo Mah,1990-10-16,HK,,,individual
C001649,Charlie Bianci,,DE,,,individual
C005630,Pat Novak,1975-03-18,BR,,,individual
C002449,Beth J. Nowak,,DE,,,individual
C002876,Jen Schroeder,,US,,,individual
C005239,Tao Gao,,TW,,,individual
C001995,Fung Li,1952-07-28,CN,,,individual
C005210,Ming Luo,1968-10-21,SG,,,individual
C001606,Marlin Spirit,,MH,,,vessel
C000377,Rida Ahmady,,IR,,,individual
C004056,Ming Luo,1999-08-18,SG,,,individual
C004305,Peggy Hernández,,FR,,,individual
C002749,Tony O Brien,1965-08-14,AU,,,individual
C002116,Xiao Ming Liou,1952-05-02,SG,,,individual
C003540,Jen J. Schroeder,1995-12-19,US,,,individual
C003515,Lei Lin,1964-01-19,SG,,,individual
C000415,Mei-Ling Chang,1950-05-02,JO,,,individual
C003037,Ling Wu,1964-06-09,TW,,,individual
C004644,Umar Nasser,1991-05-20,IQ,,,individual
C003048,Tao Zhu,1963-01-03,SG,,,individual
C004508,Xiao-Ming Hsu,,TW,,,individual
C002225,Pepe Hernandez,1969-11-03,DE,,,individual
C003841,Hsiang Gao,1953-05-13,HK,,,individual
C003369,"Kuznetsova, Irina",1970-01-20,BY,,,individual
C005133,Pepe J. Lefevre,,CA,,,individual
C005698,Jianguo Huang,,SG,,,individual
C002265,Mustapha Elsayed,1986-11-28,EG,,,individual
C005171,Ming Wong,1953-07-13,CN,,,individual
C004182,Elisabeth Nguyễn,,GB,,,individual
C003292,Kate Petersen,1986-10-25,AU,,,individual
C003202,Kuo-Chiang Ng,1972-06-04,SG,,,individual
C003228,Kate M. O'Brien,1981-09-02,GB,,,individual
C002892,Lei Chou,1988-04-20,TW,,,individual
C005485,Hua Chu,1992-03-28,HK,,,individual
C000191,Khaled M.,1986-04-19,SA,passport,SA63008532,individual
C002369,Sue A. Fischer,,US,,,individual
C001257,The Ural Construction Co.,,CN,,,entity
C003942,Feng Lin,1987-02-01,CN,,,individual
C005493,"Kuznetsova, Natasha",1988-10-27,BY,,,individual
C002314,Jim Smith-Jones,1973-03-24,US,,,individual
C001983,Wei Woo,,TW,,,individual
C001054,The Aral Petroleum Co,,CA,,,entity
C002146,Kuo-Chiang Xu,1993-11-14,HK,,,individual
C002423,Brahim Rashid,1974-03-02,IQ,,,individual
C003335,Hua Xu,1963-10-10,SG,,,individual
C001987,Kuo-Chiang Chou,1956-05-22,TW,,,individual
C005430,Jen Muller,1968-09-12,US,,,individual
C003874,Kuo-Chiang Hu,1996-03-07,SG,,,individual
C003807,Alex Sorenson,1972-08-01,BR,,,individual
C004545,Sue Fisher,1962-01-28,FR,,,individual
C001538,Vessel Storm Petrel Alpha,,KM,imo,IMO9823253,vessel
C003035,Tony Ferreyra,1980-08-08,AU,,,individual
C003196,Mike A. Andersen,1979-07-19,DE,,,individual
C000049,Mustapha Al Hashemi,1978-08-10,EG,,,individual
C004778,Po Guo,2000-08-08,TW,,,individual
C003464,Hsiao-Ming Gao,1963-08-06,TW,,,individual
C002226,Natasha Ivanovna Kuznetsova,,RU,,,individual
C004515,Guo Qiang Yang,1955-05-15,TW,,,individual
C004909,Peggy Kowalski,,FR,,,individual
C002186,Aly Qasim,,IQ,,,individual
C001389,Meridian Petroleum G.m.b.H.,,FR,,,entity
C004536,Ming Hu,1990-06-26,TW,,,individual
C004259,Po Huang,1993-09-11,SG,,,individual
C005632,Alexander Kuznetsov,1969-07-17,KZ,,,individual
C005780,Chien-Kuo Li,,TW,,,individual
C000050,Paul Schewtschenko,1957-06-27,BY,,,individual
C001865,Ling Ma,1984-03-22,CN,,,individual
C001919,Ming Luo,,TW,,,individual
C004768,Jon Nguyễn,,GB,,,individual
C004240,"Kuznetsova, Irena",1954-04-21,RU,,,individual
C001922,Johnny Nguyen,,FR,,,individual
C002243,Bob J. Nowak,1996-01-17,GB,,,individual
C001965,Yury Petrow,1977-12-24,BY,,,individual
C002638,Jenny J. Nguyen,1970-05-25,DE,,,individual
C002170,Tony A. Sorensen,,FR,,,individual
C000601,Kate Muller,,US,,,individual
C002347,Feng Lin,1994-10-27,HK,,,individual
C004542,Mahmud Al Farsi,1970-11-05,LB,,,individual
C001276,EMERALD BAY STEEL Free Zone Establishment,,KZ,,,entity
C002645,Suzy M. Sorensen,1953-04-08,MX,,,individual
C005506,Chiang Lam,1979-06-27,CN,,,individual
C003770,Guo Qiang Zhou,,HK,,,individual
C003691,Iurii Nikolaevich Petroff,1955-07-08,BY,,,individual
C005685,Chun Yeung,,SG,,,individual
C002072,Mike A. Dubois,1966-10-01,BR,,,individual
C004375,Jenny Pedersen,1987-09-07,GB,,,individual
C003484,Jen Kowalski,1982-09-15,BR,,,individual
C002176,Elisabeth M. Nowak,,US,,,individual
C002473,Tom M. Larsen,1955-03-13,FR,,,individual
C001465,Star of Aden II,,CM,,,vessel
C003526,Nataliya Petrovna Kuznetsoffa,1958-06-10,KZ,,,individual
C002882,Bobby J. Petersen,1959-03-23,US,,,individual
C001825,Chiang Mah,1977-04-12,CN,,,individual
C003264,Ping Zhu,1990-04-20,HK,,,individual
C001749,Hua Yang,1962-04-02,SG,,,individual
C001943,Kave Rezaee,1960-08-24,IR,,,individual
C003283,Mike OBrien,1953-02-17,GB,,,individual
C003056,Jenny Muller,1972-10-28,FR,,,individual
C005072,Ted O'Brien,1959-06-12,AU,,,individual
C002753,Jun Guo,,HK,,,individual
C003284,Fung Lam,1956-02-19,HK,,,individual
C001281,Onyx Petroleum SA,,AE,,,entity
C002640,Yen Zhou,1954-09-13,CN,,,individual
C002273,Yung Yeung,1952-02-06,TW,,,individual
C002151,Ted Schmidt,,MX,,,individual
C004886,Pepe Du Bois,1953-02-13,MX,,,individual
C005152,Xiao Ming Hsu,1954-11-01,SG,,,individual
C001357,"Caspian Import Export, FZE",,UA,,,entity
C001014,Orion Construction OAO,,JO,,,entity
C001059,"Onyx Holdings, Sociedad Anonima",,RU,,,entity
C002827,Yen Wong,1995-06-26,HK,,,individual
C003254,Maggie M. Garcia,1971-07-19,US,,,individual
C004404,Hua Guo,1970-01-02,SG,,,individual
C005183,Tony M. Kowalski,,GB,,,individual
C003389,Yen Huang,1982-01-08,HK,,,individual
C003894,Pat A. Nowak,,DE,,,individual
C003949,Suzy Dubois,,DE,,,individual
C004534,Omer Nasser,1979-03-07,IQ,,,individual
C004191,Mei-Ling Chen,1979-04-26,SG,,,individual
C003840,Peggy J. Garcia,1997-05-26,BR,,,individual
C002041,Volkova Tatjana Nikolaevna,1971-07-06,KZ,,,individual
C004398,Danny A. Nowak,1997-04-11,US,,,individual
C002627,Kuo-Chiang Zhou,1966-06-13,CN,,,individual
C002456,Ed Nowak,1970-06-05,DE,,,individual
C004606,Pepe J. Lefevre,1950-03-18,FR,,,individual
C005751,Tommy Larson,,US,,,individual
C000108,Dmitry Kuznetsoff,1950-02-18,SA,,,individual
C002676,Liz A. Sorensen,1950-07-02,MX,,,individual
C002683,Bill Bianchi,1960-08-08,MX,,,individual
C004915,Tarik al-Farsi,1975-08-28,SA,,,individual
C000587,Ahmed Rashid,1965-02-17,SA,,,individual
C000268,Abu Salem,1972-09-07,HK,,,individual
C005814,Xiao Ming Li,,CN,,,individual
C002746,Alex Hernández,1985-11-26,US,,,individual
C004634,José M. Hernandez,,BR,,,individual
C002043,Xiao-Ming Hoo,1991-10-04,SG,,,individual
C001845,Kate Peterson,1993-02-20,US,,,individual
C001573,Vessel Golden Anchor Alpha,,MH,imo,IMO9832856,vessel
C004952,Alex A. Petersen,1987-06-04,AU,,,individual
C000507,Meryem K.,,IR,passport,IR41912349,individual
C005429,Elisabeth A. Nguyen,1972-05-01,DE,,,individual
C001356,Silk Road Pharma OAO,,CA,,,entity
C003975,Jamie Anderson,1964-07-13,US,,,individual
C003705,Xander M. Garcia,1966-05-18,FR,,,individual
C000115,Oualid bin Mustafa Zeidi,1967-07-12,AE,,,individual
C001145,Tigris Holdings G.m.b.H.,,CA,,,entity
C003290,Bob M. Schmidt,1985-05-01,US,,,individual
C004979,Kuznetsov Aleksandr Ivanovich,1988-09-13,BY,,,individual
C005582,Youssef Rashid,1991-04-13,JO,,,individual
C000156,Babac Sadeghi,,AF,,,individual
C002850,Hsiang Xu,1967-11-02,CN,,,individual
C000334,Yen Kwok,1957-02,TW,,,individual
C004322,Kathy O Brien,1960-05-25,MX,,,individual
C005108,Hosseini Rida,1989-12-18,IR,,,individual
C005212,Wei Chu,1960-06-02,TW,,,individual
C001432,Pacific Rim Holdings JSC,,KZ,,,entity
C000389,"Zaitsev, Mihail",,BY,,,individual
C004704,Yong Zhao,,CN,,,individual
C001327,Titan Aviation FZE,,BY,,,entity
C003462,Ping Sun,1984-11-23,TW,,,individual
C001325,Jade Dragon Industries,,BR,,,entity
C005038,Rezaei Kaveh,1975-03-15,IR,,,individual
C003155,Mikey J. Mueller,2000-11-02,MX,,,individual
C004670,Hsiao-Ming Li,1976-09-09,TW,,,individual
C005457,Xiao Jun Tchen,1962-08-12,TW,,,individual
C001185,Pacific Rim Group,,IQ,registration,REG-467760,entity
C005667,Danny Kowalski,,FR,,,individual
C002066,Jun Wang,1988-05-02,CN,,,individual
C000294,Drew Mueller,1968-02-14,DE,,,individual
C003164,Johnny Schroeder,1959-06-07,DE,,,individual
C004833,Jim Andersen,1981-05-27,US,,,individual
C002960,Hsiao-Chun Sun,1999-09-19,CN,,,individual
C005305,Feng Sun,1974-07-13,HK,,,individual
C002741,Tao Ma,1951-02-08,HK,,,individual
C005017,José J. Larsen,,AU,,,individual
C005084,Xiao-Ming Hsu,1950-08-23,SG,,,individual
C001504,M/V Amber Sky One,,PA,,,vessel
C001444,BALTIC ELECTRONICS Free Zone Establishment,,BY,,,entity
C002208,Jamie Garcia,,BR,,,individual
C000550,Tommy J. Smith-Jones,1959-11-24,AE,,,individual
C002798,Hsiao-Ming Hoo,1983-04-19,HK,,,individual
C003296,Tkachenko Olga,1973-10-04,BY,,,individual
C002511,Chiang Guo,1985-11-09,CN,,,individual
C004143,Youssef Hashimi,1979-10-13,LB,,,individual
C003154,Rob Schmitt,1995-12-08,MX,,,individual
C000422,Youssef Farsi,1986-08-24,SY,,,individual
C004227,Ling Chao,1964-04-11,HK,,,individual
C002078,Fung Suen,1979-05-13,TW,,,individual
C004803,Ling Lin,2000-11-20,HK,,,individual
C004204,Tony M. Kowalski,,BR,,,individual
C000555,Swetlana Smirnoffa,1980-09-18,KZ,,,individual
C002085,Will Lefèvre,1980-10-23,CA,,,individual
C004923,Trish J. Sorensen,1986-01-14,US,,,individual
C005451,Bobby A. Schroeder,1966-03-08,GB,,,individual
C002359,Mostafa Sayed,1978-10-28,YE,,,individual
C003500,Trish Sørensen,1976-11-05,DE,,,individual
C005314,Kuznetsova Irena,1962-04-06,KZ,,,individual
C001688,Jian Guo Lee,1981-03-05,CN,,,individual
C000425,Petrov Andrej,1952-11-07,JO,,,individual
C000734,Serguei Sergeyevich Iwanow,1976,KZ,,,individual
C002001,Tony Schröder,1952-11-10,FR,,,individual
C003496,Dick O'Brien,1959-08-09,FR,,,individual
C000351,"Sokolova, Svitlana",,BY,,,individual
C000518,Ling Lee,1994-10-09,MX,,,individual
C002032,Fung Hwang,1999-11-14,CN,,,individual
C002681,Kuo-Chiang Lee,,SG,,,individual
C000391,Ping Hoo,1975-01-28,SG,,,individual
C000614,Abdellah Hashemi,1965-09-01,IQ,,,individual
C001429,Pacific Rim Group,,KZ,registration,REG-865544,entity
C004576,Olha Ivanovna Tkachenko,1991-02-11,BY,,,individual
C000267,Mohamad M.,1955-05-09,LB,passport,LB68811091,individual
C003780,Wei Hwang,,SG,,,individual
C003612,Yan Wang,1954-08-17,CN,,,individual
C001751,Tony J. Sorensen,1970-06-16,DE,,,individual
C003621,Xiao-Ming Huang,,CN,,,individual
C003642,Wei Yang,1955-07-27,SG,,,individual
C004425,Po Lo,1998-10-11,HK,,,individual
C003506,"Volkova, Tatyana",,KZ,,,individual
C003498,Tao Yang,1973-04-23,CN,,,individual
C002403,Kuo-Chiang Li,1998-08-25,SG,,,individual
C000183,Serguei Tkachenko,1974-03-25,BY,,,individual
C000148,Leyla Haddade,,YE,,,individual
C005418,Lei Chow,1992-01-24,SG,,,individual
C004456,Jim Ferreyra,1956-09-20,BR,,,individual
C000975,Richard Lefevre,,US,,,individual
C004027,Ping Zhou,1954-10-04,SG,,,individual
C000577,Big Mo,1969-04-16,DE,,,individual
C001947,Alex Petersen,1954-12-22,MX,,,individual
C005104,Trish Müller,2000-12-17,FR,,,individual
C004310,Jamie A. Garcia,,DE,,,individual
C000914,Yan Liu,,SG,,,individual
C005644,Sue J. Dubois,1995-03-13,GB,,,individual
C002013,Tariq Omar Farsi,,IQ,,,individual
C003122,Dan Kowalski,1970-03-27,AU,,,individual
C002544,Chun Kwok,1958-07-19,CN,,,individual
C000392,Mahmood Rashid,1978-05-05,YE,,,individual
C003929,Kuznetsova Natasha,,UA,,,individual
C000083,Dick Petersen,,CA,,,individual
C002560,Ming Sun,1999-02-19,HK,,,individual
C002950,Hsiao-Ming Tsai,,CN,,,individual
C002294,Bobby M. Garcia,1969-01-01,BR,,,individual
C002420,Hsiao-Ming Hoo,1959-02-10,HK,,,individual
C005150,Ping Zhao,,CN,,,individual
C005204,Beth Bianci,1998-11-21,CA,,,individual
C000329,Aicha Kassem,1972-08-06,JO,,,individual
C000149,Tareq Rashid,1998-04-16,EG,,,individual
C002921,Jenny Kowalski,1952-11-06,MX,,,individual
C002911,Ping Lo,1975-02-09,TW,,,individual
C001266,Crystal Minerals AO,,GB,,,entity
C003386,Peggy Nguyễn,1978-11-05,GB,,,individual
C005083,Maggie Schmidt,1985-07-11,FR,,,individual
C005032,Lei Chow,1972-02-09,SG,,,individual
C003715,Billy Ferreyra,1966-09-10,DE,,,individual
C001786,Ping Suen,1972-02-18,CN,,,individual
C002495,Lei Zhao,,HK,,,individual
C005617,Kuo-Chiang Hu,1972-03-23,HK,,,individual
C004986,Catherine J. Larsen,,US,,,individual
C002457,Ed Novak,1992-10-03,GB,,,individual
C003407,Dan J. Garcia,1956-04-23,US,,,individual
C000757,The Engineer,,IQ,,,individual
C000871,Ling Ma,1975-10-08,CN,,,individual
C005182,Yan Huang,1977-11-18,TW,,,individual
C004231,Rich J. Nguyen,1950-02-17,BR,,,individual
C003214,Wei Yeung,1959-10-01,CN,,,individual
C002931,Andy Smithjones,1995-03-15,BR,,,individual
C001966,Beth Nguyễn,1962-11-15,MX,,,individual
C003651,Hsiao-Chun Wu,1982-01-27,SG,,,individual
C001870,Xiao Ming Tsai,1991-07-24,HK,,,individual
C003125,Hua Hsu,1963-02-09,TW,,,individual
C003492,Jun Huang,1956-09-12,CN,,,individual
C004366,Yan Wang,1982-02-14,SG,,,individual
C005189,Chun Lin,1984-04-13,SG,,,individual
C000258,Chih-Chiang Hsu,1975-09-19,GB,,,individual
C001308,Amber Trading,,TW,,,entity
C005178,Kate Kowalsky,,CA,,,individual
C000168,Will Kowalsky,1999-01-19,AU,,,individual
C001886,Tony J. Ferreira,1988-09-01,AU,,,individual
C004790,Chien-Kuo Choi,1980-05-24,CN,,,individual
C000557,Mike Smithjones,1994,DE,,,individual
C005190,Peggy Dubois,1982-04-02,AU,,,individual
C003065,Danny A. Nowak,,MX,,,individual
C001091,Kamchatka Minerals Limited,,HK,,,entity
C001396,Red Sea Group,,CN,registration,REG-245552,entity
C003486,Wei Chen,1979-04-14,SG,,,individual
C003956,Yan Zhu,1961-12-24,TW,,,individual
C005088,Yan Huang,1988-08-06,TW,,,individual
C004347,Jamie Smith Jones,1981-06-15,BR,,,individual
C000196,Kate Andersson,1986-01-15,MX,,,individual
C001592,MT Caspian Moon II,,RU,,,vessel
C000686,Abdellah Farsi,1977-05-02,SA,,,individual
C001290,Jade Dragon Trading PJSC,,CN,,,entity
C001069,ZENITH ENGINEERING Free Zone Establishment,,EG,,,entity
C001437,The Harbor Point Construction Co,,YE,,,entity
C001267,"Silk Road Shipping, Joint Stock Company",,EG,,,entity
C002244,Billy Andersen,1981-01-19,DE,,,individual
C001697,Wei Yang,,SG,,,individual
C002854,Fung Mah,1988-02-23,TW,,,individual
C004442,Ming Zhou,1965-02-21,CN,,,individual
C002609,Wei Ma,1982-08-17,HK,,,individual
C005384,Peggy J. Schmidt,1973-12-14,MX,,,individual
C005556,Mike J. Petersen,,MX,,,individual
C004914,Pepe A. Schroeder,1950-03-16,MX,,,individual
C003862,Tao Huang,,TW,,,individual
C005684,Ming Wu,,CN,,,individual
C001961,Lei Ma,1967-01-03,HK,,,individual
C005339,Yen Tsai,1999-08-10,CN,,,individual
C000480,Rezaei Ehsaan,,AF,,,individual
C000879,Susan Sorensen,1979,FR,,,individual
C002352,Charlie M. O'Brien,,US,,,individual
C000951,Muhamad al-Farsi,2003,YE,,,individual
C003589,Jian Guo Li,,CN,,,individual
C004360,Jenny Nguyễn,,BR,,,individual
C004811,Mikey A. Dubois,1971-09-06,US,,,individual
C000931,Olga Tkachenko,1953-05-10,KZ,,,individual
C000699,Ming Hu,,HK,,,individual
C003639,Ming Lo,1950-12-19,CN,,,individual
C002351,Ping Chao,,HK,,,individual
C000547,Po Chan,1984-03-27,CN,,,individual
C002663,Wei Wu,2000-03-05,HK,,,individual
C000707,Aleksandr Sergeyevich Kuznetsov,,UA,,,individual
C005255,Rich DaSilva,1961-06-06,GB,,,individual
C001935,Bobby J. Nowak,1955-10-24,DE,,,individual
C003580,Chiang Mah,1963-12-23,CN,,,individual
C002152,Fung Lin,1967-10-09,TW,,,individual
C001333,Sinai Group,,BR,registration,REG-108095,entity
C003341,Danny A. Fischer,1980-04-06,CA,,,individual
C003679,Yousuf Rashid,1990-10-27,SA,,,individual
C002700,Ming Lin,1990-03-06,CN,,,individual
C000717,Yusuf al-Hashimi,1998,SA,,,individual
C001547,Vessel Blue Whale Alpha,,KM,imo,IMO9523543,vessel
C005805,Peggy Du Bois,1972-09-16,DE,,,individual
C001611,Vessel Sea Lion Alpha,,KM,imo,IMO9174774,vessel
C000026,Jamaal Amin,,DE,,,individual
C003421,Xiao-Ming Liu,1960-07-28,SG,,,individual
C005803,Bobby M. Schmidt,,FR,,,individual
C001500,Atlantic Hope One Spirit,,LR,,,vessel
C001307,Atlas Group,,SY,registration,REG-269887,entity
C004871,Bobby M. Schmidt,,AU,,,individual
C003007,Drew Hernández,1959-09-07,MX,,,individual
C001417,Phoenix Steel JSC,,CN,,,entity
C001833,Beth Peterson,,DE,,,individual
C002958,Peggy M. Nguyen,1979-09-17,CA,,,individual
C003339,Jenny Muller,1972-12-08,FR,,,individual
C003567,Dick OBrien,,FR,,,individual
C004633,Peggy Garcia,1989-12-28,DE,,,individual
C003059,Johnny Nguyen,1981-12-02,CA,,,individual
C004816,Sue M. Ferreira,,BR,,,individual
C003014,Pat M. Fischer,1956-06-18,CA,,,individual
C000786,Billy Nguyễn,1986-05-24,FR,,,individual
C004591,Chuck A. Garcia,1986-02-13,BR,,,individual
C001908,Suzy Kowalsky,,DE,,,individual
C000541,Ahmet Saleh,1987-12-21,AE,,,individual
C003833,Tao Gao,1984-09-26,TW,,,individual
C005424,Ling Chao,1970-07-11,HK,,,individual
C004526,Hsiang Xu,1988-05-22,CN,,,individual
C001455,Emerald Bay Engineering Ltd.,,GB,,,entity
C004111,Dick O'Brien,1965-10-01,FR,,,individual
C002902,Bill M. Hernandez,1965-03-16,US,,,individual
C002223,Catherine A. O'Brien,1990-07-14,AU,,,individual
C001265,The Delta Investments PJSC,,FR,,,entity
C002374,Hua Guo,1958-11-18,HK,,,individual
C005055,Suzy Fisher,1961-01-28,AU,,,individual
C001099,Atlas Group,,AF,registration,REG-797705,entity
C000427,Andriy Zaytsev,,UA,,,individual
C004937,Gamal Qassem,1976-04-15,AE,,,individual
C002977,Xiang Hu,,TW,,,individual
C002836,Jenny Schröder,1971-06-08,FR,,,individual
C004992,Billy Sorensen,1964-06-08,BR,,,individual
C004344,Jenny M. Smith-Jones,1982-11-15,MX,,,individual
C001898,José Smith Jones,1955-04-17,CA,,,individual
C002147,Hua Xu,,CN,,,individual
C002569,Hsiang Xu,1972-12-22,SG,,,individual
C004518,Wei Gao,,TW,,,individual
C001418,Ivory Coast Group,,AE,registration,REG-692197,entity
C003231,Ping Sun,1964-08-22,TW,,,individual
C001544,M/V Marlin II,,KM,,,vessel
C005714,Liz Novak,1984-12-16,BR,,,individual
C002951,Hosseini Rida,1983-11-26,AF,,,individual
C002339,Johnny Schroder,,US,,,individual
C003217,Jamie M. Smith-Jones,,DE,,,individual
C002466,Feng Sun,1965-07-04,TW,,,individual
C001801,Charlie Bianci,1973-10-20,CA,,,individual
C002296,Ping Chen,1952-05-17,SG,,,individual
C005287,Hosseini Reza,,IR,,,individual
C004180,Pat A. Nowak,1982-05-10,FR,,,individual
C001439,Onyx Trading GmbH,,IR,,,entity
C005599,Yan Hu,1980-09-17,SG,,,individual
C004331,Jian-Guo Li,1951-01-22,TW,,,individual
C004177,Chiang Zhou,1986-07-02,TW,,,individual
C002678,Dick Lefèvre,1974-08-07,BR,,,individual
C001501,Vessel Lady Fortune Alpha,,IR,imo,IMO9833766,vessel
C000361,Ted K.,,FR,passport,FR50415978,individual
C000678,Hsiao-Chun Gao,1990,CN,,,individual
C001243,Delta Petroleum L.L.C.,,RU,,,entity
C002197,Elisabeth A. Sorensen,1958-10-24,FR,,,individual
C004274,Andy Nowak,2000-05-06,AU,,,individual
C004409,Yen Ma,1954-09-20,CN,,,individual
C005433,Yan Zhu,1990-11-24,CN,,,individual
C005690,Xiaojun Sun,,CN,,,individual
C005125,Po Lee,1995-12-07,TW,,,individual
C003481,Jamie A. Garcia,1995-03-13,AU,,,individual
C000556,Chiang Kao,,CN,,,individual
C002282,Wei Zhu,1950-10-17,HK,,,individual
C000307,Jon Da Silva,1954-07-22,GB,,,individual
C002947,Chun Wong,,HK,,,individual
C001818,Rick A. Hernandez,1985-03-04,FR,,,individual
C001420,Altai Import & Export AO,,YE,,,entity
C005702,Hua Xu,,SG,,,individual
C001399,Eastern Star Agro Public Joint Stock Company,,KZ,,,entity
C004662,Volkova Tatyana,,RU,,,individual
C003640,Jun Li,1988-11-19,SG,,,individual
C001495,MT Blue Whale Star,,RU,,,vessel
C000214,Chiang Huang,1971-01-13,CN,,,individual
C004544,Yong Zhu,1971-11-03,SG,,,individual
C004025,Tariq Farsi,1962-11-13,LB,,,individual
C003581,Ming Hu,1952-01-15,HK,,,individual
C002727,Chiang Ma,1986-09-16,SG,,,individual
C005015,Mei Ling Chan,1956-10-20,SG,,,individual
C002254,Jen Nguyễn,1997-08-19,FR,,,individual
C003146,Hsiang Zhou,,TW,,,individual
C000983,Ehsaan Hoseini,1984-11-22,AF,,,individual
C005115,Ted Novak,1974-12-18,AU,,,individual
C001925,Ming Cai,1955-06-12,CN,,,individual
C004605,Mikey Schroder,1979-08-07,BR,,,individual
C002362,Yen Huang,1988-10-20,HK,,,individual
C004403,Mei-Ling Woo,1950-06-07,SG,,,individual
C005575,Ping Luo,1958-04-18,HK,,,individual
C001152,Titan Technologies OAO,,KZ,,,entity
C005560,Mei Ling Zhu,1989-04-04,CN,,,individual
C005535,Umar Naser,1995-06-13,SY,,,individual
C000948,Said Salah,1951-11-15,YE,,,individual
C002021,Tony Kowalsky,1996-08-01,DE,,,individual
C002060,Irena Kuznetsoffa,1958-10-08,BY,,,individual
C005050,Jenny Schroeder,1983-01-06,FR,,,individual
C000785,Omer Zaydi,1981-07-25,YE,,,individual
C000081,Bobby J. Hernandez,1965-12-14,AU,,,individual
C002004,Jamie Smith-Jones,,BR,,,individual
C004622,Yan Liu,2000-07-14,HK,,,individual
C000209,Andriy Kozloff,1971-04-05,KZ,,,individual
C004432,Tony M. Sorensen,1970-03-18,AU,,,individual
C002494,Billy Andersson,,AU,,,individual
C004171,Bob Kowalski,1976-07-27,BR,,,individual
C002631,Dan Kowalsky,,GB,,,individual
C001448,BALTIC AVIATION JSC,,UA,,,entity
C002564,Yung Suen,2000-02-26,SG,,,individual
C000819,Ted Andersen,1983-10-05,AU,,,individual
C004597,Jim Smithjones,1964-05-02,CA,,,individual
C000922,Hua Guo,1990-01-01,TW,,,individual
C000932,James Andersen,,US,,,individual
C005525,Tony Sørensen,,CA,,,individual
C004551,Tony A. Nguyen,1998-07-04,DE,,,individual
C003860,Kave Rezaie,,IR,,,individual
C000991,Charlie Müller,1967-09-20,DE,,,individual
C003782,Bobby J. Garcia,,AU,,,individual
C001350,The Silk Road Investments Ltd,,SA,,,entity
C005180,Chiang Mah,1986-07-06,TW,,,individual
C001095,Northern Lights Construction Sociedad Anonima,,AF,,,entity
C005214,Ping Sun,1960-12-08,HK,,,individual
C004883,Jian-Guo Huang,1961-12-27,CN,,,individual
C003023,Jian Guo Li,1962-01-12,SG,,,individual
C002302,Xiang Sun,,TW,,,individual
C003077,Tony J. Sorensen,2000-11-17,US,,,individual
C004280,Xiao Jun Suen,1979-03-09,TW,,,individual
C004897,Yan Zhang,,CN,,,individual
C004506,"Kuznetsov, Alexandr",,KZ,,,individual
C004040,Chih-Chiang Gao,1963-01-19,SG,,,individual
C003261,Wei Ng,1985-01-24,SG,,,individual
C002519,Ted M. Schmidt,1990-03-13,AU,,,individual
C001436,The Ural Technologies GmbH,,GB,,,entity
C004265,Kate Larson,,US,,,individual
C004632,Yan Zhou,1963-01-08,TW,,,individual
C003508,Charlie Bianci,,FR,,,individual
C000430,Tareq Haddade,1989,AE,,,individual
C005438,Billy Bianci,1966-01-20,DE,,,individual
C003987,Jamaal Qasim,1968-06-07,AE,,,individual
C001282,Titan Holdings AO,,GB,,,entity
C000269,Sasha,1951-01-07,KZ,,,individual
C003330,Danny J. Mueller,,US,,,individual
C003468,Jenny Schroeder,,FR,,,individual
C002502,Xiang Lin,1992-11-28,HK,,,individual
C001520,Vessel Coral Queen Alpha,,IR,imo,IMO9060326,vessel
C004489,Natalya Kuznetsoffa,,RU,,,individual
C003064,Yong Zhu,1996-05-25,CN,,,individual
C004821,Jenny A. Schroeder,,US,,,individual
C002272,Trish Novak,1958-05-25,FR,,,individual
C000040,The Accountant,1957-03-16,JO,,,individual
C005126,Jenny M. Nguyen,1998-10-17,BR,,,individual
C000420,Jamie Schroder,,AU,,,individual
C005006,Jian Guo Wong,,HK,,,individual
C005456,Xiao-Ming Choi,1997-02-10,SG,,,individual
C005018,Mei-Ling Tchen,1968-09-22,CN,,,individual
C003061,Ping Luo,1963-05-01,HK,,,individual
C004922,Guo Qiang Hoo,1989-07-09,CN,,,individual
C002899,Xiao-Ming Hu,,TW,,,individual
C000880,Jamie Schroder,1990,AU,,,individual
C002395,Lei Ma,1975-09-21,CN,,,individual
C000152,Dick Schroder,1986-07,KZ,,,individual
C000038,Mihail Ivanovich Smirnoff,,UA,,,individual
C000857,Meryem Jafary,1976,AF,,,individual
C000338,Mei-Ling Gao,1970-04-21,EG,,,individual
C001300,Kamchatka Investments L.L.C.,,FR,,,entity
C004476,Wei Mah,1981-09-13,CN,,,individual
C002373,Pepe Du Bois,1985-02-08,DE,,,individual
C002643,Mike M. Mueller,1997-12-25,CA,,,individual
C003683,Tao Zhang,,TW,,,individual
C005002,Ping Luo,,HK,,,individual
C002460,Guoqiang Yang,1989-05-11,CN,,,individual
C000722,Yelena Kusnezowa,1956-05-24,UA,,,individual
C004336,Tariq Farsi,1959-12-05,YE,,,individual
C002175,Yan Zhao,1992-04-05,HK,,,individual
C003359,Yan Zhu,1978-05-10,HK,,,individual
C003307,Bob Smith Jones,1980-03-09,CA,,,individual
C003832,Wei Ma,1983-01-13,HK,,,individual
C003718,Zhiqiang Wu,1996-09-01,CN,,,individual
C000505,Chiang Hsu,1988-09-19,TW,,,individual
C003885,Danny Mueller,1997-07-06,DE,,,individual
C001322,EUPHRATES HOLDINGS JSC,,BY,,,entity
C000016,Mustapha Chahine,1977-05-15,SA,,,individual
C005610,Mikey A. Andersen,1976-09-05,GB,,,individual
C001652,Trish Sørensen,1960-09-01,CA,,,individual
C000627,Peggy Sorenson,1977-07-25,AU,,,individual
C002955,Yousef Yusuf Hashimi,1997-04-06,AE,,,individual
C005455,Ling Zhao,1954-03-23,HK,,,individual
C000997,Peggy Nowak,1975-06-02,DE,,,individual
C002260,Hsiang Lin,1998-11-01,SG,,,individual
C001960,Feng Zhao,,CN,,,individual
C002375,Xiao Jun Ma,1983-07-02,SG,,,individual
C001312,Euphrates Textiles G.m.b.H.,,AE,,,entity
C003371,Xiaojun Zhu,1955-01-20,SG,,,individual
C003945,Fung Zhao,,HK,,,individual
C003687,Pepe J. Schroeder,,DE,,,individual
C004031,Lei Lam,1984-08-01,TW,,,individual
C000941,Richard Nguyen,,FR,,,individual
C002974,Ping Zhu,,HK,,,individual
C005075,Hsiang Lam,1977-04-03,HK,,,individual
C005175,Alex Sorensen,1951-02-15,AU,,,individual
C003859,Chun Hwang,1985-11-17,SG,,,individual
C004228,Mikey A. Mueller,1992-11-14,AU,,,individual
C002571,Bo Luo,1954-10-09,HK,,,individual
C000579,Dick Sorensen,1973-02-24,HK,,,individual
C000284,Evgeni Sokoloff,1968,AU,,,individual
C001529,MT Marlin One,,RU,,,vessel
C002711,Lei Hu,1994-02-14,SG,,,individual
C005082,Hua Sun,1994-07-20,HK,,,individual
C001917,Ming Suen,1964-11-07,SG,,,individual
C004720,Jian-Guo Cai,1988-11-18,HK,,,individual
C000045,Hua Hwang,1973-09-22,EG,,,individual
C002527,Danny Petersen,1998-09-01,GB,,,individual
C005076,Mei Ling Woo,1962-07-18,SG,,,individual
C000355,Dmitry Petrovich Zaicev,1952,KZ,,,individual
C003418,Po Lin,1991-04-24,SG,,,individual
C004028,Mei-Ling Wu,,CN,,,individual
C004949,Meiling Chen,1952-05-25,CN,,,individual
C002970,Yan Liu,1991-08-01,HK,,,individual
C005458,Chih-Chiang Ng,1993-12-25,CN,,,individual
C003460,Bobby Smith-Jones,1997-01-28,DE,,,individual
C003764,Beth J. Nowak,1993-11-14,US,,,individual
C003708,Fung Sun,1959-05-06,TW,,,individual
C000545,Ihor A.,,KZ,passport,KZ73574128,individual
C003669,Tao Wang,1984-04-18,CN,,,individual
C002171,Jian Guo Guo,1959-10-19,TW,,,individual
C002524,Jamie Anderson,1971-11-17,MX,,,individual
C004046,Pepe M. Smith-Jones,1981-07-01,MX,,,individual
C004691,Jon Fisher,1972-08-01,BR,,,individual
C005011,Dan Peterson,,FR,,,individual
C000781,Guo Qiang Suen,1975-10-17,SG,,,individual
C004988,Yung Zhao,1990-03-08,SG,,,individual
C005409,Hua Wang,1974-05-08,CN,,,individual
C002270,Kuo-Chiang Zhou,1976-05-05,TW,,,individual
C001560,M/V Iron Duke III,,CM,,,vessel
C000450,Jian Guo Zhu,,SG,,,individual
C003884,Feng Lin,1954-03-16,TW,,,individual
C001848,Jun Guo,1954-07-27,CN,,,individual
C003238,Tao Zhu,1999-11-01,TW,,,individual
C000424,Pat Schroder,1986-02-21,MX,,,individual
C003838,Rick Schmitt,,GB,,,individual
C004386,Hua Guo,1997-01-05,CN,,,individual
C000453,Ahmet K.,,SY,passport,SY80798244,individual
C004872,Yusef Al Hashemi,1963-12-27,SY,,,individual
C004164,Hua Liou,,TW,,,individual
C005521,Aleksander Kuznetsoff,1991-02-11,UA,,,individual
C004719,Kate Kowalsky,1964-01-16,DE,,,individual
C003135,Xander A. Petersen,,DE,,,individual
C005754,Pepe J. Schmidt,,GB,,,individual
C003055,Johnny Fisher,,CA,,,individual
C001671,José Nguyen,1951-06-14,CA,,,individual
C005545,Tony Larson,,CA,,,individual
C003699,Ping Zhu,1987-06-14,CN,,,individual
C002506,Ling Xu,,TW,,,individual
C003403,Tony Kowalski,1971-07-20,CA,,,individual
C005608,Yen Ma,1959-02-22,TW,,,individual
C000815,Swetlana Petrowa,1970-01-05,BY,,,individual
C002006,Kathy A. Kowalski,1959-11-28,CA,,,individual
C004706,Fung Woo,1953-10-13,HK,,,individual
C001365,Caspian Investments G.m.b.H.,,CA,,,entity
C001832,Mustapha al-Sayed,1974-11-15,SA,,,individual
C001121,Meridian Engineering Public Joint Stock Company,,SY,,,entity
C003991,Hua Gao,,SG,,,individual
C001190,Altai Holdings Public Joint Stock Company,,CA,,,entity
C004496,Hsiang Hu,1991-02-24,TW,,,individual
C005482,Po Zhao,1970-07-25,TW,,,individual
C000651,Mohamed Elmasry,2000-01-28,AE,,,individual
C001851,Ling Hsu,,SG,,,individual
C004659,Lei Zhao,1975-05-07,TW,,,individual
C005753,Hua Xu,1993-04-12,HK,,,individual
C002402,Po Hu,1990-09-19,SG,,,individual
C003299,Dan M. Kowalski,1993-03-11,AU,,,individual
C001116,Falcon Industries Co,,IR,,,entity
C005051,Rick J. Nguyen,1978-11-03,DE,,,individual
C003223,Kuo-Chiang Yeung,1951-07-08,SG,,,individual
C002906,Mikey Muller,,DE,,,individual
C002498,Mei-Ling Kuo,1996-01-11,SG,,,individual
C002379,Chien-Kuo Gao,1954-07-26,TW,,,individual
C003163,Ping Zhao,,SG,,,individual
C003045,Hosseini Reza,1998-04-14,IR,,,individual
C004927,Yung Lee,1975-12-07,TW,,,individual
C000672,Al-Ustadh,,IQ,,,individual
C004352,Rick Hernández,1959-01-05,BR,,,individual
C003856,Chih-Chiang Gao,,HK,,,individual
C001669,Guoqiang Yang,1961-07-16,HK,,,individual
C004861,Hsiang Suen,1976-03-09,SG,,,individual
C001229,Sinai Group,,BR,registration,REG-760917,entity
C005564,Hsiang Zhou,1967-04-01,CN,,,individual
C000103,Ameer Hosseini,1959-09-11,IR,,,individual
C003387,Feng Gao,1980-03-27,CN,,,individual
C004082,Yan Gao,,CN,,,individual
C002322,Wei Hwang,1989-08-04,HK,,,individual
C000012,Omer ibn Abdul Rahman El-Masri,,YE,,,individual
C005428,Rob A. Dubois,1951-02-21,GB,,,individual
C003226,Chien-Kuo Wu,1954-06-09,TW,,,individual
C002968,Pat Fisher,1994-02-02,AU,,,individual
C001043,Meridian Shipping Sociedad Anonima,,DE,,,entity
C003049,Hsiang Hu,1974-08-24,CN,,,individual
C003337,Danny Peterson,1987-05-18,DE,,,individual
C003681,Mike Petersen,1985-07-28,FR,,,individual
C003868,Ming Hoo,1958-06-05,TW,,,individual
C001808,Ming Wang,,CN,,,individual
C000486,Rezaei Reza,1999-06-27,CN,,,individual
C005258,Wei Wu,,SG,,,individual
C005113,Tao Wang,1968-07-14,TW,,,individual
C002349,Maggie Nguyễn,1980-08-08,CA,,,individual
C000398,Abd al-Rahman Zeidi,1993-09-13,SA,,,individual
C002363,Alex Schroeder,1999-01-03,MX,,,individual
C001132,The Blue Horizon Steel PJSC,,BY,,,entity
C000673,Lei Hsu,1953-06-18,HK,,,individual
C001012,Baltic Minerals Co,,LB,,,entity
C003409,Yong Sun,1972-09-22,CN,,,individual
C004510,Guo Qiang Ng,1968-07-18,SG,,,individual
C000567,Tommy Schmid,,IQ,,,individual
C005141,Hua Liu,1958-09-09,TW,,,individual
C002581,Mikey Hernandez,1999-05-07,AU,,,individual
C005492,Wei Hu,1967-12-19,TW,,,individual
C004235,Olha Tkatchenko,1969-04-17,KZ,,,individual
C003565,Fung Suen,1974-07-22,CN,,,individual
C003825,Jamie Smithjones,1950-07-23,MX,,,individual
C000522,Yan Xu,1983-01-10,HK,,,individual
C002845,Jim Ferreyra,,CA,,,individual
C003555,Lei Chao,1986-07-20,CN,,,individual
C003760,Elisabeth O Brien,1974-08-11,CA,,,individual
C005310,Hua Hu,1974-04-17,CN,,,individual
C004441,Ming Wu,1965-06-18,TW,,,individual
C000814,Alee Salah,1988-09-25,IQ,,,individual
C004731,Abdulrahman Shahin,1966-02-09,YE,,,individual
C005554,Hua Xu,1991-10-11,SG,,,individual
C001102,The Meridian Chemicals Co.,,HK,,,entity
C005146,Chih-Chiang Kao,,CN,,,individual
C002419,Kate J. Larsen,1988-06-03,MX,,,individual
C004736,Xiao Ming Gao,1988-11-03,CN,,,individual
C000140,Abd Allah Chahine,1993,JO,,,individual
C001402,ATLAS CHEMICALS JSC,,DE,,,entity
C001366,"Tigris Engineering, Joint Stock Company",,UA,,,entity
C003031,Dan Petersen,1967-01-14,AU,,,individual
C002648,Mahmood Farsi,1989-02-13,JO,,,individual
C005270,Tao Chang,1952-08-13,CN,,,individual
C001289,Blue Horizon Chemicals Limited Liability Company,,SY,,,entity
C000916,Jianguo Zhao,,TW,,,individual
C003404,Pat Andersen,1989-03-13,AU,,,individual
C000041,"Shevchenko, Swetlana",1980-05-14,BY,,,individual
C004564,Wei Yang,,TW,,,individual
C001135,Tigris Chemicals Free Zone Establishment,,EG,,,entity
C005404,Hsiang Kao,1984-01-11,SG,,,individual
C002832,Feng Gao,,HK,,,individual
C005022,Mikey Schroder,1982-01-08,AU,,,individual
C005595,Pepe Larson,1972-11-28,FR,,,individual
C003334,Wei Liu,,TW,,,individual
C004741,Ping Choi,1985-11-24,HK,,,individual
C002583,Alee Qasim,1966-08-12,JO,,,individual
C003129,Ping Tchen,1969-09-03,TW,,,individual
C001627,M/T Albatross,,LR,,,vessel
C004686,Moustafa Sayed,1998-09-09,YE,,,individual
C000600,Hsiang Kuo,1974-07-11,TW,,,individual
C000227,Abdul Rahman Farsi,,JO,,,individual
C000773,Paul Ivanov,1967,UA,,,individual
C003638,Xiang Luo,1955-01-05,HK,,,individual
C000388,Achmed El-Masri,1960-03-22,EG,,,individual
C003058,Xiao-Ming Liou,,TW,,,individual
C002982,Mei Ling Wu,1983-03-20,SG,,,individual
C000339,Wladimir Fedoroff,1983,BY,,,individual
C002192,Xiaojun Zhou,1959-08-07,CN,,,individual
C003601,Andy Smithjones,1989-09-27,FR,,,individual
C001990,Tony Nguyễn,,US,,,individual
C002880,Hua Kwok,1965-08-02,SG,,,individual
C000481,Chien-Kuo Xu,1976-04-23,HK,,,individual
C002604,Peggy M. Schroeder,1997-11-13,BR,,,individual
C001864,Wei Yeung,,SG,,,individual
C001948,Ling Lam,1964-11-05,SG,,,individual
C003676,Chun Guo,1985-10-14,CN,,,individual
C000220,Fatma Mansur,1975,AE,,,individual
C000239,Brahim Hashimi,1991-05-16,SY,,,individual
C005052,Tony J. Ferreira,1980-10-13,MX,,,individual
C005294,Tao Zhou,1994-09-21,CN,,,individual
C003881,Aly Kassem,1984-04-14,IQ,,,individual
C003645,Fung Lam,1952-01-26,TW,,,individual
C003002,Danny Muller,,DE,,,individual
C000497,Po Gao,1992,TW,,,individual
C004968,Hosseini Reza,1951-02-13,AF,,,individual
C002801,Mikey J. Schroeder,1968-12-14,AU,,,individual
C004439,Lei Chow,1989-09-25,CN,,,individual
C003275,Bo Guo,1953-12-08,CN,,,individual
C001587,M/V Coral Queen,,RU,,,vessel
C000399,Ling Suen,1966-02-01,SG,,,individual
C004186,Rida Hosseiny,1968-11-25,AF,,,individual
C000144,Jamaal Haddad,1979-03-11,LB,,,individual
C000913,Danny Bianci,2000,DE,,,individual
C005716,Beth Novak,,AU,,,individual
C003606,Tao Chu,1984-08-21,SG,,,individual
C000899,Alexander Sorensen,,BR,,,individual
C001767,Chiang Chow,1967-08-20,CN,,,individual
C004955,Ming Lin,1982-10-10,CN,,,individual
C001150,Zagros Technologies Co.,,SY,,,entity
C004431,Beth Nguyễn,1969-05-21,CA,,,individual
C002388,Hosseini Rida,1999-04-13,AF,,,individual
C003377,Bo Hu,1973-07-16,CN,,,individual
C004466,Hua Zhu,,TW,,,individual
C005362,Yan Wang,1985-05-10,TW,,,individual
C005174,Mei Ling Zhu,1992-03-04,HK,,,individual
C003017,Ping Cai,,CN,,,individual
C001225,Aral Investments Co.,,LB,,,entity
C003343,José Du Bois,1957-04-06,FR,,,individual
C003109,José M. Dubois,1967-07-19,FR,,,individual
C000491,Yung Lau,1998,DE,,,individual
C003855,Chun Wong,1978-12-25,CN,,,individual
C001590,MV Wind Runner One,,RU,,,vessel
C001718,Ling Xu,,SG,,,individual
C003607,"Kuznetsova, Irina",1973-07-16,KZ,,,individual
C005103,Sue Sorenson,1950-03-17,MX,,,individual
C001114,Amber Pharma,,MX,,,entity
C000100,Ling Yeung,1999-04-26,TW,,,individual
C004197,Xiao-Ming Gao,,HK,,,individual
C001424,The Euphrates Chemicals Joint Stock Company,,UA,,,entity
C005101,Hua Wang,1958-03-08,CN,,,individual
C000201,Rick Larson,1988-06-27,MX,,,individual
C000325,Tao Choi,1977-11,GB,,,individual
C000210,Hasan al-Rashid,1969-06-28,AF,,,individual
C000956,Elizabeth Sorensen,1997,US,,,individual
C003478,José J. Smith-Jones,,GB,,,individual
C004754,José A. Dubois,1997-09-20,CA,,,individual
C002455,Dan A. Garcia,1965-01-20,US,,,individual
C000981,Al-Ustadh,,SG,,,individual
C003725,Bobby Ferreyra,1982-03-12,FR,,,individual
C004059,Mikey M. Dubois,1968-05-28,MX,,,individual
C002895,Yen Kao,1984-07-12,HK,,,individual
C002188,Omar Nasser,1992-06-02,SY,,,individual
C000962,Sasha,,RU,,,individual
C000626,Jawad Muradi,1993-09-15,AF,,,individual
C004190,Maggie Schmid,,GB,,,individual
C001441,Phoenix Technologies LLC,,GB,,,entity
C003879,Yen Zhao,1952-10-15,TW,,,individual
C001533,Sun Dancer III Spirit,,RU,,,vessel
C005462,Tao Hu,1980-10-15,SG,,,individual
C003470,Danny M. Silva,1987-04-22,AU,,,individual
C000695,Serguei Zaitsev,1960-12-25,UA,,,individual
C000234,Hasan Kasim,,SA,,,individual
C004415,Fung Lam,1984-01-27,HK,,,individual
C004712,Wei Hu,1974-01-28,HK,,,individual
C001002,Yelena Petrovna Fedoroffa,1985-06-12,UA,,,individual
C003648,Hua Xu,1998-01-21,CN,,,individual
C004728,Tao Chang,1955-09-23,SG,,,individual
C001066,Crystal Logistics Free Zone Establishment,,JO,,,entity
C003710,Hua Xu,1979-10-06,TW,,,individual
C000873,William Andersen,,CA,,,individual
C001507,MV Star of Aden One,,LR,,,vessel
C001362,Summit Pharma FZE,,IQ,,,entity
C003078,Sue Du Bois,1951-10-05,BR,,,individual
C000410,Tareq K.,,SA,passport,SA57366756,individual
C002090,Hosseini Rida,1996-05-13,IR,,,individual
C003327,Xiao-Ming Tsai,1971-05-25,CN,,,individual
C004653,Yan Hu,1998-11-02,HK,,,individual
C000509,Xander Novak,,BR,,,individual
C003664,Tony Petersen,1950-08-26,DE,,,individual
C005353,Tao Wang,1964-04-08,SG,,,individual
C001468,MV Sapphire II,,MH,,,vessel
C004142,Po Hwang,1993-02-19,TW,,,individual
C000411,Ihor Wolkow,,IR,,,individual
C002441,Lei Hu,1995-03-10,TW,,,individual
C002835,Hua Lin,1956-03-18,TW,,,individual
C000992,Elizabeth Mueller,1950-01-01,BR,,,individual
C004394,Bob Pedersen,1977-05-07,US,,,individual
C000017,Andrej Sokoloff,1988,BY,,,individual
C004815,Bobby J. Schroeder,,DE,,,individual
C005317,Will A. Hernandez,1950-11-18,DE,,,individual
C001509,Blue Whale Spirit,,MH,,,vessel
C002384,Yusuf Hassan Hashimi,1977-03-15,LB,,,individual
C005569,Chiang Kwok,1985-03-18,CN,,,individual
C003776,Ming Wu,1962-01-28,SG,,,individual
C003423,Ed Novak,1952-11-07,US,,,individual
C001198,Silk Road Logistics Sociedad Anonima,,MX,,,entity
C004860,Tony M. Kowalski,1990-11-20,GB,,,individual
C000511,Ling Kwok,1954-01-12,CN,,,individual
C002340,Hosseini Rida,1978-07-20,IR,,,individual
C001716,Rida Hoseini,1976-07-23,AF,,,individual
C005335,Billy Schroeder,1986-05-27,BR,,,individual
C003772,Beth A. Schroeder,,MX,,,individual
C000500,Danny Smith-Jones,1961,GB,,,individual
C000463,Xiao-Ming Chen,1963-06-23,TW,,,individual
C004049,Yung Yeung,1956-03-10,HK,,,individual
C002957,Danny Pedersen,1990-08-22,MX,,,individual
C004381,Will J. Ferreira,1973-12-28,GB,,,individual
C004643,Bobby Schroeder,1958-02-14,DE,,,individual
C001259,Baltic Engineering PJSC,,IR,,,entity
C002939,Lei Chao,1977-02-16,SG,,,individual
C000176,Pepe Novak,1959-04,MX,,,individual
C004806,Charlie Novak,1968-04-18,FR,,,individual
C003850,Hsiao-Chun Yeung,1982-04-04,CN,,,individual
C004794,Kathy Petersen,1976-10-24,MX,,,individual
C000798,Hsiang Lee,1964-03-10,SG,,,individual
C001274,Sahara Textiles PJSC,,AF,,,entity
C004096,Beth Du Bois,1955-11-25,AU,,,individual
C000711,Andrej Smirnov,1983-12-16,UA,,,individual
C001562,Golden Wave II,,CM,,,vessel
C003943,Jen O'Brien,,US,,,individual
C001809,Ming Hu,1985-07-10,HK,,,individual
C001117,Meridian Aviation,,AU,,,entity
C003808,Andy A. Hernandez,1965-10-26,AU,,,individual
C001914,Tony A. O'Brien,1995-07-17,CA,,,individual
C003759,Tao Zhu,,SG,,,individual
C002826,Maggie Schroeder,1972-07-19,MX,,,individual
C002861,Trish Muller,1968-06-07,FR,,,individual
C003447,Xiaoming Hu,1950-11-17,TW,,,individual
C005340,Liz J. Schroeder,,AU,,,individual
C004318,Maggie Schroeder,1969-03-06,US,,,individual
C004550,Elisabeth A. Sorensen,1991-10-07,MX,,,individual
C001636,Wei Liou,,SG,,,individual
C004275,Bob A. Kowalski,1962-08-16,AU,,,individual
C004369,Chien-Kuo Chen,1993-01-05,CN,,,individual
C001408,Ural Aviation FZ-LLC,,IR,,,entity
C002966,Sue Lefèvre,,US,,,individual
C005338,Dick Nguyen,1996-07-13,AU,,,individual
C003236,Ping Zhao,1975-10-22,TW,,,individual
C001035,Summit Steel PJSC,,KZ,,,entity
C001348,Falcon Industries Public Joint Stock Company,,UA,,,entity
C000837,Michail Ivanoff,1991-04-04,RU,,,individual
C002981,Hua Gao,1954-12-22,SG,,,individual
C003870,Trish A. Nowak,,GB,,,individual
C004351,Mei Ling Kuo,,TW,,,individual
C004980,Lei Zhao,,SG,,,individual
C000116,Jamaal Barkat,1980-03,SY,,,individual
C003117,Fung Mah,1997-09-03,SG,,,individual
C002534,Johnny Garcia,1969-04-26,DE,,,individual
C000947,Kate Nguyen,1996,DE,,,individual
C003608,Guoqiang Zhou,1991-05-25,CN,,,individual
C002797,Dick A. Silva,1954-04-17,GB,,,individual
C003972,Beth Du Bois,1961-05-24,AU,,,individual
C005035,Charlie Bianchi,1965-01-26,DE,,,individual
C005256,Jamaal Qasim,1958-02-25,LB,,,individual
C003277,Bob Schroeder,1961-02-16,GB,,,individual
C002398,Suzy Fisher,1953-04-09,BR,,,individual
C001033,Baltic Group,,LB,registration,REG-290172,entity
C001217,Blue Horizon Group,,KZ,registration,REG-963657,entity
C003160,Ling Xu,,SG,,,individual
C003302,Liz Nguyễn,,DE,,,individual
C004070,Hsiao-Chun Chan,1973-08-13,TW,,,individual
C004903,Catherine Kowalsky,1978-08-09,MX,,,individual
C004048,Johnny Garcia,1965-05-23,AU,,,individual
C003912,Feng Wu,1993-12-18,HK,,,individual
C002930,Wei Gao,1950-11-18,SG,,,individual
C000096,Mei Ling Lau,1999,SG,,,individual
C002600,Hua Yang,1956-06-08,HK,,,individual
C000942,Tao Wang,,TW,,,individual
C000024,Oualid Abdul Rahman Sayed,1986-08-05,JO,,,individual
C001928,Elisabeth Schroeder,1950-04-20,MX,,,individual
C003087,Sue Larsen,1993-10-15,DE,,,individual
C005223,Chih-Chiang Huang,,HK,,,individual
C000687,Elizabeth Sorensen,1958-01-22,AU,,,individual
C001346,Blue Horizon Holdings G.m.b.H.,,BY,,,entity
C001933,Tony O'Brien,1983-08-07,FR,,,individual
C002105,Xander Schroder,1990-07-27,DE,,,individual
C003328,Guo Qiang Lin,,SG,,,individual
C004256,Dan Nowak,1986-06-18,FR,,,individual
C003179,Chuck García,1955-10-27,MX,,,individual
C002744,Kate A. O'Brien,,FR,,,individual
C002634,Bob Du Bois,,US,,,individual
C005266,Hua Lam,1979-10-24,SG,,,individual
C000764,Bill Larson,1962-01-20,BR,,,individual
C001351,The Jade Dragon Petroleum LLC,,LB,,,entity
C005691,Yan Gao,1977-04-28,HK,,,individual
C002291,Ming Wang,1999-03-18,SG,,,individual
C004209,Hua Hsu,1972-10-12,TW,,,individual
C001202,Damavand Minerals FZ-LLC,,EG,,,entity
C002657,Bobby Ferreyra,1995-12-02,AU,,,individual
C000331,Nataliya Nikolaevna Iakovleva,1998-04-07,UA,,,individual
C003376,Mikey Andersen,,MX,,,individual
C005071,Bill Bianci,1967-09-22,DE,,,individual
C003552,Chuck Novak,1972-06-12,AU,,,individual
C003186,Wei Yang,1969-02-19,TW,,,individual
C004642,Yan Huang,1972-03-13,CN,,,individual
C003532,Bo Luo,1964-05-16,SG,,,individual
C002539,Andy Du Bois,1963-05-20,GB,,,individual
C002306,Wei Chen,1968-12-05,HK,,,individual
C000175,Achmed Sayed,1950-06-12,LB,,,individual
C003286,Chuck Novak,1970-11-27,CA,,,individual
C005672,Yan Zhao,1983-03-24,CN,,,individual
C003395,Danny M. Mueller,,MX,,,individual
C002307,Jian Guo Zhao,1989-10-24,SG,,,individual
C001905,Mei-Ling Lam,1993-12-18,CN,,,individual
C004016,Po Zhu,1999-11-02,SG,,,individual
C005327,Elisabeth A. Nowak,1993-10-23,FR,,,individual
C000416,Rida Teherani,1974-02-22,AF,,,individual
C001577,Ocean Titan Star,,MH,,,vessel
C002140,Tony J. Kowalski,1957-05-13,US,,,individual
C003938,Bob M. Schroeder,1982-03-16,AU,,,individual
C004697,Yen Hoo,,TW,,,individual
C003085,Suzy A. Ferreira,1955-02-05,FR,,,individual
C000202,Tatjana Petroffa,,BY,,,individual
C000141,Andrey Aleksandrovich Iwanow,,RU,,,individual
C004122,Ling Ma,1969-01-24,SG,,,individual
C001055,Sahara Import Export G.m.b.H.,,LB,,,entity
C000129,Abdellah El Farsi,1957-01-04,SA,,,individual
C005765,Kuo-Chiang Hoo,1995-01-18,TW,,,individual
C003947,Zhiqiang Wu,1957-08-01,SG,,,individual
C002554,Charlie J. O'Brien,1964-07-23,DE,,,individual
C004673,Bobby Kowalsky,,BR,,,individual
C002500,Ted O'Brien,,DE,,,individual
C002984,Hsiao-Chun Yeung,,HK,,,individual
C000978,Wei Chou,1958,TW,,,individual
C001256,Emerald Bay Construction FZE,,JO,,,entity
C005209,Hsiao-Ming Gao,1981-04-08,CN,,,individual
C004206,Aly Qasim,1960-01-27,EG,,,individual
C003631,Andy M. Dubois,1975-01-20,MX,,,individual
C004888,Xiao Jun Chu,,CN,,,individual
C004631,Yan Zhou,1980-08-19,TW,,,individual
C000484,Chien-Kuo Zhang,1979-04-23,HK,,,individual
C000912,Meiling Chen,1963-06-23,TW,,,individual
C001728,Tony Kowalsky,1978-07-22,CA,,,individual
C003672,Yan Zhu,1989-07-26,SG,,,individual
C004875,Suzy Larson,1993-05-20,MX,,,individual
C001581,Aurora Star Trader,,CM,,,vessel
C001773,Ping Luo,,CN,,,individual
C001319,Sahara Construction Public Joint Stock Company,,HK,,,entity
C003417,Yan Cai,1958-04-28,SG,,,individual
C000487,Fung Chu,1951-04-05,HK,,,individual
C000602,Hsiang Huang,1991-06-14,HK,,,individual
C002912,Ling Xu,1957-08-17,SG,,,individual
C003816,Bob J. Fischer,1972-11-23,CA,,,individual
C000949,Thomas Kowalski,,FR,,,individual
C000143,Sergey Zaicev,1979-10-27,UA,,,individual
C001855,Chien-Kuo Kwok,1953-05-27,TW,,,individual
C000972,Ed Schroder,1951-04-27,FR,,,individual
C005235,Danny Silva,1984-09-06,DE,,,individual
C002706,Drew M. Silva,,MX,,,individual
C003611,Peggy Dubois,1974-09-06,BR,,,individual
C005508,Xiao Ming Liou,1975-03-20,SG,,,individual
C001122,Caspian Chemicals Sociedad Anonima,,SA,,,entity
C004007,Suzy Du Bois,,AU,,,individual
C004533,José Smithjones,1958-09-09,AU,,,individual
C003116,Beth Fisher,,FR,,,individual
C000716,Jamaal Elsayed,1973-11-06,SY,,,individual
C005737,Tao Huang,1978-12-09,TW,,,individual
C005730,Liz García,,US,,,individual
C001462,M/V Sapphire One,,LR,,,vessel
C003511,Maggie Kowalsky,,BR,,,individual
C003013,Jenny OBrien,1999-08-04,GB,,,individual
C001317,Ural Group,,DE,registration,REG-359406,entity
C002545,Hosseini Rida,2000-01-21,IR,,,individual
C002087,Po Huang,1952-03-11,CN,,,individual
C001382,Damavand Aviation,,US,,,entity
C003845,Will Ferreira,1981-10-24,AU,,,individual
C004078,Hsiang Kao,1958-10-05,TW,,,individual
C004174,Mostafa Mansour,1993-01-17,EG,,,individual
C000630,Andrej Sokolov,1961-10-03,BY,,,individual
C000250,Ameer Sadegi,,AF,,,individual
C004603,Wei Mah,1969-10-01,SG,,,individual
C001819,Tony J. Kowalski,1954-12-11,BR,,,individual
C004125,Hsiang Gao,1998-04-06,HK,,,individual
C000516,Tom Sorensen,1981-04-18,US,,,individual
C001753,Rob Petersen,1950-06-14,MX,,,individual
C004450,Jamie Andersen,,CA,,,individual
C005037,Gamal Qasim,1998-03-27,AE,,,individual
C004343,Yen Chang,1983-09-08,CN,,,individual
C000953,Yan Ma,1986-12-14,HK,,,individual
C001896,Lei Ma,1994-06-05,HK,,,individual
C001842,Moustafa Elsayed,1959-10-03,IQ,,,individual
C005172,Po Hwang,1986-09-24,CN,,,individual
C000957,The Accountant,,FR,,,individual
C002674,Chun Yeung,,TW,,,individual
C003636,Maggie Garcia,1985-10-21,GB,,,individual
C002211,Mahmud Farsi,,LB,,,individual
C001930,Will Sorensen,1955-04-25,DE,,,individual
C004093,José Schroeder,1963-02-28,US,,,individual
C003544,Mahmood Al Farsi,1962-06-27,JO,,,individual
C003038,Wei Hu,1962-03-26,TW,,,individual
C003655,Guoqiang Xu,1964-12-23,HK,,,individual
C000510,Volodymyr Jakowlew,1978,KZ,,,individual
C000719,Andrew Fischer,,BR,,,individual
C001858,Billy Bianci,,US,,,individual
C000482,Chih-Chiang Cai,1965-02-04,TW,,,individual
C001785,Yen Chow,1972-03-08,SG,,,individual
C002400,"Kuznetsov, Aleksandr",1960-11-12,KZ,,,individual
C005319,Ming Ng,1956-01-13,HK,,,individual
C002713,Billy M. Hernandez,1958-02-09,US,,,individual
C005651,Ted Larson,1974-11-22,CA,,,individual
C003466,Lei Hoo,1993-08-01,TW,,,individual
C000618,Johnny OBrien,1989-08-06,US,,,individual
C003332,Wei Chen,1996-06-12,HK,,,individual
C000150,Meryem Husseini,1959-06-22,IR,,,individual
C003831,Hsiao-Ming Xu,,TW,,,individual
C002315,José Lefevre,1984-12-17,GB,,,individual
C003628,Ping Tchen,,TW,,,individual
C004808,Johnny J. Schmidt,,MX,,,individual
C002860,Jun Huang,1970-05-05,TW,,,individual
C001168,Sinai Chemicals GmbH,,TW,,,entity
C000336,Hsiao-Chun Lo,1988-05-13,HK,,,individual
C003340,Yen Cai,1965-08-16,HK,,,individual
C002605,Bob M. Fischer,1987-09-06,US,,,individual
C001725,Rida Hoseini,1954-05-26,AF,,,individual
C003973,Ibraheem al-Rashid,1986-06-03,IQ,,,individual
C001138,Sahara Investments,,AU,,,entity
C001182,Aral Minerals,,IQ,,,entity
C003579,Ling Lam,1981-09-09,SG,,,individual
C002204,Catherine Pedersen,1978-02-27,GB,,,individual
C001638,Jian-Guo Kao,1951-11-16,CN,,,individual
C004088,Trish M. Sorensen,1955-11-20,US,,,individual
C000520,Andrey Volkov,1987-04-27,RU,,,individual
C000494,Drew Ferreyra,1981-05-02,SY,,,individual
C003671,Xander M. Petersen,1982-03-22,FR,,,individual
C004791,Mike Du Bois,1965-06-28,BR,,,individual
C000660,Hsiao-Chun Wong,1986-04-27,HK,,,individual
C004607,Jen Bianci,1969-03-25,MX,,,individual
C002279,Jon Garcia,1967-11-09,DE,,,individual
C005769,Eddie Schmid,1951-04-22,MX,,,individual
C002278,Xiang Sun,1993-09-04,SG,,,individual
C001293,Eastern Star Industries Limited,,DE,,,entity
C004248,Tony Nguyen,1953-02-23,US,,,individual
C004463,José Lefevre,1988-01-25,CA,,,individual
C004160,José J. Schmidt,1978-10-02,BR,,,individual
C002969,Yan Huang,1965-12-19,HK,,,individual
C003435,Billy M. Lefevre,1997-10-05,US,,,individual
C004149,Hua Guo,1962-04-22,SG,,,individual
C000704,John Schroeder,1986-07-09,DE,,,individual
C003827,Tom Ferreira,,US,,,individual
C004473,Jim Ferreyra,,US,,,individual
C000664,Jennifer Petersen,,CA,,,individual
C002773,Iryna Kuznetsoffa,1976-01-08,RU,,,individual
C001596,Sea Lion II Express,,MH,,,vessel
C002129,Zhi Qiang Wu,,HK,,,individual
C005375,Jen M. Schroeder,,AU,,,individual
C001400,Amber Electronics L.L.C.,,EG,,,entity
C004692,Andy Nowak,,BR,,,individual
C002058,Tony Kowalsky,1960-06-08,FR,,,individual
C005776,Maggie Hernández,1974-09-24,US,,,individual
C000460,Meryem Rezai,1993-01-04,AF,,,individual
C005120,Ming Zhou,1990-01-23,SG,,,individual
C001321,"Silk Road Trading, PJSC",,BR,,,entity
C005469,Jim A. Garcia,1975-08-11,MX,,,individual
C001358,Phoenix Aviation JSC,,FR,,,entity
C002799,Po Li,1992-11-01,SG,,,individual
C003536,Jamie Ferreira,,GB,,,individual
C003374,Yung Lee,1975-12-12,HK,,,individual
C005221,Kuo-Chiang Hu,1951-01-27,CN,,,individual
C002795,Catherine Larsen,,US,,,individual
C000455,Halid al-Rashid,1952-05,JO,,,individual
C000337,Elisabeth Kowalsky,1998-10-07,US,,,individual
C004340,Hsiang Xu,1950-07-21,CN,,,individual
C001416,Pacific Rim Steel Public Joint Stock Company,,AU,,,entity
C003748,Jen Hernández,1983-05-14,AU,,,individual
C002198,Dan Da Silva,1963-09-26,CA,,,individual
C001797,Jenny M. Petersen,1971-02-02,DE,,,individual
C003793,Xiao Jun Ng,1992-05-08,HK,,,individual
C001823,Xiang Hu,1979-02-22,HK,,,individual
C005385,Natasha Kusnezowa,1972-12-05,KZ,,,individual
C004848,Beth A. O'Brien,1964-09-22,GB,,,individual
C001040,Lotus Import Export JSC,,BR,,,entity
C003166,Bill M. Lefevre,1950-04-02,GB,,,individual
C000001,Mohammad al-Rashid,1973-09-08,AE,,,individual
C005657,Feng Lin,1975-11-20,HK,,,individual
C002703,Lei Chao,1957-10-16,TW,,,individual
C002550,Olha Tkatchenko,1996-10-05,RU,,,individual
C002057,Rezaei Kave,1959-05-19,IR,,,individual
C003554,Lei Chao,1995-11-01,SG,,,individual
C002229,Pepe M. Silva,1978-09-22,FR,,,individual
C002425,Beth J. Nowak,1999-05-26,AU,,,individual
C003380,Wei Hu,1951-06-03,HK,,,individual
C002190,Tao Yeung,1978-03-03,CN,,,individual
C001880,Rida Hosseiny,1955-04-08,IR,,,individual
C001760,Hsiang Xu,1978-04-22,TW,,,individual
C003444,Jon García,1974-10-17,MX,,,individual
C002321,Olha Tkatchenko,1961-03-09,KZ,,,individual
C005782,Yousuf Hashimi,1954-09-16,IQ,,,individual
C001039,Phoenix Investments,,YE,,,entity
C001422,Golden Crescent Electronics Sociedad Anonima,,UA,,,entity
C005378,Eddie Schmidt,1953-09-18,FR,,,individual
C002392,Drew M. Silva,,FR,,,individual
C005531,Yen Zhao,1991-10-07,CN,,,individual
C003560,Drew A. Fischer,,AU,,,individual
C001646,Beth A. Petersen,1961-10-04,FR,,,individual
C002096,Charlie O'Brien,1982-12-27,DE,,,individual
C004222,Hua Lin,1966-02-22,CN,,,individual
C000495,Bob Sørensen,,GB,,,individual
C000407,Farhaad Jafari,1962-02-08,AF,,,individual
C003427,Hua Sun,1997-11-20,CN,,,individual
C000834,Ibrahim bin Walid al-Rashid,,EG,,,individual
C004944,Sue A. Sorensen,1963-07-10,DE,,,individual
C004867,Yan Hu,,TW,,,individual
C002042,Billy Hernández,,US,,,individual
C003248,Jon M. Fischer,,CA,,,individual
C005313,Kathy Schröder,,BR,,,individual
C004693,Po Hwang,1977-11-05,HK,,,individual
C004013,Will A. Schroeder,1991-01-27,CA,,,individual
C005077,Po Hoo,1971-04-20,HK,,,individual
C003004,Xiao Ming Hwang,,CN,,,individual
C003728,Rick A. Schmidt,,GB,,,individual
C004495,Jian Guo Wu,1960-09-22,TW,,,individual
C005062,Alexander Kuznetsoff,,UA,,,individual
C005390,"Kuznetsov, Aleksander",1988-04-18,UA,,,individual
C003020,Hsiao-Chun Chou,,TW,,,individual
C004835,Chien-Kuo Cai,1970-02-09,CN,,,individual
C004834,Moustafa El Sayed,1955-08-28,SA,,,individual
C002454,Wei Kao,1995-05-26,HK,,,individual
C004818,Hsiao-Chun Zhou,2000-06-11,HK,,,individual
C000187,Chun Chang,,CN,,,individual
C005059,Peggy J. Dubois,1953-02-18,CA,,,individual
C003685,Tao Zhou,,HK,,,individual
C004985,Po Lo,1968-07-25,SG,,,individual
C003983,Mei-Ling Guo,1968-08-25,CN,,,individual
C002487,Jon Garcia,1993-10-27,GB,,,individual
C001053,"Baltic Holdings, L.L.C.",,EG,,,entity
C004444,Chiang Kuo,1963-07-24,TW,,,individual
C001316,Eastern Star Shipping PJSC,,DE,,,entity
C000929,Jenny Schmitt,1980-07-20,FR,,,individual
C002937,Ed J. Larsen,1977-01-14,CA,,,individual
C002478,Fung Mah,,SG,,,individual
C003016,Hsiang Kao,1974-06-17,SG,,,individual
C004960,Kuo-Chiang Xu,1988-03-23,HK,,,individual
C005151,Tom A. Larsen,1957-05-25,GB,,,individual
C005755,Tony M. Larsen,1968-03-27,DE,,,individual
C002023,Ping Zhou,1986-10-03,SG,,,individual
C003041,Kuo-Chiang Zhou,1952-12-25,SG,,,individual
C002919,Elisabeth Garcia,,US,,,individual
C005348,Eddie Novak,1976-12-05,US,,,individual
C003979,Pepe J. Dubois,,DE,,,individual
C003904,Tony A. Petersen,1995-03-06,AU,,,individual
C004977,Mostafa Mansour,,EG,,,individual
C003704,Mostafa Elmasry,1987-09-07,YE,,,individual
C004997,Mike Petersen,,AU,,,individual
C003625,Kuo-Chiang Hoo,1954-09-01,SG,,,individual
C004334,Chiang Lin,1961-11-13,HK,,,individual
C003104,Pepe Schmitt,2000-11-03,MX,,,individual
C004010,Elisabeth Sørensen,1967-03-17,FR,,,individual
C001425,Atlas Construction S.A.,,UA,,,entity
C002636,José Silva,1995-12-02,CA,,,individual
C000097,Jurij Feodorov,,RU,,,individual
C003239,Peggy Hernández,1970-08-20,FR,,,individual
C005636,Jon Schmitt,1956-09-04,MX,,,individual
C001566,Nordic Star II Trader,,MH,,,vessel
C003338,Hosseini Rida,1959-06-13,IR,,,individual
C005070,Volkova Tatiana Sergeyevna,,UA,,,individual
C003050,Maggie Kowalski,2000-12-07,BR,,,individual
C004355,Hsiang Lam,1974-04-07,CN,,,individual
C005731,Liz J. Fischer,1964-04-07,MX,,,individual
C003483,Peggy J. Schmidt,1969-06-10,BR,,,individual
C002126,Jen Mueller,,MX,,,individual
C004514,Rob J. Smith-Jones,1984-07-28,MX,,,individual
C000749,Lei Cai,1990-08-01,HK,,,individual
C003437,Yung Chu,1963-08-17,CN,,,individual
C002679,Xiao Ming Liu,1981-12-09,SG,,,individual
C003487,José J. Smith-Jones,1960-10-07,CA,,,individual
C004529,Kate Petersen,1961-07-23,DE,,,individual
C002357,Yen Zhou,1983-10-09,CN,,,individual
C000496,Meiling Wang,1968-04-22,CN,,,individual
C003393,Yan Hu,1953-05-05,HK,,,individual
C002962,Yen Zhou,1993-02-05,HK,,,individual
C003433,Rob J. Smith-Jones,1985-08-15,US,,,individual
C002896,Hsiao-Ming Xu,1980-03-05,TW,,,individual
C004282,Dan Silva,1988-02-08,US,,,individual
C004756,Fung Chao,,TW,,,individual
C004477,Hua Sun,1964-03-19,SG,,,individual
C002777,Bill Fischer,1966-12-20,MX,,,individual
C000217,Volodymyr Smirnoff,,LB,,,individual
C002881,Yong Zhu,1975-12-10,HK,,,individual
C001632,Elisabeth J. Mueller,1995-02-19,DE,,,individual
C004987,Ted Larsen,1954-02-01,FR,,,individual
C002672,Mikey J. Mueller,1983-07-05,GB,,,individual
C005549,Chun Huang,,TW,,,individual
C000315,Alexander Volkoff,1965-09-22,KZ,,,individual
C002667,Wei Wu,1976-08-16,HK,,,individual
C003590,Mei-Ling Chu,1959-01-02,TW,,,individual
C001772,Yen Wang,1963-07-27,TW,,,individual
C004562,Tom J. Larsen,1950-10-26,CA,,,individual
C001454,Volga Logistics,,US,,,entity
C001971,Guo Qiang Xu,1976-08-12,CN,,,individual
C001882,Tao Wang,1998-01-11,TW,,,individual
C003835,Pepe Hernandez,1965-08-09,FR,,,individual
C000647,Babac Hosseini,1981,AF,,,individual
C003158,Rida Husseini,1988-08-28,IR,,,individual
C001630,Moustafa Sayed,1986-10-03,LB,,,individual
C001250,Red Sea Electronics Joint Stock Company,,DE,,,entity
C003394,Charlie A. Garcia,1969-08-08,DE,,,individual
C002979,Jen Peterson,1979-07-09,AU,,,individual
C002823,"Petrov, Youri",1971-09-05,KZ,,,individual
C000095,Jamie Sorenson,1997-09-11,BR,,,individual
C002073,Yong Li,1968-01-18,CN,,,individual
C000243,Jawad Rezaie,1972-02-14,AF,,,individual
C003618,Dan J. Silva,1986-10-23,BR,,,individual
C005574,"Petrov, Jurij",1972-10-16,BY,,,individual
C002986,Chun Lam,1970-08-20,TW,,,individual
C004881,Tony M. Larsen,1969-01-16,GB,,,individual
C001602,Aurora II Trader,,RU,,,vessel
C002542,Tom Kowalski,,CA,,,individual
C000087,Hassane Barakat,1986-01-16,SA,,,individual
C005727,José M. Hernandez,1959-01-23,GB,,,individual
C002553,Mustapha Sayed,1997-09-28,YE,,,individual
C004767,Fung Wu,,HK,,,individual
C004638,Wei Hu,1988-09-14,CN,,,individual
C004086,Ming Luo,1999-07-10,TW,,,individual
C003737,Lei Cai,1968-11-11,SG,,,individual
C000599,Yung Lam,1973-01-18,TW,,,individual
C000924,Michael O'Brien,,US,,,individual
C004901,José Bianci,,AU,,,individual
C005408,Meiling Chen,1970-10-06,CN,,,individual
C003497,Beth Schroeder,1952-09-05,CA,,,individual
C005412,Eddie A. Schmidt,1997-11-04,BR,,,individual
C002334,Xiang Sun,1983-10-07,SG,,,individual
C002635,Lei Chao,,SG,,,individual
C003641,Jenny Hernández,1994-03-23,BR,,,individual
C003167,Ping Sun,1955-07-26,HK,,,individual
C000684,Hussien ben Mustafa Haddade,1964,SY,,,individual
C002655,Jen Mueller,1952-01-07,FR,,,individual
C004015,Olha Tkachenko,1959-07-03,BY,,,individual
C000320,Rob Andersson,,US,,,individual
C000476,Abdulrahman M.,1981-09-11,JO,passport,JO55485951,individual
C004905,Xander Petersen,1986-12-01,MX,,,individual
C005381,Lei Hoo,1960-12-16,CN,,,individual
C001794,Alex Schroeder,1989-05-14,GB,,,individual
C005646,Jun Huang,,SG,,,individual
C005265,Feng Gao,,SG,,,individual
C001159,Blue Horizon Shipping LLC,,YE,,,entity
C001269,Ivory Coast Group,,IR,registration,REG-233523,entity
C002834,Chien-Kuo Guo,1960-10-02,SG,,,individual
C003700,Mikey M. Petersen,,MX,,,individual
C000617,Ebrahim Chahine,1966-02-11,SY,,,individual
C005425,Dick Schmidt,1955-01-13,MX,,,individual
C004830,Johnny Fisher,,AU,,,individual
C001255,Titan Aviation FZE,,KZ,,,entity
C001846,Maggie Schroder,1960-07-18,DE,,,individual
C005548,Wei Liu,,CN,,,individual
C001958,Pepe DaSilva,1952-03-03,US,,,individual
C002136,Suzy M. Lefevre,1967-10-10,GB,,,individual
C000056,Eugene Jakowlew,1987-12-21,RU,,,individual
C004525,Maggie Schmitt,,DE,,,individual
C005262,Xiao Ming Liu,,TW,,,individual
C001658,Xiao Ming Xu,1982-05-18,SG,,,individual
C002019,Yung Wang,1964-03-27,HK,,,individual
C003853,Beth M. Garcia,,BR,,,individual
C003118,Kuo-Chiang Lee,1955-09-16,HK,,,individual
C000756,Zhenya,,DE,,,individual
C003903,Hua Liu,1992-01-06,SG,,,individual
C001181,"Kamchatka Electronics, Co.",,BY,,,entity
C001675,Alex Sorensen,1963-10-16,CA,,,individual
C001857,Bo Huang,1976-09-27,TW,,,individual
C003877,Beth A. O'Brien,1996-03-11,AU,,,individual
C004694,Pat J. Mueller,1957-04-18,GB,,,individual
C004278,Sue Du Bois,1984-05-17,CA,,,individual
C002086,Ming Hu,,SG,,,individual
C005334,Aly Qasim,1991-10-16,AE,,,individual
C001125,Orion Chemicals L.L.C.,,BY,,,entity
C002748,Alex Kowalski,1953-06-23,FR,,,individual
C005397,Yen Zhou,1973-01-02,TW,,,individual
C004718,Tao Zhang,1998-10-25,TW,,,individual
C004702,Mei-Ling Hsu,1988-10-19,TW,,,individual
C003144,Mei Ling Chen,1996-09-27,TW,,,individual
C003194,Mei Ling Wu,1958-02-16,TW,,,individual
C001148,Zenith Group,,CA,registration,REG-997458,entity
C003022,Johnny Garcia,1989-03-18,DE,,,individual
C005054,Bob Nowak,1950-01-12,FR,,,individual
C001188,Golden Crescent Minerals S.A.,,SG,,,entity
C000300,Rich Ferreyra,1968,FR,,,individual
C000822,Mustafa Mansour,,IQ,,,individual
C000071,Moustafa El Amin,1951-09-21,AE,,,individual
C003429,Chih-Chiang Zhu,,HK,,,individual
C000865,Mahmud al-Rashid,1955-12-12,LB,,,individual
C004863,Trish Sørensen,,CA,,,individual
C001903,Maggie A. Schmidt,1987-02-12,MX,,,individual
C003072,Mei-Ling Lin,1967-12-20,CN,,,individual
C002910,Ling Xu,,SG,,,individual
C001283,Blue Horizon Construction L.L.C.,,DE,,,entity
C004400,Yung Chu,1964-04-01,SG,,,individual
C001431,AMBER INDUSTRIES G.m.b.H.,,AF,,,entity
C000998,Andrew Dubois,1962-10-08,US,,,individual
C001631,Ping Zhou,1958-05-16,CN,,,individual
C001189,Eastern Star Logistics PJSC,,CA,,,entity
C003092,Jamaal Qasim,1989-11-19,SA,,,individual
C000160,Victor Ivanovich Yakovlev,,UA,,,individual
C004714,Ming Choi,1975-04-16,TW,,,individual
C001685,Elisabeth Bianchi,1969-04-04,BR,,,individual
C002390,Dan Kowalski,1997-07-27,CA,,,individual
C001576,MV Black Tide One,,CM,,,vessel
C000251,Chuck Silva,1978-04-15,DE,,,individual
C000308,Hassane Ibrahim Saleh,,SA,,,individual
C003098,Yung Chu,1995-09-05,CN,,,individual
C005344,Ling Ma,1995-07-25,CN,,,individual
C003211,Peggy M. Smith-Jones,1997-08-12,DE,,,individual
C001570,Nordic Star Spirit,,MH,,,vessel
C000772,Mikey Lefevre,1988-02-25,FR,,,individual
C001628,Xander Schroeder,2000-06-23,DE,,,individual
C003530,Billy J. Bianchi,1990-11-01,US,,,individual
C002879,Hua Chu,,HK,,,individual
C002574,Abd al-Rahman Shaheen,1998-02-19,YE,,,individual
C002633,Guoqiang Ma,1998-12-07,HK,,,individual
C001895,Lei Lin,,TW,,,individual
C001286,"Orion Trading, Ltd",,EG,,,entity
C004853,Mei Ling Suen,,CN,,,individual
C005673,"Tkachenko, Olga",1978-10-11,UA,,,individual
C001634,Bo Guo,1996-05-24,TW,,,individual
C004900,Jim J. Ferreira,1973-12-27,BR,,,individual
C002547,Kave Rezai,1974-01-28,AF,,,individual
C005573,Jenny J. Petersen,1975-10-14,DE,,,individual
C000608,Hosein Rezaee,1983-05,SA,,,individual
C002438,Johnny Schmid,1969-11-15,US,,,individual
C001667,Hua Hu,1997-08-17,TW,,,individual
C001795,Peggy A. Dubois,1995-03-23,GB,,,individual
C001732,Beth Nguyen,1971-10-21,GB,,,individual
C003729,Yen Ma,1977-03-18,CN,,,individual
C003430,Po Hwang,1967-10-18,CN,,,individual
C000231,Chun Cai,1990-08-01,HK,,,individual
C003347,Bill Fischer,1964-02-22,FR,,,individual
C004419,Jianguo Zhao,1994-09-17,TW,,,individual
C000637,Al-Ustadh,,YE,,,individual
C005788,Dan Da Silva,,MX,,,individual
C001598,M/T Ocean Titan II,,MH,,,vessel
C002382,Peggy Smith Jones,1991-02-19,AU,,,individual
C003696,"Volkova, Tatyana",,KZ,,,individual
C002222,Hsiang Lam,2000-12-26,TW,,,individual
C001197,"Meridian Logistics, LLC",,LB,,,entity
C003509,Will Anderson,,DE,,,individual
C005616,Andy Dubois,2000-05-25,AU,,,individual
C004350,Xander M. Petersen,1992-11-14,DE,,,individual
C001093,Zagros Group,,BY,registration,REG-760754,entity
C002901,José M. Dubois,1978-05-12,AU,,,individual
C002070,Lei Lam,1973-04-11,TW,,,individual
C000703,Wladimir Zaitsev,1962-04-06,UA,,,individual
C003889,Tony Ferreyra,1988-08-21,BR,,,individual
C003783,Ling Lam,,HK,,,individual
C004036,Hua Liu,1989-03-25,HK,,,individual
C000324,Yen Lam,1974,HK,,,individual
C002885,Bob J. Garcia,1965-03-13,CA,,,individual
C001113,Nile Valley Aviation,,HK,,,entity
C001372,Euphrates Technologies L.L.C.,,TW,,,entity
C003896,Trish J. Sorensen,1994-07-02,BR,,,individual
C001191,Meridian Maritime Free Zone Establishment,,TW,,,entity
C004930,Hsiang Lo,1972-12-13,CN,,,individual
C001784,Iurii Petrow,1998-03-06,RU,,,individual
C004337,Jenny J. Petersen,,CA,,,individual
C005749,Jen Schroeder,1958-03-15,MX,,,individual
C003558,Bobby A. Ferreira,1983-02-27,MX,,,individual
C004884,Andy Du Bois,,GB,,,individual
C004797,Alex A. Garcia,1964-02-12,MX,,,individual
C001443,Damavand Steel JSC,,CN,,,entity
C001853,Jen J. O'Brien,1980-01-02,BR,,,individual
C003861,Johnny Schmidt,1951-06-07,AU,,,individual
C002095,Peggy García,1975-06-07,CA,,,individual
C003384,Hua Zhu,1967-01-04,SG,,,individual
C003453,Yousef Mustafa Rashid,1955-06-11,SA,,,individual
C001050,The Onyx Investments PJSC,,US,,,entity
C005135,Sue Fischer,1956-12-13,MX,,,individual
C005153,Billy Sorensen,1996-01-02,AU,,,individual
C002371,Hua Chu,1979-03-06,SG,,,individual
C003814,Jamie Ferreyra,1965-01-03,MX,,,individual
C001074,Ivory Coast Engineering GmbH,,CA,,,entity
C000878,Lei Suen,1980,HK,,,individual
C002682,Tony Petersen,1978-12-20,CA,,,individual
C003585,Feng Wu,,CN,,,individual
C004009,Dan Muller,1967-08-27,BR,,,individual
C001670,Hsiao-Chun Hwang,,CN,,,individual
C005682,Maggie Smith Jones,1960-06-12,AU,,,individual
C000748,Jun Guo,2000-08-06,TW,,,individual
C005243,Andy M. Hernandez,1971-12-11,US,,,individual
C001452,Zenith Minerals L.L.C.,,AU,,,entity
C003744,Rich J. Silva,1954-02-04,DE,,,individual
C002647,Ed Schmitt,1980-11-23,US,,,individual
C001440,SINAI HOLDINGS Co,,IQ,,,entity
C000438,Elisabeth Andersson,1953-12-21,MX,,,individual
C001171,Sahara Logistics Company,,LB,,,entity
C003366,Wei Woo,1964-08-28,SG,,,individual
C002285,Fung Sun,1969-01-26,HK,,,individual
C003629,Ping Luo,1994-10-23,HK,,,individual
C001477,Sea Breeze Star Spirit,,RU,,,vessel
C004168,Yong Sun,1990-05-19,TW,,,individual
C005763,Maggie Schroeder,1973-12-01,CA,,,individual
C000042,Rob Bianchi,1990-03-11,DE,,,individual
C000635,Chirine Mohamadi,1974-11-12,AF,,,individual
C002031,Pepe M. Bianchi,1962-06-15,FR,,,individual
C004250,Hua Guo,,SG,,,individual
C004584,Rida Hosseiny,,IR,,,individual
C005603,Alex A. Kowalski,1963-12-26,MX,,,individual
C002548,"Petrov, Yuri",1989-11-08,UA,,,individual
C001353,Caspian Engineering GmbH,,KZ,,,entity
C000771,Ming Cai,,TW,,,individual
C002141,Chiang Lam,1978-08-20,CN,,,individual
C002822,Alex Sorensen,1996-12-08,GB,,,individual
C005584,Tony Fisher,1980-05-18,GB,,,individual
C002252,Mei-Ling Guo,1990-04-01,SG,,,individual
C000319,Drew Schmidt,,HK,,,individual
C001411,The Atlas Trading Joint Stock Company,,BY,,,entity
C001164,Phoenix Group,,CN,registration,REG-684970,entity
C000397,Bo Sun,1962-12-19,SG,,,individual
C003891,Hua Liu,,HK,,,individual
C005079,Yung Suen,1996-05-19,SG,,,individual
C000396,Rida Kareemi,1959-02-13,AF,,,individual
C005705,Will Schroeder,1955-04-13,AU,,,individual
C000680,Aly Mansoor,1958-05-17,IQ,,,individual
C002898,Lei Zhao,,TW,,,individual
C005012,Wei Chen,1952-12-04,CN,,,individual
C000623,The Accountant,,EG,,,individual
C005625,Moustafa Elsayed,1993-12-02,EG,,,individual
C001761,Abd al-Rahman Chahine,1997-02-28,IQ,,,individual
C004847,Yen Chao,1978-03-20,HK,,,individual
C004982,Yung Li,,SG,,,individual
C000134,Danny Ferreira,1984-03-14,GB,,,individual
C002124,Mike Du Bois,1989-10-12,CA,,,individual
C001251,Falcon Holdings L.L.C.,,IR,,,entity
C004752,Xiaojun Huang,1984-08-18,CN,,,individual
C005351,Lei Zhao,1992-01-28,SG,,,individual
C003094,Jen J. Kowalski,1979-09-04,AU,,,individual
C005234,Zhiqiang Zhu,,CN,,,individual
C001126,Emerald Bay Textiles S.A.,,SG,,,entity
C000180,Swetlana Tkatchenko,1979-05-05,BY,,,individual
C002122,Chien-Kuo Guo,1994-03-10,CN,,,individual
C004840,Jian-Guo Kuo,2000-01-11,HK,,,individual
C001493,Vessel Amber Sky Alpha,,IR,imo,IMO9471787,vessel
C004981,Mostafa Sayed,1950-10-21,JO,,,individual
C002653,Bill M. Hernandez,1979-12-01,CA,,,individual
C005148,Ming Wang,,HK,,,individual
C005638,Bob Peterson,1990-09-10,BR,,,individual
C003617,José Hernández,1994-01-06,CA,,,individual
C002917,Peggy Schroeder,1954-08-18,CA,,,individual
C003326,Charlie Bianchi,1983-08-18,CA,,,individual
C002483,Qiang Zhou,1980-12-15,TW,,,individual
C003454,Zhi Qiang Chu,1953-09-20,TW,,,individual
C004173,Xiao Jun Chu,,TW,,,individual
C005201,Mikey O'Brien,1961-09-09,GB,,,individual
C001285,Sinai Import Export,,SY,,,entity
C003258,Kuo-Chiang Ma,1956-06-14,SG,,,individual
C004208,Jenny O Brien,1962-05-07,GB,,,individual
C005089,Ling Ng,1964-12-17,TW,,,individual
C004135,Zhi Qiang Woo,,SG,,,individual
C001029,Tigris Steel SA,,AU,,,entity
C003450,Bob M. Nowak,1953-02-26,DE,,,individual
C005177,José Bianci,1962-10-26,MX,,,individual
C003364,Ming Cai,,TW,,,individual
C001949,Chun Kuo,,SG,,,individual
C001120,Tigris Petroleum,,AF,,,entity
C004459,Jen A. Hernandez,1972-06-10,AU,,,individual
C001690,Kathy Schroeder,1993-03-24,AU,,,individual
C001651,Yan Hu,1976-05-20,HK,,,individual
C005237,Trish A. Sorensen,1997-09-14,GB,,,individual
C004948,Liz M. Petersen,1992-05-01,US,,,individual
C001359,Sinai Steel LLC,,DE,,,entity
C001875,Pepe Smith-Jones,,FR,,,individual
C003229,Bill A. Schroeder,1992-09-28,AU,,,individual
C003980,Jianguo Zhao,,SG,,,individual
C004105,Chun Wang,,SG,,,individual
C001778,Moustafa Sayed,1996-03-02,SY,,,individual
C001211,Euphrates Minerals Free Zone Establishment,,MX,,,entity
C003915,Guo Qiang Hoo,,HK,,,individual
C005642,Ming Chow,,CN,,,individual
C005024,Bo Zhao,,TW,,,individual
C000292,Mostafa Barakat,,AE,,,individual
C005298,Alex Pedersen,1951-02-18,CA,,,individual
C004703,Tony Fisher,1975-12-20,FR,,,individual
C000515,Lei Lee,1964-07,HK,,,individual
C001488,M/T Tiger Lily III,,LR,,,vessel
C005514,Peggy J. Schroeder,,AU,,,individual
C002131,Peggy J. Kowalski,,CA,,,individual
C000039,Mohammed Alamin,1985-10-25,AE,,,individual
C005465,Tony OBrien,1960-03-12,FR,,,individual
C001989,Hsiang Chow,1968-11-04,HK,,,individual
C005477,Suzy Larsen,1965-03-26,FR,,,individual
C000585,Jun Lo,1997-10-22,DE,,,individual
C000620,Omer Qasem,1961-05-05,IQ,,,individual
C000755,Robert Nowak,,CA,,,individual
C001543,Wind Runner III Express,,KM,,,vessel
C000414,Trish Nguyen,1970,GB,,,individual
C001123,Red Sea Trading JSC,,MX,,,entity
C002470,Tony O'Brien,1978-07-13,CA,,,individual
C002802,Hsiao-Ming Huang,1982-04-21,CN,,,individual
C004166,Elisabeth J. Bianchi,1987-06-15,CA,,,individual
C001287,Lotus Aviation JSC,,IR,,,entity
C002983,Rick Schmid,1975-07-23,GB,,,individual
C001977,Bob A. Dubois,1977-10-20,GB,,,individual
C005352,Xiao-Ming Hsu,1985-04-20,TW,,,individual
C005139,Hua Xu,1975-02-18,TW,,,individual
C004479,Pepe Bianci,,DE,,,individual
C004595,Dan A. Silva,1974-12-23,FR,,,individual
C005269,Ping Cai,1974-06-28,CN,,,individual
C001860,Chiang Mah,,TW,,,individual
C001387,Sinai Textiles Company,,AE,,,entity
C003694,Kave Rezai,1974-02-14,AF,,,individual
C002365,Bobby J. Kowalski,1973-10-16,DE,,,individual
C000216,Hsiao-Ming Mah,1982-01-11,CN,,,individual
C003548,Fung Woo,1952-01-02,SG,,,individual
C002579,José J. Nguyen,1978-07-08,GB,,,individual
C004024,Wei Lau,1952-03-03,HK,,,individual
C004920,Ming Wong,,CN,,,individual
C003743,Kuznetsov Alexander Nikolaevich,1970-01-08,RU,,,individual
C000330,Halid Qasim,,EG,,,individual
C004567,Tao Hoo,1965-12-27,SG,,,individual
C002234,Hsiao-Chun Ma,1967-04-01,HK,,,individual
C000301,Trish Le Fevre,1978-08-13,YE,,,individual
C003863,Jon Garcia,,GB,,,individual
C000200,Jon Dubois,1983-03,FR,,,individual
C005131,Bill Bianchi,1992-02-05,CA,,,individual
C003221,Jun Huang,1977-01-22,SG,,,individual
C002913,Jian-Guo Wu,1969-01-15,SG,,,individual
C005476,Tao Wang,1968-10-04,TW,,,individual
C003593,Bobby J. Nowak,1961-05-15,AU,,,individual
C002174,Bo Zhu,1976-11-26,TW,,,individual
C000662,Ihor Nikolaevich Iwanow,1967,KZ,,,individual
C003901,Tony M. Kowalski,1956-11-20,GB,,,individual
C000705,Susan Ferreira,1972-02-12,GB,,,individual
C005336,Fung Sun,1954-01-22,CN,,,individual
C003588,Guo Qiang Hu,1980-11-20,SG,,,individual
C005631,Alex Schröder,1978-05-17,CA,,,individual
C002808,Po Li,1994-10-19,TW,,,individual
C005205,Chiang Lam,1997-01-21,TW,,,individual
C000010,Hassane Al Masry,1955,SA,,,individual
C004626,Tao Chow,,CN,,,individual
C004219,Mei-Ling Guo,1954-08-28,TW,,,individual
C004218,Hua Cai,1961-07-15,SG,,,individual
C001220,Red Sea Electronics PJSC,,AE,,,entity
C001233,Silk Road Chemicals GmbH,,YE,,,entity
C003469,Tao Kao,1968-07-12,TW,,,individual
C004746,Jon M. Schmidt,1980-07-28,FR,,,individual
C001975,Mikey M. Dubois,1959-01-15,DE,,,individual
C001766,Wei Chen,1999-09-14,HK,,,individual
C004161,Po Lo,1997-09-22,CN,,,individual
C002179,Po Chao,1969-04-09,TW,,,individual
C002585,Wei Hwang,1991-10-27,TW,,,individual
C001752,Bill Sørensen,1961-03-01,GB,,,individual
C004929,Guo Qiang Xu,,HK,,,individual
C003803,Suzy A. Dubois,1985-09-21,BR,,,individual
C005447,Peggy Dubois,,MX,,,individual
C001863,Tony J. Nguyen,2000-03-13,GB,,,individual
C003457,Moustafa El-Masri,,SY,,,individual
C005337,Ted A. Nowak,,DE,,,individual
C002020,Jian-Guo Ma,1991-11-02,HK,,,individual
C001777,Guo Qiang Lin,1962-07-07,TW,,,individual
C001506,MV Desert Rose,,MH,,,vessel
C000654,Sue García,1954-01-03,MX,,,individual
C003774,Hua Kao,1987-12-18,TW,,,individual
C003076,Jianguo Li,1990-05-27,CN,,,individual
C000915,Mahmoud al-Farsi,1954,AE,,,individual
C003519,Fung Sun,1992-03-20,HK,,,individual
C005688,Chun Li,1966-09-22,TW,,,individual
C000733,Tareq bin Khalid Salah,1984-06-14,JO,,,individual
C000394,Babac Ahmady,1991-08-08,AF,,,individual
C005583,Rob Kowalsky,1988-02-20,MX,,,individual
C005538,Po Kwok,1978-08-15,TW,,,individual
C002342,Ping Zhao,1967-08-15,SG,,,individual
C002048,Tao Chow,1978-11-03,CN,,,individual
C003288,Eddie OBrien,1989-08-14,AU,,,individual
C002082,Mikey M. Mueller,1963-02-18,CA,,,individual
C000043,Natasha Wolkowa,,RU,,,individual
C000441,Jian Guo Yeung,1976-06-26,TW,,,individual
C004999,Yan Gao,1980-01-16,SG,,,individual
C000665,Hosein Hosseini,1957,AF,,,individual
C002944,Mikey Petersen,1987-05-13,BR,,,individual
C001486,Vessel Lady Fortune Alpha,,KM,imo,IMO9078423,vessel
C004854,Liz J. Sorensen,,CA,,,individual
C000313,Mikey Silva,1971,BR,,,individual
C000261,Mike A. Lefevre,1962-02-22,FR,,,individual
C003106,Hosseini Rida,1974-02-19,AF,,,individual
C001605,MT Lady Fortune Star,,KM,,,vessel
C005064,Yen Lau,1989-12-07,TW,,,individual
C004845,Xiao Jun Mah,1970-06-05,HK,,,individual
C001769,Will Fischer,1993-10-23,CA,,,individual
C004089,Tony J. Kowalski,,MX,,,individual
C002666,Kate Schroeder,1950-01-24,FR,,,individual
C005145,Trish Mueller,1955-05-27,CA,,,individual
C000029,Ehsaan A.,,IR,passport,IR57261774,individual
C003837,Tony A. Fischer,1989-09-03,CA,,,individual
C004684,Chien-Kuo Li,1993-10-10,SG,,,individual
C004261,Mike Schröder,1962-05-08,GB,,,individual
C004846,Yong Yang,1953-05-06,CN,,,individual
C000811,Chun Chao,1965-06-18,HK,,,individual
C002922,Jianguo Gao,,SG,,,individual
C005537,Peggy A. Schmidt,1988-05-24,DE,,,individual
C003213,Bo Zhao,1983-07-03,CN,,,individual
C004068,Wei Chen,1964-01-19,TW,,,individual
C005426,Lei Lin,1986-07-07,SG,,,individual
C000206,Rick Bianci,,CA,,,individual
C000098,Yelena Ivanovna Smirnoffa,1996-03-24,HK,,,individual
C002918,Ed Dubois,1950-10-23,CA,,,individual
C000145,Mei Ling Zhou,1965-03-23,HK,,,individual
C005144,Catherine A. Kowalski,,BR,,,individual
C004311,Yan Zhou,1954-03-13,TW,,,individual
C002855,Po Huang,1952-04-20,TW,,,individual
C001999,Yan Zhu,1952-01-24,TW,,,individual
C000327,Nasreen Sadegi,1955,IR,,,individual
C005739,Suzy J. Lefevre,1959-06-20,CA,,,individual
C001771,Bob M. Ferreira,1987-02-05,DE,,,individual
C000752,Ahmed Mansoor,1977-04-02,EG,,,individual
C004276,Yung Lee,,TW,,,individual
C001679,Tao Hu,1975-01-26,HK,,,individual
C000473,Chirine Tehrany,,AF,,,individual
C002414,Xiao-Ming Li,,TW,,,individual
C004641,Jenny Kowalsky,1992-05-28,MX,,,individual
C004367,Yen Hu,1976-10-03,SG,,,individual
C000429,Nikolay Fedorov,1990-11-09,RU,,,individual
C005621,Natalya Petrovna Kusnezowa,1974-12-14,BY,,,individual
C000570,Saeid Nacer,1969-03-03,SA,,,individual
C002774,Xiaojun Wu,1979-02-13,HK,,,individual
C001085,Emerald Bay Pharma SA,,SY,,,entity
C002725,Fung Kao,1992-01-17,HK,,,individual
C003634,Jon Garcia,1993-08-23,CA,,,individual
C005519,Yen Hoo,1979-09-18,SG,,,individual
C005383,Yen Kao,1982-08-10,CN,,,individual
C002819,Yung Suen,1987-08-24,HK,,,individual
C002177,José Schroder,1971-02-12,BR,,,individual
C003297,Hua Sun,,CN,,,individual
C004587,Yen Chang,1962-06-14,TW,,,individual
C003406,Bobby M. Garcia,1964-01-01,DE,,,individual
C004317,Po Guo,1956-11-24,CN,,,individual
C004449,Catherine Kowalsky,1996-06-25,FR,,,individual
C004961,Trish Sorensen,,US,,,individual
C005329,Xiao Ming Choi,1980-07-16,SG,,,individual
C001816,Will M. Sorensen,1955-01-14,DE,,,individual
C001393,"Aral Maritime, AO",,KZ,,,entity
C000218,Tom García,2000,DE,,,individual
C005818,Wei Yeung,1994-08-24,HK,,,individual
C002521,Xiaojun Ma,1952-12-09,SG,,,individual
C001932,José Larsen,1995-12-09,US,,,individual
C003313,Yong Zhu,,CN,,,individual
C005289,Mikey Schröder,1992-09-21,DE,,,individual
C000228,Bob Le Fevre,1964,DE,,,individual
C002094,Catherine O Brien,1980-03-11,BR,,,individual
C000032,Mariam Mohamadi,,AF,,,individual
C000930,Xiaoming Liu,,TW,,,individual
C001496,Vessel Wind Runner Alpha,,LR,imo,IMO9789449,vessel
C001735,Guoqiang Hu,,TW,,,individual
C004155,Tatjana Wolkowa,1973-05-16,KZ,,,individual
C005413,Ming Lee,1952-04-14,SG,,,individual
C001320,Al-Bahr Industries G.m.b.H.,,IQ,,,entity
C005188,Trish Fisher,,BR,,,individual
C000423,Husayn Shaheen,1956,YE,,,individual
C004656,Ming Lin,1995-03-19,SG,,,individual
C005105,Hsiao-Chun Chen,,HK,,,individual
C000683,Alee Barkat,1950-11-13,LB,,,individual
C002426,Tony M. Kowalski,,DE,,,individual
C004306,Kuznetsova Iryna,1979-01-16,BY,,,individual
C005065,Ping Chou,1950-02-21,SG,,,individual
C004973,Johnny J. Schroeder,,AU,,,individual
C003188,Xiao-Ming Xu,1956-06-21,CN,,,individual
C001428,"Altai Pharma, GmbH",,JO,,,entity
C004189,Jian-Guo Chen,1991-06-28,TW,,,individual
C003654,Pepe Dubois,,US,,,individual
C004293,Danny A. Nowak,1992-02-11,US,,,individual
C002288,Po Kwok,1988-12-11,TW,,,individual
C001385,Emerald Bay Logistics,,CA,,,entity
C004050,Bo Zhao,,TW,,,individual
C000692,Abdel Rahman Hashemi,1996-11-21,IQ,,,individual
C001499,MV Hormuz Pride III,,KM,,,vessel
C005732,Yong Zhao,1973-07-18,SG,,,individual
C005541,Meiling Wu,2000-11-07,TW,,,individual
C002728,Guo Qiang Ma,1976-11-16,SG,,,individual
C003279,Abdulrahman Shahin,1974-07-14,SY,,,individual
C000903,Olha Jakowlewa,1952-04-01,RU,,,individual
C001260,Northern Lights Logistics Public Joint Stock Company,,UA,,,entity
C000829,Waleed al-Hashimi,1969-03-20,AE,,,individual
C000990,Tao Chan,1981-05-21,SG,,,individual
C004532,Pepe Hernandez,1999-07-13,US,,,individual
C004185,Hua Kao,,TW,,,individual
C000653,Tarek Kassem,1951-09-13,AE,,,individual
C004892,José Du Bois,1997-07-20,GB,,,individual
C000086,Saeid ibn Ibrahim Shahin,,MX,,,individual
C001214,Aral Aviation Ltd.,,HK,,,entity
C003477,Rezaei Kaveh,1973-09-09,IR,,,individual
C001968,Suzy Fischer,1968-07-28,MX,,,individual
C001304,Lotus Textiles Co.,,SA,,,entity
C005121,Hua Hu,1970-02-12,SG,,,individual
C001107,The Altai Textiles Limited,,IQ,,,entity
C000943,Kolya,,IR,,,individual
C000459,Natalya Ivanovna Petrova,1964-04-25,RU,,,individual
C005106,Feng Zhao,1962-09-18,CN,,,individual
C002474,Sue Kowalski,1972-11-11,MX,,,individual
C001579,Vessel Silver Crest Alpha,,MH,imo,IMO9246442,vessel
C004391,Dan M. Nowak,1968-12-07,US,,,individual
C001134,Delta Minerals Co,,SY,,,entity
C000782,Zhi Qiang Wong,1964-03-19,HK,,,individual
C002809,Rich J. Hernandez,1989-10-16,US,,,individual
C005439,Xiang Lin,,TW,,,individual
C000402,Dan Larson,1987-01-01,AU,,,individual
C002733,Rich Lefèvre,,AU,,,individual
C005354,Bob A. Schmidt,1972-04-04,CA,,,individual
C003584,Beth Garcia,,GB,,,individual
C005364,Bo Zhao,1955-12-07,CN,,,individual
C001713,Mei-Ling Zhu,1997-02-28,TW,,,individual
C003750,Tony A. Fischer,1982-06-27,DE,,,individual
C002723,Guo Qiang Hsu,1951-05-12,SG,,,individual
C001482,Albatross Star,,IR,,,vessel
C001223,Al Noor Engineering Co,,JO,,,entity
C005668,Tony Schroeder,1987-03-12,US,,,individual
C002702,Sue Fisher,1976-04-04,MX,,,individual
C003582,Tao Hoo,1969-08-01,HK,,,individual
C003270,Jamie Garcia,1961-08-21,AU,,,individual
C005261,Liz A. Garcia,1974-07-25,AU,,,individual
C004233,Zhi Qiang Huang,,TW,,,individual
C005315,Xiao Jun Hwang,1988-05-02,TW,,,individual
C005324,Yusef Hashimi,1993-05-05,EG,,,individual
C000203,Ibraheem Barkat,,CN,,,individual
C003280,Dan Novak,1999-02-28,US,,,individual
C001302,Red Sea Group,,AU,registration,REG-685407,entity
C003707,Jon Nguyễn,1968-08-24,GB,,,individual
C000080,Mohamad Barkat,1991-02-22,SY,,,individual
C000784,Mahmoud al-Farsi,1988-06-26,SY,,,individual
C005544,Suzy Muller,1954-02-03,BR,,,individual
C002949,Hsiang Lin,1987-02-08,SG,,,individual
C001247,Damavand Industries FZ-LLC,,UA,,,entity
C001061,Jade Dragon Electronics Public Joint Stock Company,,AE,,,entity
C000125,Abu Layth,1957-08-09,BY,,,individual
C000323,Swetlana Petrova,1988-02-24,BY,,,individual
C000466,Jamal Farsi,1954,AE,,,individual
C003474,Maggie Smithjones,1996-03-25,CA,,,individual
C003445,Rob Du Bois,1959-07-02,FR,,,individual
C002353,Hsiang Lin,1997-10-17,HK,,,individual
C003114,Rob Kowalsky,1959-06-06,DE,,,individual
C002591,Chih-Chiang Huang,,CN,,,individual
C004051,Jenny M. O'Brien,1985-03-21,US,,,individual
C000119,Yen Yeung,1992-10-18,IQ,,,individual
C002890,Beth García,1996-12-03,GB,,,individual
C002472,Lei Hu,1973-01-26,SG,,,individual
C004363,Johnny J. Schroeder,1974-04-17,US,,,individual
C004452,Wei Liu,1973-04-07,HK,,,individual
C004358,Alex A. Schroeder,,FR,,,individual
C000649,Bob O Brien,1969-09-20,BR,,,individual
C001108,Onyx Construction JSC,,YE,,,entity
C003727,Hsiang Sun,1954-07-11,TW,,,individual
C004453,Xiao Ming Huang,1983-08-24,CN,,,individual
C003285,Tony Nguyen,1971-05-25,AU,,,individual
C005761,Zhiqiang Huang,1988-09-13,HK,,,individual
C000616,Tatjana Schewtschenko,1957-09-28,KZ,,,individual
C002994,Mustapha Mansour,1984-09-18,IQ,,,individual
C000862,Trish Bianci,1958,US,,,individual
C000262,Hsiao-Chun Zhang,1998,CN,,,individual
C002691,Bob J. Schmidt,1998-03-12,AU,,,individual
C004802,Po Guo,1988-05-10,SG,,,individual
C002216,Lei Zhao,1985-11-04,TW,,,individual
C001727,Tao Wang,1955-02-01,SG,,,individual
C001049,The Delta Import Export LLC,,CA,,,entity
C003586,Tony Ferreira,1990-01-20,MX,,,individual
C003974,Xiaoming Li,1992-05-08,CN,,,individual
C002690,Iryna Kuznetsoffa,1996-07-13,BY,,,individual
C002098,Tao Zhu,,SG,,,individual
C001228,Orion Group,,AF,registration,REG-471026,entity
C002062,Mei-Ling Lin,1959-02-25,HK,,,individual
C003190,Danny García,,US,,,individual
C003365,Ming Cai,1986-03-04,TW,,,individual
C004856,Xiang Lin,1964-05-01,SG,,,individual
C002299,Jen Hernández,1993-08-17,AU,,,individual
C004087,Dan Fisher,1963-07-12,GB,,,individual
C002528,Fung Zhao,,TW,,,individual
C003084,Chun Kuo,1971-08-28,HK,,,individual
C000074,Farhaad Tehrany,1970,IR,,,individual
C004628,Yong Yang,1962-09-16,CN,,,individual
C000235,Mehdy Ahmadi,1990,SA,,,individual
C004029,Yury Aleksandrovich Petroff,1983-03-08,UA,,,individual
C001973,Dick Schmid,1983-11-28,FR,,,individual
C000060,Bobby OBrien,1994-04-11,BR,,,individual
C001296,The Euphrates Aviation SA,,BY,,,entity
C005280,Guo Qiang Zhou,1997-11-04,TW,,,individual
C003667,Wei Hu,,SG,,,individual
C004963,Elisabeth Bianci,1964-02-04,BR,,,individual
C000995,Zhenya,,AF,,,individual
C005555,Ming Lam,,TW,,,individual
C005123,Xiao Ming Huang,1984-03-03,CN,,,individual
C005475,Chiang Lam,1957-12-14,TW,,,individual
C002348,Hua Yang,1965-05-27,CN,,,individual
C004904,Fung Sun,1989-12-16,TW,,,individual
C004669,Ling Chao,1976-04-20,CN,,,individual
C000114,Lei Chang,1994-12-10,YE,,,individual
C000715,Xiaoming Huang,1963-08-20,HK,,,individual
C003824,Ming Zhou,1985-01-07,TW,,,individual
C000354,Svitlana Volkova,,UA,,,individual
C000845,Aicha Barakat,1964-08-10,SY,,,individual
C000124,Omer Barkat,1970-11-14,YE,,,individual
C004543,Pepe Hernandez,1982-03-02,GB,,,individual
C002181,Hua Hsu,,TW,,,individual
C001668,Ming Zhou,1961-11-02,TW,,,individual
C000229,Farhaad Muhammadi,1964-09,AF,,,individual
C000700,Abdul Rahman bin Walid Shahin,1992-06-18,IQ,,,individual
C001600,Vessel Baltic Swan Alpha,,IR,imo,IMO9508161,vessel
C001239,Al-Noor Electronics L.L.C.,,JO,,,entity
C003910,Wei Huang,1995-09-22,CN,,,individual
C004553,Xiang Xu,1957-02-03,CN,,,individual
C005750,Beth J. Mueller,1956-02-05,DE,,,individual
C004254,Tom M. Kowalski,1969-06-08,US,,,individual
C004054,Xiao Jun Hwang,1960-11-05,HK,,,individual
C003306,Aleksander Kusnezow,1986-05-14,KZ,,,individual
C005481,Bob A. Nowak,,FR,,,individual
C003309,Jian Guo Chen,1960-02-24,HK,,,individual
C002992,Hua Chu,1995-08-07,SG,,,individual
C004552,Ling Ma,1965-08-11,CN,,,individual
C000539,Gamal Al Masry,1999-09-11,SY,,,individual
C004296,José Smith Jones,1993-07-02,AU,,,individual
C003902,Mostafa Mansur,1973-09-17,JO,,,individual
C002074,Xiaoming Li,1994-08-23,HK,,,individual
C003503,Eddie M. Larsen,,US,,,individual
C000633,Achmed Nasser,1970-05-13,EG,,,individual
C004181,Bo Zhu,,SG,,,individual
C000446,Kozlova Swetlana Petrovna,1973-09-08,AU,,,individual
C005184,Yen Chu,1963-04-08,TW,,,individual
C000926,Zhi Qiang Cai,1987-08-18,TW,,,individual
C000359,Ping Hsu,1950-07-03,CN,,,individual
C002077,Feng Wu,,CN,,,individual
C004918,Wei Hwang,1987-10-19,TW,,,individual
C000548,Tom Nguyen,1988,SY,,,individual
C004943,José Lefèvre,1991-08-10,CA,,,individual
C005678,Jen Schröder,1996-10-05,GB,,,individual
C003130,Fung Ma,,SG,,,individual
C003810,Xiao-Ming Li,1993-02-22,SG,,,individual
C004880,Bo Guo,1985-07-11,SG,,,individual
C002377,Catherine A. Kowalski,,DE,,,individual
C003880,Mei-Ling Lin,1951-03-13,HK,,,individual
C001378,CRYSTAL TRADING Co,,SY,,,entity
C003126,Lei Mah,1951-11-22,SG,,,individual
C002525,Hua Zhang,,SG,,,individual
C004315,Hua Cai,1965-01-23,HK,,,individual
C005543,Xiao-Ming Liou,1973-06-15,TW,,,individual
C000247,Mohammed Al Hashemi,1990-04-21,YE,,,individual
C000625,Omar bin Yusuf Nasser,1979-02-01,YE,,,individual
C004858,Tao Huang,1959-10-14,HK,,,individual
C000801,Jose Silva,,GB,,,individual
C005471,Dan Silva,,CA,,,individual
C000065,Chirine Ahmadee,,IR,,,individual
C005250,Ming Zhou,1990-07-26,CN,,,individual
C003148,Chun Lam,1977-04-24,HK,,,individual
C003011,Jenny J. Schroeder,,US,,,individual
C001942,Hua Sun,1951-08-16,TW,,,individual
C002750,Eddie Novak,1998-09-28,FR,,,individual
C003690,Xiao Jun Chen,1991-11-16,HK,,,individual
C000048,Hua Tchen,1966-04-03,CN,,,individual
C000474,Wei Chang,,TW,,,individual
C001419,Blue Horizon Group,,RU,registration,REG-712414,entity
C002224,Chih-Chiang Chu,1995-08-07,CN,,,individual
C003424,Rob A. Petersen,1987-03-07,FR,,,individual
C001157,EASTERN STAR ELECTRONICS LLC,,AF,,,entity
C001622,Vessel Sun Dancer Alpha,,IR,imo,IMO9728554,vessel
C001539,MV Baltic Swan Star,,KM,,,vessel
C004566,Fung Lin,1995-02-23,CN,,,individual
C003159,Rich J. O'Brien,,AU,,,individual
C004464,Po Chu,1980-10-11,CN,,,individual
C002565,Will M. Sorensen,,BR,,,individual
C005222,Wei Liou,1987-12-10,HK,,,individual
C002431,Dan Silva,1954-10-04,GB,,,individual
C001701,Suzy Fischer,1989-09-27,DE,,,individual
C004000,Hsiang Hsu,1971-02-03,CN,,,individual
C003379,Johnny Schroeder,1970-09-08,MX,,,individual
C000456,Maggie Bianci,,CA,,,individual
C003458,Johnny A. Nguyen,1970-11-01,CA,,,individual
C000891,Chien-Kuo Yeung,1999-02-14,TW,,,individual
C002584,Jianguo Zhao,1974-10-17,SG,,,individual
C004645,Tkachenko Olga,1961-06-18,UA,,,individual
C004241,Po Li,,CN,,,individual
C001974,Bob Ferreyra,1993-01-01,GB,,,individual
C003169,Ping Sun,1970-11-18,TW,,,individual
C005431,Bob Kowalsky,1976-07-03,US,,,individual
C000122,"Volkova, Irina",1953-11-11,KZ,,,individual
C003080,Jamaal Qasem,1990-10-03,IQ,,,individual
C000894,Mohamed Al Sayyid,1990-12-02,SY,,,individual
C005406,Kave Rezai,1991-02-27,AF,,,individual
C005734,Tao Chang,1996-03-19,TW,,,individual
C001985,Johnny Schroeder,1982-02-09,AU,,,individual
C001173,The Baltic Shipping S.A.,,US,,,entity
C001734,Yen Hwang,1997-04-08,SG,,,individual
C005474,Lei Zhou,,CN,,,individual
C004512,Hua Chu,1995-11-10,TW,,,individual
C005809,Fung Wu,1955-10-02,CN,,,individual
C005445,Xiao-Ming Cai,,SG,,,individual
C005000,Ping Tsai,1971-05-01,HK,,,individual
C001595,M/T Black Tide,,LR,,,vessel
C001503,Sea Breeze III Express,,IR,,,vessel
C004107,Jian Guo Huang,1957-10-06,TW,,,individual
C005267,Pepe Smith-Jones,1955-03-23,US,,,individual
C000207,Mariam Ahmady,1969-09-18,FR,,,individual
C003102,Beth O Brien,,US,,,individual
C003529,Po Lee,1969-10-28,HK,,,individual
C004152,Chien-Kuo Wang,1952-08-17,HK,,,individual
C000383,Mariam Djafari,1979-08-08,AF,,,individual
C003490,Peggy García,1958-09-18,GB,,,individual
C000062,Mohamad Al Masry,1995-08-17,AE,,,individual
C002415,Jian Guo Huang,,HK,,,individual
C000575,Tao Chen,,SG,,,individual
C005700,Meiling Wu,1975-10-09,SG,,,individual
C003781,Ming Hu,1970-09-25,CN,,,individual
C004303,Kuo-Chiang Li,1962-02-23,CN,,,individual
C004485,Olha Tkachenko,1954-03-16,RU,,,individual
C000488,Kave Husseini,1959-10-04,AF,,,individual
C003420,Qiang Ma,1981-11-20,SG,,,individual
C000475,Xiao-Ming Kwok,1990-01-01,KZ,,,individual
C000812,Bob Andersson,1983,US,,,individual
C000870,Drew Pedersen,1954-03-09,AU,,,individual
C005500,Fung Li,1956-03-12,HK,,,individual
C000088,Sue Nowak,1950-07-06,DE,,,individual
C000580,Abu Layth,1955-06-21,SG,,,individual
C002776,Rida Hoseini,2000-07-20,AF,,,individual
C004795,Bob Novak,1976-01-06,BR,,,individual
C001324,"Summit Maritime, Public Joint Stock Company",,SG,,,entity
C005586,Ming Lin,1988-02-28,SG,,,individual
C003779,Chien-Kuo Chao,1959-07-07,TW,,,individual
C003070,Rezaei Kaveh,1955-12-12,AF,,,individual
C002404,Danny M. Petersen,1974-10-11,AU,,,individual
C003723,Ling Ma,,TW,,,individual
C001759,Will A. Sorensen,1972-11-26,DE,,,individual
C003304,Catherine Kowalski,1986-01-16,BR,,,individual
C001902,Ling Woo,,HK,,,individual
C003666,Peggy M. Garcia,1963-07-21,CA,,,individual
C000964,Elizabeth Schroeder,1981-04-13,MX,,,individual
C003657,Peggy A. Garcia,1971-09-12,US,,,individual
C005804,Jun Guo,,SG,,,individual
C000031,Rick Du Bois,,CA,,,individual
C003730,Ming Wang,1950-12-26,TW,,,individual
C004619,Chun Guo,1999-08-04,HK,,,individual
C002491,Pepe Lefèvre,1977-06-05,DE,,,individual
C000960,Charles Garcia,1956,BR,,,individual
C003574,Billy A. Fischer,1961-06-26,GB,,,individual
C002815,Johnny Fischer,,MX,,,individual
C004399,Mikey Schroeder,1997-02-01,MX,,,individual
C004894,Tony Sorensen,1964-10-18,FR,,,individual
C001708,Yung Zhu,,HK,,,individual
C005149,Ming Woo,1996-11-23,TW,,,individual
C001367,Falcon Engineering Ltd.,,LB,,,entity
C001180,Falcon Petroleum,,LB,,,entity
C003218,Pepe Lefevre,,DE,,,individual
C001478,MV Silver Lining One,,LR,,,vessel
C003207,Rick A. Silva,1998-02-04,FR,,,individual
C004268,Maggie Du Bois,1956-07-05,GB,,,individual
C004675,Pepe M. Larsen,1971-01-13,CA,,,individual
C000166,Rida Muradi,1952-10-12,AF,,,individual
C004689,Trish Andersen,2000-08-23,GB,,,individual
C004717,Bill A. Ferreira,,BR,,,individual
C000167,Andrey Fedorov,,UA,,,individual
C001361,Northern Lights Petroleum Limited,,YE,,,entity
C002607,Mei-Ling Chu,1981-10-14,HK,,,individual
C000483,Jamaal Salah,,SY,,,individual
C005532,Danny Müller,1981-12-13,GB,,,individual
C000595,Fung Choi,2000-07-06,HK,,,individual
C003053,Alex J. Schroeder,1962-04-15,DE,,,individual
C005807,Yusuf Ali Hashimi,1955-06-25,EG,,,individual
C002673,Guo Qiang Lam,1985-06-10,SG,,,individual
C003178,Xiang Hu,1959-04-17,CN,,,individual
C003796,Chun Wong,,TW,,,individual
C004041,Eddie OBrien,1998-08-11,CA,,,individual
C001838,Bill A. Hernandez,1992-12-20,MX,,,individual
C002428,Ming Hu,1968-11-08,SG,,,individual
C005441,Ping Zhao,1953-06-21,CN,,,individual
C004285,Jenny Schröder,1970-08-18,CA,,,individual
C000190,Laila al-Rashid,1989-02-17,JO,,,individual
C005643,Hua Xu,1976-02-24,HK,,,individual
C000493,Michail Tkachenko,1953-05-10,KZ,,,individual
C002747,Chuck García,1980-01-26,CA,,,individual
C003570,Sue A. Fischer,1997-02-26,FR,,,individual
C001978,Rick Lefevre,1953-06-28,GB,,,individual
C003819,Billy M. Sorensen,1980-01-28,US,,,individual
C005566,Jen A. Hernandez,1989-02-26,BR,,,individual
C005502,Jon Nguyen,1983-12-25,MX,,,individual
C005169,Yung Yang,1988-06-13,SG,,,individual
C004114,Charlie Garcia,1962-02-06,US,,,individual
C003324,Xiang Sun,,TW,,,individual
C001856,Feng Sun,1976-07-06,CN,,,individual
C002413,Po Kwok,1988-12-24,SG,,,individual
C000194,Olha Smirnoffa,,UA,,,individual
C001483,Vessel Lady Fortune Alpha,,LR,imo,IMO9595981,vessel
C005708,Yen Chu,1950-03-07,CN,,,individual
C004396,Lei Zhou,1994-12-22,TW,,,individual
C001969,Chien-Kuo Ma,1992-12-22,CN,,,individual
C002195,Petrov Yury,1957-08-09,RU,,,individual
C002310,Hosseini Reza,1985-06-16,AF,,,individual
C001623,Hormuz Pride,,CM,,,vessel
C000238,Yusef Kassem,1954,LB,,,individual
C001088,Caspian Agro,,DE,,,entity
C003804,Qiang Ma,1957-09-17,HK,,,individual
C002209,Billy Fischer,1975-03-09,AU,,,individual
C003736,Abd al-Rahman Chahine,1951-10-25,EG,,,individual
C002866,Tao Gao,,SG,,,individual
C004258,Pat J. Andersen,1969-01-18,BR,,,individual
C004083,Lei Hu,1950-10-09,HK,,,individual
C000448,Tom A. Nowak,1972-03-09,GB,,,individual
C003952,Suzy M. Mueller,1958-11-18,GB,,,individual
C002065,Iurii Nikolaevich Petrow,1995-11-03,RU,,,individual
C004414,Lei Tsai,1955-04-13,TW,,,individual
C003761,Eddie M. Schmidt,1998-10-14,CA,,,individual
C005687,Jenny Smith-Jones,2000-11-24,GB,,,individual
C004116,Zhi Qiang Wu,1972-02-14,SG,,,individual
C003575,Suzy Larson,1998-04-22,US,,,individual
C004668,Bill Fischer,,US,,,individual
C002602,Hua Gao,1969-11-13,SG,,,individual
C000034,Rida Mohammadi,1984-07-27,BY,,,individual
C005030,Meiling Zhu,1977-06-13,SG,,,individual
C005373,Mahmud Farsi,1996-06-15,LB,,,individual
C004646,Bob Smithjones,1950-10-17,MX,,,individual
C005245,Jian-Guo Wong,1958-08-26,TW,,,individual
C003316,Mahmud Farsi,1998-10-17,IQ,,,individual
C004696,Xiao Jun Ma,1993-05-23,SG,,,individual
C001534,Kestrel,,KM,,,vessel
C002308,Jamal Qasim,1968-11-13,JO,,,individual
C005752,Xiao Jun Yeung,1981-01-09,CN,,,individual
C005452,Bob Fisher,,US,,,individual
C002385,Elisabeth A. Mueller,1998-04-12,CA,,,individual
C003670,Bill Hernández,1960-06-13,AU,,,individual
C001621,Vessel Pacific Glory Alpha,,KM,imo,IMO9915779,vessel
C002543,Beth Sorenson,1966-04-21,GB,,,individual
C000470,Tatyana Tkatchenko,1964-10,KZ,,,individual
C005671,Jun Huang,1982-05-06,TW,,,individual
C002263,Hsiang Lo,1978-04-28,SG,,,individual
C001451,Ural Engineering Ltd,,GB,,,entity
C004726,Will Fischer,1983-04-28,DE,,,individual
C003749,Feng Zhao,1979-10-20,SG,,,individual
C004734,Xiao Jun Yeung,1978-02-19,SG,,,individual
C001793,Chuck Nowak,,MX,,,individual
C004339,Kate A. Kowalski,1970-06-17,GB,,,individual
C003115,Jian Guo Guo,1965-03-19,HK,,,individual
C000693,Kave Djafari,1955-02-28,AF,,,individual
C001498,Caspian Moon,,RU,,,vessel
C000212,Yousuf Shaheen,1981,AE,,,individual
C000674,Ed Kowalsky,1957-06-18,AU,,,individual
C000874,Farhaad Djafari,1990-02-22,AF,,,individual
C004234,Jim M. Ferreira,,DE,,,individual
C000467,Chun Chow,,CN,,,individual
C000432,Hossain Sadeqi,,IR,,,individual
C004990,Lei Chou,,HK,,,individual
C005706,Yen Chu,,TW,,,individual
C005312,Xiao-Ming Li,1966-10-23,TW,,,individual
C004085,Po Chao,,TW,,,individual
C001660,Tony Larsen,1964-07-18,BR,,,individual
C003941,Chih-Chiang Chu,1972-12-27,TW,,,individual
C005422,Jian Guo Wu,1973-02-23,HK,,,individual
C005602,Chiang Ma,1974-05-04,HK,,,individual
C004342,Beth OBrien,1950-07-05,US,,,individual
C003573,Chien-Kuo Ma,,CN,,,individual
C002603,Yung Chu,1990-07-08,TW,,,individual
C004647,Mikey Pedersen,1955-03-17,MX,,,individual
C003697,Xander Pedersen,1999-10-26,BR,,,individual
C001474,MT Golden Anchor II,,KM,,,vessel
C001479,Bosporus II,,CM,,,vessel
C004154,Ted A. Nowak,,AU,,,individual
C000820,Omar bin Ibrahim Nasser,,SY,,,individual
C001460,Vessel Red Falcon Alpha,,PA,imo,IMO9756688,vessel
C002507,Yen Hoo,1980-04-26,SG,,,individual
C002336,Peggy M. Hernandez,1980-01-02,US,,,individual
C003208,Chien-Kuo Guo,1995-05-06,CN,,,individual
C002313,Suzy Ferreyra,1986-10-25,GB,,,individual
C000439,Mohammed Qassem,,EG,,,individual
C003994,Tao Yang,,CN,,,individual
C002418,Guo Qiang Lin,,TW,,,individual
C001485,MT Ocean Pearl III,,KM,,,vessel
C005301,Rob Pedersen,1969-09-20,CA,,,individual
C003926,Pepe Schmid,1957-01-01,AU,,,individual
C003459,Dan Mueller,1979-01-03,GB,,,individual
C000286,Bill M.,,GB,passport,GB91694174,individual
C000403,Abdulla Zaidi,1958,JO,,,individual
C001034,Amber Technologies Public Joint Stock Company,,SY,,,entity
C005641,Kathy Schroeder,1965-02-15,FR,,,individual
C001541,Vessel Kestrel Alpha,,CM,imo,IMO9327317,vessel
C001386,Harbor Point Group,,DE,registration,REG-298082,entity
C001601,Sea Lion Star Spirit,,IR,,,vessel
C004064,Liz Schroeder,1995-08-22,AU,,,individual
C002068,Wei Kao,1956-10-13,CN,,,individual
C001227,Titan Petroleum LLC,,BR,,,entity
C000971,Tom Nguyễn,1993-06-14,CA,,,individual
C003402,Ibraheem al-Rashid,1956-09-12,LB,,,individual
C002049,Alex Hernandez,1977-02-02,MX,,,individual
C004060,Wei Hu,1957-01-12,HK,,,individual
C001339,"Amber Logistics, Company",,SA,,,entity
C000309,Meryem Sadeqi,1984-03-28,IR,,,individual
C005231,Catherine M. Larsen,1970-04-22,GB,,,individual
C003133,Bobby A. Petersen,1957-01-16,BR,,,individual
C002110,Sue Fisher,1982-11-03,FR,,,individual
C004862,Rich Nguyen,1981-01-09,FR,,,individual
C004133,Bobby Smith-Jones,1992-07-28,CA,,,individual
C005360,Ted Mueller,1984-04-13,CA,,,individual
C001624,MV Red Falcon II,,CM,,,vessel
C005530,Guo Qiang Wu,,SG,,,individual
C004531,Alex Hernández,1951-03-19,FR,,,individual
C001309,Zagros Textiles PJSC,,LB,,,entity
C002768,Beth J. Bianchi,1952-11-05,AU,,,individual
C003846,Tao Gao,1961-05-05,HK,,,individual
C004612,Drew DaSilva,,CA,,,individual
C000530,Peggy Da Silva,,GB,,,individual
C005795,Yung Li,,SG,,,individual
C005136,Zhiqiang Wu,1999-09-12,TW,,,individual
C000612,Nasreen Esfahani,,IR,,,individual
C004201,Zhi Qiang Kao,1996-11-12,SG,,,individual
C001379,The Volga Shipping GmbH,,AE,,,entity
C005588,Jian Guo Chen,1961-06-04,TW,,,individual
C004755,Xander Sorensen,,US,,,individual
C000934,Xiaoming Liu,,CN,,,individual
C002825,Alex Sorensen,,US,,,individual
C001926,Mostafa Al Sayyid,1967-04-25,JO,,,individual
C004359,Will Schröder,2000-05-22,GB,,,individual
C002641,Wei Sun,,HK,,,individual
C001682,Hua Kao,,HK,,,individual
C003726,Hua Cai,1985-06-20,TW,,,individual
C002610,Chih-Chiang Kao,1976-03-22,SG,,,individual
C001208,Amber Agro,,AE,,,entity
C001683,Youri Petrovich Petroff,1971-10-09,RU,,,individual
C001459,Vessel Sapphire Alpha,,IR,imo,IMO9359962,vessel
C002475,Hua Lin,1985-02-02,HK,,,individual
C003107,Petrov Iurii Nikolaevich,1950-10-23,KZ,,,individual
C005758,Hsiao-Chun Mah,1958-10-01,HK,,,individual
C003695,Fung Gao,1982-01-21,HK,,,individual
C001650,Wei Chen,1964-04-07,SG,,,individual
C005005,Wei Kao,1971-10-24,SG,,,individual
C005478,Chuck Bianci,1958-12-05,CA,,,individual
C005216,Tkachenko Olga Petrovna,1963-06-22,UA,,,individual
C005547,Jim García,1975-10-12,FR,,,individual
C004005,Ming Wu,1997-03-24,TW,,,individual
C004941,Rick A. Silva,,MX,,,individual
C001868,Chih-Chiang Huang,,CN,,,individual
C002356,Ping Sun,,HK,,,individual
C004916,Will Hernandez,,MX,,,individual
C005605,Po Luo,,HK,,,individual
C003982,Jon J. Schroeder,1982-03-07,MX,,,individual
C000830,Rich Fisher,1992,CA,,,individual
C001861,Peggy Smith Jones,,MX,,,individual
C003849,Jenny A. Schroeder,1991-02-01,GB,,,individual
C004151,Peggy A. Kowalski,,MX,,,individual
C001921,Ming Hu,1951-10-21,SG,,,individual
C003524,Maggie Dubois,1985-07-02,BR,,,individual
C004716,Trish Anderson,1950-08-17,FR,,,individual
C001553,M/V Pacific Glory II,,MH,,,vessel
C002067,Maggie M. Schroeder,1975-04-13,MX,,,individual
C005496,José Larsen,1977-02-14,US,,,individual
C003962,Hua Yang,1995-02-24,TW,,,individual
C003123,Kuo-Chiang Chou,1953-05-18,HK,,,individual
C001696,Tao Hwang,1967-11-26,SG,,,individual
C001100,Zagros Pharma OAO,,CA,,,entity
C002904,Fung Li,1973-08-19,TW,,,individual
C002670,Ming Wang,1961-10-05,HK,,,individual
C004563,Po Zhu,1965-06-02,CN,,,individual
C005826,Jun Huang,1957-11-15,CN,,,individual
C005612,Yousuf Rashid,1975-04-15,AE,,,individual
C000278,Babac Rezaee,,AF,,,individual
C002514,Chiang Mah,,TW,,,individual
C000697,Xiao Ming Chang,1950-09-07,HK,,,individual
C000137,Alee ben Hassan Rashid,,SA,,,individual
C003944,Guoqiang Zhou,1986-05-19,TW,,,individual
C002368,Mostafa Mansour,1955-09-21,SA,,,individual
C000335,Dan Schmitt,1954-03-27,GB,,,individual
C004654,Hua Gao,1983-11-21,SG,,,individual
C005511,Bob Ferreira,,BR,,,individual
C000582,Chiang Hoo,1972,SG,,,individual
C004328,Jenny Müller,1996-02-24,MX,,,individual
C001489,Silver Crest One Trader,,CM,,,vessel
C002557,Chien-Kuo Mah,,CN,,,individual
C003960,Wei Kao,,TW,,,individual
C001297,Delta Shipping Joint Stock Company,,JO,,,entity
C001295,EMERALD BAY AVIATION Sociedad Anonima,,YE,,,entity
C000445,Pepe Muller,,MX,,,individual
C004006,Rezaei Kave,1960-08-01,IR,,,individual
C003805,Jenny Nguyễn,1964-01-09,US,,,individual
C002108,Jian-Guo Chao,,CN,,,individual
C004649,Olha Tkatchenko,1973-01-15,BY,,,individual
C005470,Jenny Schröder,1959-03-07,DE,,,individual
C002639,Pat Fisher,1990-01-21,US,,,individual
C004535,Ping Chu,1986-05-13,HK,,,individual
C001284,The Amber Import Export JSC,,HK,,,entity
C001226,Silk Road Technologies FZ-LLC,,LB,,,entity
C000019,Mahdi Sadeqi,,CN,,,individual
C003405,Ping Chou,1975-07-12,CN,,,individual
C004677,Mustapha ben Ali al-Sayed,1981-04-13,LB,,,individual
C003890,Hsiang Gao,1964-04-05,SG,,,individual
C002737,Beth Nguyen,1980-07-20,DE,,,individual
C005193,Ming Zhou,1951-03-26,TW,,,individual
C004780,Hsiao-Ming Liou,1950-02-03,CN,,,individual
C004690,Johnny Fischer,,FR,,,individual
C002664,Maggie Nguyen,1981-06-21,MX,,,individual
C000663,Andrew Dubois,,US,,,individual
C004994,Moustafa Mansour,1988-10-14,SY,,,individual
C003525,Eddie Mueller,,BR,,,individual
C003088,Yan Cai,1970-03-28,CN,,,individual
C002144,Jenny O'Brien,1950-08-28,US,,,individual
C005816,Jian-Guo Kuo,1989-09-22,CN,,,individual
C001535,MV Ocean Titan,,RU,,,vessel
C002184,Charlie Nowak,1996-09-18,FR,,,individual
C004715,Suzy Ferreyra,,GB,,,individual
C003416,Mostafa Mansur,,AE,,,individual
C003205,Peggy Dubois,1982-04-28,US,,,individual
C003771,Po Lin,,TW,,,individual
C005316,Tao Zhou,1975-10-07,TW,,,individual
C001044,Zenith Agro,,LB,,,entity
C004939,Tao Zhou,1986-07-14,HK,,,individual
C004102,Youssef Rashid,1951-04-21,SA,,,individual
C005701,Tao Zhou,1950-07-16,HK,,,individual
C003660,Hua Kwok,1958-06-12,CN,,,individual
C005663,Mustapha Mansoor,1975-12-25,AE,,,individual
C005185,Xiang Hu,1952-08-12,TW,,,individual
C003269,Jen J. Hernandez,1962-07-23,MX,,,individual
C003150,Tommy Larsen,,FR,,,individual
C003142,Pepe M. Larsen,,CA,,,individual
C000628,Dima,,DE,,,individual
C004199,Tao Zhu,1959-05-16,TW,,,individual
C003399,Ling Lam,1955-07-07,HK,,,individual
C004676,Hua Cai,1964-02-06,SG,,,individual
C005194,Yen Choi,1997-01-04,TW,,,individual
C002556,Hsiao-Chun Hwang,1951-09-11,TW,,,individual
C004348,Chuck Fisher,1953-10-24,DE,,,individual
C005379,Rezaei Kave,1999-10-12,IR,,,individual
C000576,Tom Mueller,1950-01-01,BR,,,individual
C005628,Hua Xu,1976-09-08,TW,,,individual
C001076,Al-Noor Maritime PJSC,,IQ,,,entity
C001303,Al-Noor Import & Export Limited,,BR,,,entity
C000823,Natasha Jakowlewa,2000,UA,,,individual
C003079,Ping Zhu,1975-09-24,TW,,,individual
C004571,Rich Silva,1979-10-02,BR,,,individual
C005604,Kuo-Chiang Yang,1986-12-27,HK,,,individual
C002297,Ling Chao,1974-09-09,SG,,,individual
C003039,Alex Kowalsky,1962-12-10,CA,,,individual
C002275,José Hernández,,DE,,,individual
C003928,Kathy J. Schroeder,1973-01-16,AU,,,individual
C001334,Al-Bahr Shipping G.m.b.H.,,JO,,,entity
C005252,Yung Wang,1960-06-06,TW,,,individual
C000275,Victor Kozloff,,BY,,,individual
C001741,Po Wong,1968-01-04,TW,,,individual
C000295,Khaled Chahine,1966-02-14,SA,,,individual
C002637,Qiang Ma,,CN,,,individual
C003563,Elisabeth A. Nguyen,1990-02-28,FR,,,individual
C003516,Ping Zhu,1952-12-16,SG,,,individual
C000900,Mikey Ferreira,1964,FR,,,individual
C005633,Ping Cai,1961-11-28,TW,,,individual
C001112,Atlas Logistics PJSC,,HK,,,entity
C002220,Pepe Smith-Jones,1992-01-24,BR,,,individual
C004639,Xiao-Ming Gao,1996-01-26,SG,,,individual
C005735,Yen Chang,1974-09-17,TW,,,individual
C001850,Wei Wu,,CN,,,individual
C003919,Pat Novak,,DE,,,individual
C000969,Lei Wang,1979,HK,,,individual
C001756,Mei Ling Chen,,CN,,,individual
C002063,Maggie Kowalski,,MX,,,individual
C000025,Abu Layth,2000-10-02,SA,,,individual
C002842,Nataliya Kuznetsoffa,1978-11-14,RU,,,individual
C000624,Mahdi Esfahany,1992-04-20,AF,,,individual
C002841,Charlie Bianci,1990-06-09,FR,,,individual
C005057,Bill Schroeder,1976-04-13,DE,,,individual
C002651,Mostafa Elsayed,1983-06-03,EG,,,individual
C001950,Ling Kao,1965-10-14,CN,,,individual
C001106,Jade Dragon Trading Ltd,,IR,,,entity
C005775,Yung Zhu,1950-09-21,CN,,,individual
C002908,Chih-Chiang Ng,1961-11-17,HK,,,individual
C001438,The Euphrates Logistics Public Joint Stock Company,,IR,,,entity
C000193,Charlie Sorenson,1986,MX,,,individual
C000110,Ibraheem Mansour,1993,SY,,,individual
C000106,Sergej Kuznetsov,1961-09-24,AU,,,individual
C003185,Bill Hernández,1983-03-05,FR,,,individual
C003436,Yong Zhao,1950-04-24,CN,,,individual
C005777,Tkachenko Olha,1985-01-07,RU,,,individual
C003742,Drew A. Hernandez,2000-06-22,MX,,,individual
C002112,Pepe M. Silva,1957-08-21,DE,,,individual
C004749,Peggy Schroeder,1978-09-08,US,,,individual
C000679,Jamaal Barkat,1967-04-14,SY,,,individual
C002659,Mostafa Jamal Mansour,1991-05-10,YE,,,individual
C001561,Bosporus One Express,,PA,,,vessel
C004196,Chiang Lin,1970-05-04,TW,,,individual
C001263,Nile Valley Investments Limited,,LB,,,entity
C005770,Xiao Jun Ma,1972-12-22,SG,,,individual
C004216,Rich Le Fevre,1993-06-11,FR,,,individual
C003765,Tao Chu,1981-08-07,SG,,,individual
C002130,Yan Huang,1964-01-27,SG,,,individual
C001075,Sinai Textiles G.m.b.H.,,AE,,,entity
C004618,Tao Kao,1990-09-02,TW,,,individual
C003549,Rida Husseini,1993-08-05,IR,,,individual
C004272,Yen Ma,1979-03-07,TW,,,individual
C001457,Crystal Electronics GmbH,,TW,,,entity
C005480,Yung Wang,1954-10-26,HK,,,individual
C005442,Dick Nguyen,1950-08-14,DE,,,individual
C004807,Zhiqiang Zhu,1974-12-19,CN,,,individual
C004026,Rob Schmitt,1981-12-17,FR,,,individual
C000586,Xiaojun Li,1973-01-06,HK,,,individual
C005559,Bob J. Garcia,1997-06-21,BR,,,individual
C002956,Mikey Hernández,1964-01-26,GB,,,individual
C005063,Chuck J. Garcia,,DE,,,individual
C004636,Dick A. Nguyen,1979-03-16,BR,,,individual
C004428,Ming Wu,1960-10-26,TW,,,individual
C005446,Po Hu,,TW,,,individual
C001830,Mike M. Mueller,1950-07-25,FR,,,individual
C002580,Chun Wang,1969-08-17,HK,,,individual
C004223,Tariq Farsi,1978-08-23,IQ,,,individual
C000138,Aly Zaidi,1974-08-08,EG,,,individual
C003534,Danny M. Mueller,1993-04-13,CA,,,individual
C000666,Abdul Rahman Shahin,,YE,,,individual
C001231,SILK ROAD ELECTRONICS Free Zone Establishment,,JO,,,entity
C005416,Hsiao-Chun Mah,1961-04-05,SG,,,individual
C001032,CASPIAN PHARMA Limited,,DE,,,entity
C002588,Ping Lo,1999-09-10,HK,,,individual
C004243,Will Schroder,1993-04-02,MX,,,individual
C000883,Alex Anderson,1998-11-25,MX,,,individual
C002016,Will A. Ferreira,1998-12-06,MX,,,individual
C004732,Kave Rezai,1955-07-14,IR,,,individual
C005703,Beth A. Nowak,1983-05-11,DE,,,individual
C003712,Drew Silva,1969-08-23,BR,,,individual
C001207,Crystal Import & Export Sociedad Anonima,,FR,,,entity
C001433,SINAI TRADING GmbH,,FR,,,entity
C002865,Chien-Kuo Hwang,,HK,,,individual
C004225,Xiao Jun Woo,,TW,,,individual
C005791,Peggy A. Schmidt,1988-11-20,MX,,,individual
C002036,Jun Li,1982-03-22,SG,,,individual
C001310,Delta Industries Sociedad Anonima,,SG,,,entity
C001141,Ivory Coast Shipping Public Joint Stock Company,,MX,,,entity
C004461,Tatyana Wolkowa,,UA,,,individual
C001894,Dan Garcia,1958-11-24,BR,,,individual
C000406,Husain Al Hashemi,,EG,,,individual
C003230,Tao Huang,,CN,,,individual
C001016,Pacific Rim Investments PJSC,,SY,,,entity
C004838,Chien-Kuo Wong,,SG,,,individual
C002765,Kate O'Brien,,CA,,,individual
C003633,Elisabeth A. Nowak,1999-03-19,FR,,,individual
C004724,Hua Xu,,TW,,,individual
C005539,Yan Zhou,,SG,,,individual
C002505,Xiaoming Cai,1950-02-11,HK,,,individual
C003531,Jon Nguyễn,1996-07-22,US,,,individual
C002230,Mustafa Sayed,,LB,,,individual
C001390,AL-BAHR CONSTRUCTION Public Joint Stock Company,,AF,,,entity
C005394,Guo Qiang Zhou,,TW,,,individual
C004123,Moustafa Elmasry,1979-12-17,SY,,,individual
C001065,Harbor Point Steel Public Joint Stock Company,,IR,,,entity
C005049,Tommy Larsen,1958-07-07,AU,,,individual
C002111,Jim Smith Jones,1962-07-17,DE,,,individual
C001412,Ivory Coast Pharma Company,,IQ,,,entity
C005778,Trish A. Sorensen,1960-06-15,BR,,,individual
C003646,Ping Zhou,,HK,,,individual
C004294,José Lefèvre,1967-06-18,CA,,,individual
C003836,Ling Cai,1974-06-23,CN,,,individual
C005715,Pepe Larson,1972-08-11,FR,,,individual
C004119,Andy Du Bois,1953-01-08,MX,,,individual
C000508,Dimitri Volkoff,1964-01-09,RU,,,individual
C004045,Andy DaSilva,,MX,,,individual
C001637,Hua Lam,1989-08-28,SG,,,individual
C005522,Yung Zhu,2000-01-27,TW,,,individual
C005309,José M. Nguyen,1985-11-27,BR,,,individual
C001707,Ming Wang,,CN,,,individual
C004727,Hosseini Reza,1977-08-09,AF,,,individual
C005720,Kathy Pedersen,1971-09-12,DE,,,individual
C003812,Hua Zhu,,CN,,,individual
C000413,Sokolov Nikolai,1952-05-12,UA,,,individual
C000980,Hsiang Chang,1967,HK,,,individual
C004002,Catherine Schroeder,2000-11-16,CA,,,individual
C002440,Drew J. Dubois,1950-08-15,MX,,,individual
C002202,Fung Lee,1979-11-05,TW,,,individual
C004745,Jen M. Mueller,,DE,,,individual
C001665,José Dubois,1952-12-16,BR,,,individual
C003021,Wei Huang,1955-08-15,TW,,,individual
C005251,Rida Hosseiny,,IR,,,individual
C000345,Rick J. Fischer,1989-04-18,CA,,,individual
C003794,José A. Bianchi,,BR,,,individual
C001633,Danny Da Silva,1956-12-06,AU,,,individual
C003592,Rida Hosseiny,,IR,,,individual
C000727,Yuri Petrova,,BY,,,individual
C000458,Dan Sorensen,1996-06,LB,,,individual
C001656,Drew Hernández,,CA,,,individual
C000408,Tommy Hernandez,,DE,,,individual
C002735,Ping Cai,1989-04-02,HK,,,individual
C001641,Ling Mah,1997-01-27,TW,,,individual
C003791,Ping Suen,1995-03-11,SG,,,individual
C001174,Summit Minerals,,AE,,,entity
C005332,Jun Guo,1999-04-02,SG,,,individual
C003485,Wei Liu,1974-03-04,TW,,,individual
C004957,Mike M. Andersen,1987-07-16,GB,,,individual
C005154,Xiang Luo,1951-01-20,CN,,,individual
C003137,Wei Wu,1990-12-10,CN,,,individual
C005264,Hua Liu,,SG,,,individual
C002654,Tarik El Farsi,1959-02-19,JO,,,individual
C003724,Maggie Schmid,1981-03-06,FR,,,individual
C002736,Danny M. Mueller,1991-12-12,US,,,individual
C002613,Jen J. Smith-Jones,1980-07-12,AU,,,individual
C002035,Xander J. Sorensen,,MX,,,individual
C001528,Sea Lion III,,RU,,,vessel
C003665,Xiao-Ming Kao,,TW,,,individual
C002532,Hua Wang,,HK,,,individual
C003119,Olha Tkatchenko,1989-07-26,KZ,,,individual
C001717,José Da Silva,1989-11-08,BR,,,individual
C002387,Tony OBrien,1998-05-07,DE,,,individual
C001435,"Euphrates Engineering, Company",,DE,,,entity
C005562,Ping Sun,1968-09-05,HK,,,individual
C003361,Trish Andersen,1960-07-15,CA,,,individual
C003713,Maggie M. Schroeder,1965-08-09,US,,,individual
C001892,Kuo-Chiang Li,1981-02-25,SG,,,individual
C002391,Kathy Larson,1964-11-16,AU,,,individual
C002145,Yousuf Rashid,1951-05-17,AE,,,individual
C003071,Charlie O'Brien,,DE,,,individual
C003246,Pepe J. Hernandez,1957-04-11,GB,,,individual
C002754,Billy Bianchi,,DE,,,individual
C004289,Ming Luo,1955-11-04,TW,,,individual
C005295,Johnny Nguyễn,1996-02-04,GB,,,individual
C001584,Desert Rose One Spirit,,CM,,,vessel
C002050,Bob García,1986-07-07,MX,,,individual
C000244,Victor Petrovich Kuznetsoff,1985-02-11,UA,,,individual
C003986,Catherine Fisher,1997-08-23,MX,,,individual
C000254,Chirine Rezaie,1965-05-23,IR,,,individual
C005812,Wei Woo,1991-09-13,TW,,,individual
C005041,Mikey Petersen,,BR,,,individual
C004579,Maggie García,1981-01-16,CA,,,individual
C003916,Mahmood Farsi,,AE,,,individual
C003762,Ling Mah,1953-02-16,TW,,,individual
C002411,Billy A. Fischer,1972-12-10,AU,,,individual
C002113,Dan J. Garcia,1983-03-24,US,,,individual
C002452,Hsiang Hsu,2000-09-10,SG,,,individual
C001064,"Al-Noor Agro, Co.",,LB,,,entity
C001712,Jian Guo Gao,1992-06-18,CN,,,individual
C002247,Jian Guo Ma,1978-05-25,TW,,,individual
C003493,Jamie J. Andersen,1960-12-02,MX,,,individual
C004913,Wei Yang,1988-08-19,SG,,,individual
C002338,Rida Hosseini,1975-06-11,IR,,,individual
C004249,Wei Liou,1994-05-27,CN,,,individual
C000020,Tarek al-Sayed,1958-10-22,AE,,,individual
C003662,Ling Wu,1988-05-22,CN,,,individual
C000648,Abdul Rahman Shahin,,IQ,,,individual
C002180,Mikey Muller,1983-12-13,CA,,,individual
C002123,Kathy Fisher,1963-02-08,GB,,,individual
C004667,Rida Husseini,1987-02-01,IR,,,individual
C003656,Ming Lam,1985-08-10,TW,,,individual
C005719,Jenny Schroeder,1952-03-17,DE,,,individual
C001109,The Orion Holdings SA,,AE,,,entity
C001531,Vessel Silver Lining Alpha,,CM,imo,IMO9067437,vessel
C001363,Eastern Star Technologies Ltd.,,TW,,,entity
C000789,Andrew Smith-Jones,1956,GB,,,individual
C004232,Ed Schmidt,1990-06-10,BR,,,individual
C003282,Hsiang Luo,1994-05-02,CN,,,individual
C000758,Wei Zhu,,TW,,,individual
C001383,Pacific Rim Electronics Ltd,,LB,,,entity
C002594,Xiao Ming Gao,1955-08-23,HK,,,individual
C005567,Eddie Garcia,1988-06-16,BR,,,individual
C004906,Zhiqiang Huang,1972-10-26,HK,,,individual
C000552,Kate Nowak,1954,CA,,,individual
C004004,Jon Schroder,,DE,,,individual
C000373,Ihor Petroff,,UA,,,individual
C004080,Po Guo,1959-05-20,SG,,,individual
C003344,Yan Zhao,1984-02-18,CN,,,individual
C001000,Johnny Smith Jones,1950-07-20,GB,,,individual
C001843,Tony Kowalsky,1978-01-03,BR,,,individual
C004279,Pepe Larson,1987-11-01,AU,,,individual
C002167,Tony A. Sorensen,1993-12-06,DE,,,individual
C001962,Yen Wong,1965-01-19,SG,,,individual
C002782,Sue Ferreira,1990-10-14,AU,,,individual
C004486,Maggie J. Hernandez,1962-11-11,DE,,,individual
C001567,MT Kestrel II,,IR,,,vessel
C002199,Jun Yang,1976-07-02,SG,,,individual
C003090,Wei Yang,2000-09-28,HK,,,individual
C003027,"Tkachenko, Olga",1956-11-09,BY,,,individual
C003992,Rick Schmitt,,FR,,,individual
C005368,Lei Zhou,1971-07-24,CN,,,individual
C000936,Xiaoming Gao,,TW,,,individual
C000605,Wei Lin,,TW,,,individual
C002920,Hsiang Lam,1958-08-11,TW,,,individual
C005217,Rob Peterson,1994-09-08,CA,,,individual
C002462,Hua Tsai,1950-02-10,SG,,,individual
C004590,Irena Kuznetsova,1959-01-22,KZ,,,individual
C004671,Dan Nowak,2000-04-16,FR,,,individual
C001518,M/V Baltic Swan III,,MH,,,vessel
C002752,Mostafa al-Masri,1974-02-10,AE,,,individual
C001916,Dan Fischer,1954-12-12,FR,,,individual
C002671,Maggie M. Dubois,1971-02-20,DE,,,individual
C002029,Rida Hosseini,1983-09-22,AF,,,individual
C003692,Feng Gao,1996-09-21,CN,,,individual
C002102,Tao Hu,1983-07-08,TW,,,individual
C001745,Wei Zhu,1973-10-14,HK,,,individual
C004065,Maggie Schroder,,MX,,,individual
C005692,Mei-Ling Xu,1968-12-21,TW,,,individual
C001354,Meridian Petroleum Ltd,,FR,,,entity
C003598,Guoqiang Hu,1983-12-13,SG,,,individual
C001398,Damavand Petroleum G.m.b.H.,,FR,,,entity
C005349,Trish Andersen,1980-06-07,GB,,,individual
C004954,Tommy Kowalski,1956-01-21,AU,,,individual
C004765,Jian-Guo Gao,1972-11-14,HK,,,individual
C004094,Jianguo Huang,1967-11-17,SG,,,individual
C001540,Vessel Coral Queen Alpha,,KM,imo,IMO9100061,vessel
C003988,Chun Li,1971-04-27,TW,,,individual
C002578,Suzy J. Dubois,1970-12-18,MX,,,individual
C005516,Chiang Mah,1950-03-09,TW,,,individual
C005594,Po Wong,,TW,,,individual
C005291,Olha Tkatchenko,1990-09-06,UA,,,individual
C003899,Liz Nguyen,1994-03-15,CA,,,individual
C004469,Tom Ferreyra,1973-08-20,BR,,,individual
C002976,Liz Sørensen,1971-08-21,MX,,,individual
C002231,Rida Hoseini,,IR,,,individual
C005034,Yen Zhu,,SG,,,individual
C004371,Wei Huang,1992-03-06,CN,,,individual
C005724,Alee Qasim,,AE,,,individual
C001461,MT Grand Voyager Star,,IR,,,vessel
C003553,Liz J. Sorensen,1972-07-25,MX,,,individual
C001007,Wei Wu,1968-09-12,TW,,,individual
C003985,Guo Qiang Lam,1970-11-02,TW,,,individual
C003138,Bob M. Ferreira,1973-07-28,US,,,individual
C004503,Youssef Rashid,1973-01-11,SY,,,individual
C004730,Qiang Zhou,1959-07-28,CN,,,individual
C004124,Tao Chu,1973-03-01,HK,,,individual
C002677,Ling Xu,1983-08-20,CN,,,individual
C001822,Jamie Ferreira,1971-03-05,CA,,,individual
C003755,Kuo-Chiang Lam,1968-02-16,SG,,,individual
C001169,Falcon Logistics Limited Liability Company,,AF,,,entity
C003871,Trish Müller,1994-06-23,BR,,,individual
C002598,Ebrahim Rasheed,1961-03-10,JO,,,individual
C003448,Bo Wang,1986-08-12,SG,,,individual
C003844,Hsiao-Chun Chen,1956-03-14,CN,,,individual
C000795,Ming Kao,1953-06-26,HK,,,individual
C003006,Zhi Qiang Gao,1956-03-06,SG,,,individual
C001583,M/V Hormuz Pride II,,PA,,,vessel
C004071,Suzy Ferreyra,,AU,,,individual
C001944,Billy Bianci,1999-12-19,GB,,,individual
C000224,Ameer Mohamadi,1971-05-27,AF,,,individual
C005591,Rob Ferreyra,,FR,,,individual
C001992,Lei Hu,,SG,,,individual
C002996,Kuo-Chiang Lam,1977-06-07,SG,,,individual
C003801,Charlie M. Fischer,1981-08-20,AU,,,individual
C000574,Mei-Ling Chao,,TW,,,individual
C002738,Fung Hwang,1971-02-28,HK,,,individual
C005534,Tony Fischer,1958-03-16,DE,,,individual
C004491,Alex M. Sorensen,1989-09-03,US,,,individual
C004993,Elisabeth Schroeder,1967-02-07,DE,,,individual
C003976,Lei Ma,,TW,,,individual
C004299,Yen Gao,1973-05-02,SG,,,individual
C002172,Tony J. Kowalski,,FR,,,individual
C004577,Chiang Lam,1984-04-17,TW,,,individual
C002432,Will J. Schroeder,,GB,,,individual
C001677,Ming Tsai,1996-08-19,HK,,,individual
C003614,Rob Smith-Jones,1982-05-02,US,,,individual
C002463,Feng Wu,1957-12-11,TW,,,individual
C001331,SILK ROAD AGRO Co.,,AU,,,entity
C005578,Hsiang Suen,1954-01-23,CN,,,individual
C002729,Mustafa Omar Sayed,1976-04-13,LB,,,individual
C001517,M/V Red Falcon One,,IR,,,vessel
C002668,Ming Luo,2000-08-19,SG,,,individual
C004062,Wei Gao,1965-01-19,CN,,,individual
C003818,Bob A. Smith-Jones,,CA,,,individual
C004188,Lei Zhou,1959-09-20,CN,,,individual
C001041,Phoenix Industries FZE,,CN,,,entity
C004422,Tao Hu,,CN,,,individual
C003136,Jun Lin,1989-10-13,HK,,,individual
C000594,Tao Chao,,HK,,,individual
C000266,Hassane al-Farsi,1991-03-09,IQ,,,individual
C001763,"Petrov, Yuri",,KZ,,,individual
C003100,Lei Chao,,SG,,,individual
C002497,Tarik Farsi,1970-08-18,SA,,,individual
C004079,Tarek Farsi,1973-09-19,LB,,,individual
C001453,The Onyx Electronics Limited,,CA,,,entity
C000681,Yousuf Barkat,1951,AE,,,individual
C001192,Lotus Trading GmbH,,SG,,,entity
C000174,Wladimir Ivanovich Wolkow,1958-09-19,UA,,,individual
C003015,Tao Yeung,1963-08-06,SG,,,individual
C001574,M/V Atlantic Hope Star,,LR,,,vessel
C003291,Ping Chow,1971-12-13,TW,,,individual
C003247,Peggy Smith-Jones,1951-03-10,BR,,,individual
C001374,Eastern Star Steel GmbH,,MX,,,entity
C002851,Hsiang Gao,1966-08-08,SG,,,individual
C003813,Jenny M. O'Brien,1953-10-02,AU,,,individual
C001996,Xiang Lin,1982-10-24,CN,,,individual
C005111,Bobby M. Nowak,1974-04-04,GB,,,individual
C000077,Olha Wolkowa,,RU,,,individual
C005116,Dan Müller,1980-02-28,AU,,,individual
C002541,Guo Qiang Li,1998-05-16,CN,,,individual
C002818,Bo Guo,,CN,,,individual
C001166,The Eastern Star Holdings FZ-LLC,,AU,,,entity
C001586,Vessel Andromeda Alpha,,PA,imo,IMO9098443,vessel
C000769,Yusuf al-Rashid,,SA,,,individual
C004958,Hsiang Kao,1993-12-16,HK,,,individual
C002150,Billy Hernandez,1988-04-08,BR,,,individual
C004825,Meiling Lin,1979-10-12,TW,,,individual
C002493,Jenny Petersen,1988-04-27,FR,,,individual
C002940,Yen Zhao,,CN,,,individual
C001165,Zagros Steel FZ-LLC,,SA,,,entity
C002884,Tao Chu,,SG,,,individual
C004599,Qiang Ma,1993-10-17,TW,,,individual
C004014,Fung Li,1990-05-04,HK,,,individual
C001897,Kuo-Chiang Lam,,SG,,,individual
C003922,Xiao Ming Hoo,,SG,,,individual
C000471,Guo Qiang Chen,1959-05-11,FR,,,individual
C001589,MV Black Tide III,,CM,,,vessel
C005094,Ted Du Bois,1951-08-22,CA,,,individual
C005067,Rezaei Kaveh,,AF,,,individual
C001203,Kamchatka Engineering G.m.b.H.,,IR,,,entity
C001953,Ping Chan,,TW,,,individual
C004556,Sue J. Mueller,1958-03-28,MX,,,individual
C003367,Fung Lam,1968-02-27,HK,,,individual
C003043,Mei-Ling Xu,,TW,,,individual
C001982,Bobby Ferreyra,1989-06-19,GB,,,individual
C000791,Tao Zhang,1956-12-18,HK,,,individual
C001526,Vessel Desert Rose Alpha,,KM,imo,IMO9484497,vessel
C002236,Rich Lefèvre,,DE,,,individual
C003504,Hua Liou,1997-05-03,HK,,,individual
C004722,Eddie Nowak,1960-12-24,GB,,,individual
C004429,Alee Kassem,1984-01-05,AE,,,individual
C002551,Jim Smith-Jones,,BR,,,individual
C004097,Suzy Du Bois,1997-07-13,US,,,individual
C005589,Ping Chen,1964-06-13,CN,,,individual
C003802,Jian Guo Ma,1957-05-03,SG,,,individual
C003940,Ed OBrien,1956-12-17,AU,,,individual
C002485,"Kuznetsov, Alexandr",1961-06-17,BY,,,individual
C000047,Ameer Teherani,,IR,,,individual
C002784,Ping Chao,1982-03-27,CN,,,individual
C001024,GOLDEN CRESCENT IMPORT EXPORT Free Zone Establishment,,UA,,,entity
C001571,MT Storm Petrel,,KM,,,vessel
C004574,Tommy Ferreyra,1986-01-01,GB,,,individual
C002552,Bob Schroeder,1981-06-18,MX,,,individual
C001105,Atlas Holdings OAO,,BR,,,entity
C002562,Tao Hwang,1980-03-05,CN,,,individual
C001062,Damavand Textiles,,SA,,,entity
C001699,Tatyana Volkova,1973-10-17,KZ,,,individual
C002326,Chih-Chiang Gao,,SG,,,individual
C001186,The Ivory Coast Holdings L.L.C.,,LB,,,entity
C004267,Chun Hwang,1991-09-06,HK,,,individual
C001030,Harbor Point Logistics Ltd,,JO,,,entity
C002620,Chuck J. Nowak,,MX,,,individual
C000443,Chiang Suen,1973,TW,,,individual
C003165,Tony M. Kowalski,,DE,,,individual
C002206,Po Lam,1988-02-01,SG,,,individual
C004499,Pat J. Andersen,1998-07-04,MX,,,individual
C003191,Po Hwang,,HK,,,individual
C001750,Drew Da Silva,1952-08-23,BR,,,individual
C001654,Ping Zhou,1986-01-23,SG,,,individual
C004655,Chuck O Brien,,GB,,,individual
C002245,Yen Liu,1982-04-23,SG,,,individual
C005097,Hsiang Hsu,1950-10-12,HK,,,individual
C001746,Ted A. O'Brien,1997-04-10,BR,,,individual
C003721,Hua Chang,1973-10-21,CN,,,individual
C004264,Hsiao-Ming Hu,,SG,,,individual
C000280,Nasreen Kareemi,1988-07-17,IR,,,individual
C004330,Volkova Tatjana Nikolaevna,1963-04-21,KZ,,,individual
C005741,Moustafa Mansur,1993-10-25,IQ,,,individual
C000395,Jen García,,AU,,,individual
C001301,Blue Horizon Chemicals Company,,CA,,,entity
C004374,Mei Ling Xu,,SG,,,individual
C003203,Xiao Jun Yang,1951-01-15,HK,,,individual
C004361,Zhiqiang Gao,1984-05-23,TW,,,individual
C000592,Aleksander Zaicev,1969-01-19,BY,,,individual
C005728,Wei Hoo,1986-01-10,HK,,,individual
C000597,Xiao-Ming Zhao,1950-02-06,AU,,,individual
C003564,Hua Kao,,SG,,,individual
C004558,Yung Suen,,SG,,,individual
C003149,Johnny Fisher,,DE,,,individual
C002716,Sue J. Kowalski,1987-07-03,MX,,,individual
C003140,Yong Zhu,1973-09-20,HK,,,individual
C002344,Charlie A. Bianchi,2000-08-10,CA,,,individual
C005725,Bob García,1999-10-07,CA,,,individual
C004309,Po Hwang,1987-03-06,SG,,,individual
C001609,Vessel Silver Lining Alpha,,MH,imo,IMO9680452,vessel
C001487,Storm Petrel One Express,,IR,,,vessel
C000643,Moustafa Hashemi,1999-01-08,EG,,,individual
C001569,Vessel Atlantic Hope Alpha,,IR,imo,IMO9890193,vessel
C001038,Baltic Petroleum LLC,,YE,,,entity
C003412,Yen Huang,1984-12-04,HK,,,individual
C001970,Dan Nowak,1996-02-03,GB,,,individual
C004813,Hsiao-Chun Chan,1986-06-21,HK,,,individual
C001510,Vessel Andromeda Alpha,,KM,imo,IMO9541910,vessel
C005790,Ping Chen,1990-12-06,TW,,,individual
C002843,Chiang Mah,1971-01-03,CN,,,individual
C004146,Charlie Novak,1960-08-17,GB,,,individual
C005096,Tony OBrien,1952-08-25,DE,,,individual
C001508,Sea Breeze II,,KM,,,vessel
C001073,Titan Group,,KZ,registration,REG-246203,entity
C002512,Mei Ling Ng,1972-06-06,TW,,,individual
C003568,Hua Cai,1983-03-09,SG,,,individual
C000263,Kolya,1957-09-19,SG,,,individual
C002312,Liz A. Fischer,1998-03-05,US,,,individual
C003576,Jenny Smith-Jones,1960-11-01,US,,,individual
C003717,Hua Lin,1982-01-27,TW,,,individual
C002486,Jon Schroeder,1992-06-04,US,,,individual
C005143,Alex Schroder,,CA,,,individual
C004132,Ping Chen,1952-08-10,SG,,,individual
C004870,Sue Larson,1994-05-10,CA,,,individual
C005615,Hua Liu,1955-04-13,CN,,,individual
C002555,José Smithjones,,CA,,,individual
C003378,Rob M. Dubois,1990-09-06,DE,,,individual
C000374,Fung Liou,1959-01-09,TW,,,individual
C004378,Jen A. Petersen,,US,,,individual
C003066,Johnny Fischer,1979-09-08,MX,,,individual
C005536,Jun Huang,1952-06-01,TW,,,individual
C001067,Emerald Bay Investments Limited Liability Company,,AU,,,entity
C005358,Rich M. Silva,,BR,,,individual
C005436,Alex Garcia,,AU,,,individual
C002429,Maggie A. Hernandez,1984-12-26,AU,,,individual
C004826,Po Zhu,1989-07-17,TW,,,individual
C004067,Danny Novak,1978-01-23,AU,,,individual
C003822,Yousuf al-Hashimi,1956-10-15,AE,,,individual
C000610,Wei Kuo,1972-11-12,TW,,,individual
C005585,Ted J. O'Brien,1978-03-07,BR,,,individual
C000561,Pat Schmid,,GB,,,individual
C004037,Ping Sun,1950-10-06,HK,,,individual
C000768,Waleed bin Ahmad Mansour,1996-03-13,SA,,,individual
C003375,Liz Petersen,1979-11-22,FR,,,individual
C003425,Bill A. Andersen,1964-06-28,AU,,,individual
C003034,Suzy Mueller,,GB,,,individual
C004598,Guoqiang Hu,1989-02-14,CN,,,individual
C002757,Yen Chao,,CN,,,individual
C000282,Sue Pedersen,1995-11-15,US,,,individual
C004664,Dan García,,MX,,,individual
C001659,Yen Huang,1997-12-20,CN,,,individual
C004849,Chiang Ma,1974-02-06,HK,,,individual
C004061,Yen Zhou,1984-01-12,TW,,,individual
C005747,Tao Zhu,1950-06-10,HK,,,individual
C003000,Fung Zhao,1959-10-19,SG,,,individual
C000464,Andy Sørensen,,MX,,,individual
C001170,Falcon Investments Limited,,IR,,,entity
C001072,Zenith Pharma,,YE,,,entity
C004682,Hua Liu,1979-03-19,TW,,,individual
C000378,Kuo-Chiang Zhang,1982,CN,,,individual
C000434,Tony García,1979,DE,,,individual
C002730,Fung Suen,1975-11-03,TW,,,individual
C000146,Suzy Nguyễn,,DE,,,individual
C004912,Omer ibn Ibrahim Naser,1982-04-01,YE,,,individual
C003551,Hsiao-Ming Huang,1994-11-28,CN,,,individual
C005215,Jianguo Li,1997-03-14,TW,,,individual
C002693,Jianguo Wang,1981-11-02,SG,,,individual
C000994,Chun Lo,1958-04-02,HK,,,individual
C004594,Bo Huang,,HK,,,individual
C002769,Xander Schröder,,DE,,,individual
C001620,M/T Sun Dancer One,,LR,,,vessel
C000940,Abu Layth,,AE,,,individual
C001328,Emerald Bay Trading GmbH,,RU,,,entity
C001674,Johnny Nguyen,1979-11-04,GB,,,individual
C004136,Ling Tsai,1962-06-27,SG,,,individual
C000917,Gamal ibn Ibrahim Nacer,1983-12-28,AE,,,individual
C004426,Hua Kuo,1974-04-23,SG,,,individual
C002464,Hsiang Gao,,SG,,,individual
C000537,Dmitriy Smirnoff,1971-01-11,KZ,,,individual
C003095,Ted M. Schmidt,1965-08-02,BR,,,individual
C002037,Kuo-Chiang Chou,1963-05-02,HK,,,individual
C005356,Mei-Ling Hsu,1971-07-01,HK,,,individual
C001954,Rich M. O'Brien,1970-10-08,AU,,,individual
C003999,Meiling Huang,1996-02-01,SG,,,individual
C005086,Tao Zhang,1992-03-04,CN,,,individual
C005321,Suzy J. Dubois,,US,,,individual
C004710,Danny Garcia,,CA,,,individual
C001957,Tony Ferreyra,1964-08-06,US,,,individual
C002330,Dan Novak,1951-04-20,FR,,,individual
C003012,Tony M. O'Brien,1975-04-19,MX,,,individual
C002652,Tarik Farsi,,AE,,,individual
C004184,Lei Ma,,CN,,,individual
C004158,Yan Zhang,1951-10-19,TW,,,individual
C003709,Bob García,1996-11-14,AU,,,individual
C001824,Will Le Fevre,1999-10-24,US,,,individual
C002891,Peggy M. Kowalski,,CA,,,individual
C002292,Elisabeth M. Mueller,1967-08-28,FR,,,individual
C003961,Yong Yang,1995-09-04,HK,,,individual
C003650,Zhi Qiang Wu,,HK,,,individual
C003921,Elisabeth M. Nguyen,1994-01-25,GB,,,individual
C002800,Jim M. Ferreira,,BR,,,individual
C000796,Victor Zaitsev,1969-09-13,UA,,,individual
C005186,Bobby A. Garcia,1995-04-14,CA,,,individual
C001924,Hua Zhang,1965-07-07,CN,,,individual
C002080,Mei-Ling Zhu,,TW,,,individual
C003300,Tony Peterson,1970-04-20,MX,,,individual
C000290,Said Qassem,1999,SY,,,individual
C001687,José M. Lefevre,,AU,,,individual
C000639,Tatiana Ivanovna Volkova,,RU,,,individual
C003139,Lei Cai,1956-11-23,TW,,,individual
C004822,Jian Guo Kuo,1981-06-22,TW,,,individual
C001380,Volga Engineering Co.,,SY,,,entity
C003753,Yong Zhu,,HK,,,individual
C001859,Liz Bianchi,,CA,,,individual
C001235,Kamchatka Petroleum,,BY,,,entity
C002526,Wei Hoo,1991-09-06,SG,,,individual
C003680,Trish M. Sorensen,1999-04-10,GB,,,individual
C001070,Emerald Bay Petroleum Co.,,DE,,,entity
C001078,Damavand Import Export Co,,JO,,,entity
C003301,Tony Pedersen,,AU,,,individual
C004891,Bobby Kowalsky,1985-08-13,DE,,,individual
C002367,Irena Kuznetsova,1962-02-19,UA,,,individual
C000346,Guo Qiang Choi,,CN,,,individual
C001221,Jade Dragon Technologies Joint Stock Company,,AE,,,entity
C004528,Bill Hernández,1998-11-12,GB,,,individual
C003817,Beth Pedersen,1960-11-08,BR,,,individual
C004613,Xiang Xu,1962-10-20,CN,,,individual
C003649,Bob A. Nowak,1958-05-28,MX,,,individual
C005156,Tony O'Brien,,GB,,,individual
C005825,Wei Woo,1985-04-26,HK,,,individual
C003869,Kuo-Chiang Lam,1964-05-05,HK,,,individual
C001404,Jade Dragon Investments FZE,,SY,,,entity
C002943,Jim Ferreyra,1993-08-07,FR,,,individual
C002257,Andy Hernández,1972-01-15,FR,,,individual
C001997,Yung Zhu,1981-06-02,HK,,,individual
C002699,Rob Peterson,,DE,,,individual
C005371,Guoqiang Xu,1959-07-01,HK,,,individual
C002873,Fung Wu,1965-01-12,TW,,,individual
C002709,Mustapha Masri,,SA,,,individual
C001829,Jian Guo Kao,1966-05-06,SG,,,individual
C005637,Tao Huang,1973-08-03,SG,,,individual
C002052,Sue Müller,1978-04-14,AU,,,individual
C001001,Lei Hu,1971-02-23,CN,,,individual
C000937,Susan Lefevre,1958,US,,,individual
C000502,Mei Ling Luo,1999-02-20,HK,,,individual
C000058,Xiao Jun Liou,,TW,,,individual
C002410,Yan Liu,,TW,,,individual
C005490,Po Chao,,HK,,,individual
C004021,Wei Suen,1973-06-05,TW,,,individual
C000365,Ihor Petrovich Jakowlew,,KZ,,,individual
C002194,Beth O Brien,1982-02-20,BR,,,individual
C002081,Chuck Bianchi,1956-10-22,US,,,individual
C000709,Bob Nguyễn,1963-01-21,US,,,individual
C004921,Ling Xu,1996-02-01,TW,,,individual
C004242,Qiang Guo,1956-06-11,SG,,,individual
C001904,Suzy J. Larsen,2000-09-22,FR,,,individual
C004458,Kuo-Chiang Xu,1990-09-04,TW,,,individual
C001167,"Sinai Construction, Company",,TW,,,entity
C003443,Dick Lefevre,1979-06-04,FR,,,individual
C004919,Jun Yang,1969-05-15,HK,,,individual
C003351,Chuck Novak,1977-12-22,DE,,,individual
C004635,Will Fisher,1965-08-02,MX,,,individual
C005391,Mei-Ling Hsu,1966-02-27,CN,,,individual
C003757,Qiang Zhou,,CN,,,individual
C001866,Johnny García,,BR,,,individual
C004648,Maggie García,1992-11-23,DE,,,individual
C003495,Mostafa Masri,1952-12-28,SY,,,individual
C000431,Wei Hsu,1960-11-07,CN,,,individual
C000127,Husain ibn Mustafa Hadad,1962-04-04,RU,,,individual
C004984,Chun Lee,1978-08-18,SG,,,individual
C005398,Chun Lam,1981-05-03,TW,,,individual
C000966,Jawad Hosseiny,1978-07-23,AF,,,individual
C003537,Tao Zhou,1993-10-01,HK,,,individual
C004346,José Le Fevre,1954-05-01,DE,,,individual
C000371,Ivanov Dmitriy Petrovich,1993-05-11,BY,,,individual
C004412,Wei Zhu,1974-06-25,TW,,,individual
C003518,Eddie Schmid,1973-07-15,DE,,,individual
C002628,Feng Lin,1997-07-17,CN,,,individual
C000859,Aly Haddade,1956-03-06,SY,,,individual
C005598,Mikey Du Bois,1967-05-04,CA,,,individual
C000246,Ayesha Khalid Saleh,,YE,,,individual
C005380,Zhi Qiang Ng,1999-04-07,CN,,,individual
C004602,Yong Wang,,SG,,,individual
C003907,"Kuznetsov, Alexandr",1974-10-18,UA,,,individual
C005068,Pat J. Fischer,1999-10-15,MX,,,individual
C000517,Mahmud ben Saeed Barkat,,IQ,,,individual
C002980,Po Chao,1962-09-18,SG,,,individual
C005191,Suzy Dubois,1954-03-18,MX,,,individual
C002576,Dick J. Nguyen,1997-12-23,CA,,,individual
C005355,Mustapha Mansour,,LB,,,individual
C005653,Andy Fischer,1996-07-18,AU,,,individual
C005411,Kuo-Chiang Zhou,,SG,,,individual
C002926,Kathy A. Larsen,,AU,,,individual
C000901,Tao Huang,,HK,,,individual
C005164,Hsiao-Chun Hwang,1990-05-18,HK,,,individual
C004246,Ping Zhu,1987-04-15,SG,,,individual
C001288,Harbor Point Agro Free Zone Establishment,,IR,,,entity
C004828,Trish M. Sorensen,,BR,,,individual
C001532,Vessel Albatross Alpha,,IR,imo,IMO9463611,vessel
C004538,Suzy M. Sorensen,1976-08-14,FR,,,individual
C003180,Xiao-Ming Huang,,TW,,,individual
C004933,Maggie Hernández,1985-02-11,MX,,,individual
C002461,Dick O Brien,1967-01-10,GB,,,individual
C002853,Ted A. Dubois,1975-08-27,AU,,,individual
C000184,Meryem Teherani,1990-05-01,AF,,,individual
C001559,Red Falcon Express,,RU,,,vessel
C001052,The Ivory Coast Minerals Public Joint Stock Company,,SG,,,entity
C000840,Fathima Al Hashemi,1959-06-22,YE,,,individual
C005282,Hsiao-Chun Zhu,1977-08-16,SG,,,individual
C005027,Tao Ma,1983-04-06,SG,,,individual
C004095,Yen Zhang,1998-10-26,TW,,,individual
C001245,EASTERN STAR AVIATION AO,,MX,,,entity
C001906,Meiling Sun,1962-12-04,CN,,,individual
C002033,Rob A. Petersen,1982-05-06,AU,,,individual
C002722,Lei Hu,1975-07-04,HK,,,individual
C000905,Po Yeung,1990-02-09,CN,,,individual
C001195,Delta Technologies Co,,BR,,,entity
C000770,Sasha,,SY,,,individual
C001918,Maggie J. Nguyen,2000-02-10,MX,,,individual
C000593,"Fedorova, Elena",1992-07-21,UA,,,individual
C001028,Atlas Maritime Company,,EG,,,entity
C001514,Iron Duke Trader,,KM,,,vessel
C000754,Ayesha Haddade,1977-10-17,SY,,,individual
C001213,Jade Dragon Textiles Free Zone Establishment,,AE,,,entity
C002075,Wei Suen,1995-01-02,CN,,,individual
C004882,Kuo-Chiang Wu,1975-06-12,HK,,,individual
C001594,MT Silver Crest III,,IR,,,vessel
C000241,Lei Chu,,TW,,,individual
C004836,Tareq Al Farsi,1954-06-09,LB,,,individual
C002405,Jenny Mueller,1953-01-04,DE,,,individual
C001140,Onyx Minerals Company,,CA,,,entity
C001470,MT Sun Dancer II,,IR,,,vessel
C000428,Bill Nowak,1991-11-03,MX,,,individual
C004003,Bill A. Sorensen,1994-08-27,FR,,,individual
C005650,Hua Gao,,CN,,,individual
C002577,Mikey Petersen,1955-04-15,AU,,,individual
C002271,Mei-Ling Lin,1997-12-22,TW,,,individual
C001927,Chien-Kuo Tchen,1984-03-04,SG,,,individual
C004055,Jun Li,1997-06-21,CN,,,individual
C003249,Jian Guo Hwang,1976-11-10,SG,,,individual
C001537,Night Hawk Star Spirit,,KM,,,vessel
C002686,Eddie M. Mueller,1967-12-10,MX,,,individual
C003778,Ling Xu,,TW,,,individual
C003839,Beth Nguyen,1975-09-05,DE,,,individual
C004304,Jian-Guo Wang,1983-12-06,HK,,,individual
C004935,Yen Zhang,1953-05-15,SG,,,individual
C002069,Chih-Chiang Gao,1997-10-27,TW,,,individual
C002712,Hua Zhu,1999-03-25,SG,,,individual
C000731,Yung Luo,1998-03-25,SG,,,individual
C005718,Mei-Ling Suen,1977-06-13,SG,,,individual
C000287,Abu Layth,1988-02-05,SA,,,individual
C000657,Mei Ling Yeung,1979,TW,,,individual
C000656,Tao Kuo,1990-01-06,SG,,,individual
C003024,Tony Kowalsky,,CA,,,individual
C003823,Guoqiang Li,1987-05-16,SG,,,individual
C003414,Tao Zhang,1966-01-20,TW,,,individual
C004131,Hua Zhu,1998-05-08,CN,,,individual
C003233,Dick Le Fevre,1972-07-15,BR,,,individual
C004610,Yen Cai,1995-09-21,HK,,,individual
C003147,Peggy Nguyễn,1996-02-03,US,,,individual
C000892,Rick Nowak,1986,GB,,,individual
C001521,Vessel Sea Breeze Alpha,,CM,imo,IMO9991231,vessel
C003461,Rob Schroeder,,AU,,,individual
C000560,Wei Cai,1987-07-13,HK,,,individual
C003428,Ling Mah,1979-04-25,TW,,,individual
C003052,Maggie Du Bois,1971-08-27,FR,,,individual
C003521,Sue Ferreyra,1982-03-05,CA,,,individual
C001124,Sinai Industries PJSC,,EG,,,entity
C003957,Yousef Hashimi,1997-03-07,SY,,,individual
C004874,Yen Hoo,1965-10-09,CN,,,individual
C002630,Tao Zhu,1998-10-03,SG,,,individual
C000314,Ed J. Hernandez,1983-11-04,DE,,,individual
C000564,Bob Larson,1953,SY,,,individual
C000959,Hua Guo,,SG,,,individual
C004433,Kuznetsova Irena Ivanovna,1994-03-23,UA,,,individual
C004798,Xiao Ming Liou,1994-02-11,TW,,,individual
C005689,Bo Hu,1965-07-04,HK,,,individual
C002816,Chuck J. Fischer,1956-08-05,FR,,,individual
C005232,Rich Le Fevre,1951-10-04,MX,,,individual
C000918,Tatyana Petrovna Tkatchenko,1989-07-19,KZ,,,individual
C001080,JADE DRAGON SHIPPING GmbH,,RU,,,entity
C005679,Rob Fischer,1950-02-23,CA,,,individual
C001051,Altai Steel Limited Liability Company,,FR,,,entity
C005118,Jian-Guo Choi,1988-07-18,SG,,,individual
C000591,Khaled bin Hassan Mansour,1978-06-07,FR,,,individual
C002985,Hua Chang,1992-06-03,CN,,,individual
C002100,Alexandr Nikolaevich Kuznetsoff,1953-01-02,BY,,,individual
C001700,Abd al-Rahman Shahin,1956-03-16,SA,,,individual
C003906,Tony M. Ferreira,1968-12-06,US,,,individual
C005626,Sue M. Mueller,1959-12-02,FR,,,individual
C005669,Chuck M. Garcia,1962-06-03,MX,,,individual
C004527,Xiao Ming Cai,1970-11-26,TW,,,individual
C002732,Hua Sun,1954-05-03,SG,,,individual
C001253,Orion Group,,CN,registration,REG-477052,entity
C005224,Mostafa Sayed,1961-03-11,SA,,,individual
C004757,Hsiao-Chun Sun,,SG,,,individual
C004198,Jun Guo,1966-08-22,HK,,,individual
C000400,Hsiang Yang,1969,TW,,,individual
C000534,Jenny K.,1980-05-10,AF,passport,GB70043382,individual
C002366,Jian Guo Zhao,1971-04-12,TW,,,individual
C001891,Hua Liu,1987-11-10,SG,,,individual
C000904,Olga Petrovna Tkachenko,1950-11-12,RU,,,individual
C002570,Hsiao-Chun Chen,1966-02-10,CN,,,individual
C000372,Fatma bin Mahmoud Farsi,1991-07-26,EG,,,individual
C002490,Ed M. Garcia,1996-12-24,FR,,,individual
C005028,Liz Du Bois,1973-09-13,AU,,,individual
C002435,Chien-Kuo Ma,1958-11-19,HK,,,individual
C000208,Paul Iakovlev,,RU,,,individual
C004492,Chih-Chiang Zhu,1958-03-10,TW,,,individual
C002324,Chiang Ma,,SG,,,individual
C004800,Mike Hernández,,DE,,,individual
C005284,José Lefevre,1967-10-27,BR,,,individual
C002235,Eddie Novak,1964-12-07,CA,,,individual
C004162,Moustafa Sayed,1965-09-12,YE,,,individual
C005540,Wei Sun,1954-12-23,HK,,,individual
C000172,Chun Tchen,,SG,,,individual
C001079,The Orion Maritime JSC,,BY,,,entity
C003251,Yen Wang,1955-02-06,TW,,,individual
C000296,Nasreen Mohamadi,1951-10-12,IR,,,individual
C005533,Youssef al-Hashimi,1988-10-19,SA,,,individual
C003112,Guo Qiang Lam,1985-10-24,TW,,,individual
C004685,Ping Zhao,1976-04-23,HK,,,individual
C001019,Lotus Construction Sociedad Anonima,,SY,,,entity
C004353,Brahim Al Rashed,1962-02-23,SA,,,individual
C004226,Ling Xu,1971-08-27,HK,,,individual
C003924,Rob A. Ferreira,,GB,,,individual
C003562,Will M. Hernandez,,GB,,,individual
C005817,Pepe M. Schmidt,1978-05-14,AU,,,individual
C001676,Pepe Bianchi,1985-02-05,CA,,,individual
C003089,Chiang Ma,1955-07-17,SG,,,individual
C003939,Mikey Schroeder,1951-12-09,CA,,,individual
C000571,Jim K.,,CA,passport,DE10798244,individual
C004783,Dick Nguyễn,,DE,,,individual
C002587,Olha Tkatchenko,1956-02-08,RU,,,individual
C000288,Zaitseva Tatiana Petrovna,,BY,,,individual
C003788,Hua Wang,,SG,,,individual
C002705,Xander A. Sorensen,2000-06-08,DE,,,individual
C002009,Tony M. Sorensen,1968-02-13,BR,,,individual
C003360,Po Hoo,1996-08-27,CN,,,individual
C000728,Jose Bianchi,1992-11-24,CA,,,individual
C000027,Mike Nowak,1965-12-11,MX,,,individual
C001490,Vessel Silver Crest Alpha,,KM,imo,IMO9985366,vessel
C003068,Jenny Petersen,1992-01-28,CA,,,individual
C005676,Pepe Dubois,1966-03-06,CA,,,individual
C003069,Tony Sorensen,1967-07-19,MX,,,individual
C005463,Hua Guo,1979-09-17,SG,,,individual
C001722,Rob A. Dubois,1982-06-22,FR,,,individual
C000444,Pat Kowalsky,,LB,,,individual
C001430,Zenith Aviation Sociedad Anonima,,MX,,,entity
C004557,Rob Schroeder,1958-08-23,GB,,,individual
C002889,Wei Hoo,,CN,,,individual
C002644,Suzy Kowalsky,1972-05-19,GB,,,individual
C003201,Ming Choi,1982-07-01,SG,,,individual
C001937,Ling Wu,1951-08-16,SG,,,individual
C004617,Wei Ng,1995-02-12,HK,,,individual
C002626,Rich DaSilva,1978-06-24,DE,,,individual
C000366,Charlie Nguyen,1995,LB,,,individual
C005420,Wei Chu,,CN,,,individual
C002128,Yung Suen,1987-06-13,HK,,,individual
C003946,Andy Fischer,,US,,,individual
C004873,Catherine J. Kowalski,,GB,,,individual
C001563,Vessel Andromeda Alpha,,LR,imo,IMO9774587,vessel
C003253,Drew Smith-Jones,,BR,,,individual
C000668,Ayesha bin Abdul Rahman Al Farsi,1972-02-04,LB,,,individual
C002849,Suzy M. Kowalski,1968-12-09,US,,,individual
C005238,Alex J. Kowalski,1964-04-02,GB,,,individual
C001585,Vessel Albatross Alpha,,PA,imo,IMO9442622,vessel
C005512,Tao Zhou,1977-05-20,CN,,,individual
C003446,Rida Hosseini,1986-09-14,IR,,,individual
C000867,Jen García,1951-01-11,AU,,,individual
C005010,Chun Lee,1964-11-28,SG,,,individual
C004774,Youri Petrow,1967-09-22,RU,,,individual
C005757,Danny Mueller,1974-11-19,AU,,,individual
C000853,Suzy Andersen,1966-10-13,BR,,,individual
C000265,Evgeny A.,,RU,passport,RU50354226,individual
C003177,Liz J. Nowak,,FR,,,individual
C000181,Andy Andersen,1990,GB,,,individual
C004947,Xiao-Ming Tsai,1969-12-08,HK,,,individual
C002228,Yung Chu,1975-01-09,CN,,,individual
C000358,Johnny Nowak,1981-10-12,FR,,,individual
C002988,Brahim Al Rashed,1978-05-16,AE,,,individual
C000876,Chiang Yeung,1992-09-24,CN,,,individual
C003798,Yen Kao,1976-09-26,CN,,,individual
C004583,Dan Müller,,MX,,,individual
C000257,Kave Tehrani,,BR,,,individual
C003797,Hua Yeung,,SG,,,individual
C000677,Feng Zhao,,SG,,,individual
C000895,The Engineer,,BR,,,individual
C001555,Crimson Dawn Star Express,,KM,,,vessel
C000253,Husayn Rashid,,SA,,,individual
C003995,Wei Woo,1999-10-26,TW,,,individual
C005009,Mikey Schröder,1985-05-23,DE,,,individual
C004934,Ming Li,1993-04-09,CN,,,individual
C002945,Guo Qiang Ma,1988-09-08,HK,,,individual
C004907,Jian-Guo Cai,1955-02-03,HK,,,individual
C002893,Catherine A. O'Brien,1955-02-16,BR,,,individual
C004326,Yusef Omar Rashid,1963-04-04,LB,,,individual
C004820,Jon Schröder,1954-08-14,BR,,,individual
C003319,Hua Zhang,1982-03-14,TW,,,individual
C001686,Po Chu,1981-01-18,CN,,,individual
C000370,Ihor Kozloff,,UA,,,individual
C005622,Kathy J. Petersen,1996-06-13,DE,,,individual
C004471,Liz A. O'Brien,1962-02-24,BR,,,individual
C001527,Vessel Kestrel Alpha,,IR,imo,IMO9574828,vessel
C002238,Xiao Ming Hu,1952-06-28,CN,,,individual
C001513,Caspian Moon One Express,,MH,,,vessel
C001899,Bo Hu,1968-11-04,SG,,,individual
C002255,Tao Mah,1999-05-16,CN,,,individual
C000051,Olha Zaytseva,1972-01-09,RU,,,individual
C001757,Tao Hu,1964-01-05,TW,,,individual
C001642,Yan Zhao,1955-11-28,SG,,,individual
C002287,Hsiang Kao,1993-04-24,SG,,,individual
C000342,Hasan Naser,1992,YE,,,individual
C004130,Hua Liu,1987-10-11,TW,,,individual
C002927,Jen Schroeder,1968-09-18,MX,,,individual
C000426,Tony DaSilva,1960,DE,,,individual
C002518,Kuznetsova Nataliya,1969-03-01,BY,,,individual
C001371,Ural Textiles SA,,MX,,,entity
C003096,Hsiao-Chun Hwang,1950-01-19,TW,,,individual
C001271,Harbor Point Textiles LLC,,YE,,,entity
C004589,Yen Liu,1964-02-23,TW,,,individual
C004494,Tkachenko Olga,1958-06-08,BY,,,individual
C004857,Wei Gao,1993-01-07,HK,,,individual
C003527,Yen Wong,1966-12-13,TW,,,individual
C005066,Ling Lin,1978-12-10,SG,,,individual
C000447,Yung Hwang,1989-11-08,HK,,,individual
C003981,Volkova Tatjana,1993-12-03,KZ,,,individual
C000461,Catherine A.,1964-02-05,FR,passport,FR54972719,individual
C000850,Fung Liou,1987-06-12,TW,,,individual
C005400,Ping Chen,1986-03-14,SG,,,individual
C001427,The Orion Logistics Public Joint Stock Company,,SG,,,entity
C004744,Elisabeth A. Fischer,,GB,,,individual
C005376,Lei Lin,1957-10-19,TW,,,individual
C001110,Phoenix Pharma G.m.b.H.,,YE,,,entity
C003777,Tony Kowalsky,1975-07-05,DE,,,individual
C002201,Fung Lin,1967-10-16,TW,,,individual
C003232,Hua Cai,2000-04-08,TW,,,individual
C002397,Wei Kao,1953-06-06,HK,,,individual
C005527,Yung Chao,1963-07-26,TW,,,individual
C000317,The Accountant,1972-02-19,UA,,,individual
C000842,Margaret Schmidt,,FR,,,individual
C005288,Hsiang Lam,1965-12-05,HK,,,individual
C002051,Chien-Kuo Chan,1991-12-09,HK,,,individual
C000938,Ali Qasim,,IQ,,,individual
C000559,Xiao Ming Chu,,CN,,,individual
C000896,Xiang Sun,1973,TW,,,individual
C002329,Lei Hu,1962-08-17,SG,,,individual
C000993,Anthony Nguyen,,DE,,,individual
C000807,William Hernandez,,DE,,,individual
C000527,Ling K.,1987-03-18,SG,passport,SG89876421,individual
C005786,Yan Gao,,HK,,,individual
C000360,Yousuf Amin,1952-11-28,JO,,,individual
C002868,Maggie Kowalsky,1980-07-16,CA,,,individual
C004889,Yong Yang,1998-10-25,TW,,,individual
C000219,Hossain Jafari,1951-05-21,SY,,,individual
C005553,Tony A. Fischer,1971-10-25,MX,,,individual
C001118,Onyx Minerals FZE,,HK,,,entity
C003298,Abdulrahman Shahin,1984-10-10,JO,,,individual
C001714,Yung Zhao,1993-07-03,HK,,,individual
C005709,Sue A. Dubois,1976-02-19,BR,,,individual
C005624,Tony Schroeder,1976-03-26,FR,,,individual
C003815,Charlie J. Fischer,,FR,,,individual
C002305,Jen Smithjones,,BR,,,individual
C005396,Xiao Jun Yang,1995-01-28,HK,,,individual
C003865,Ming Wong,1953-03-26,TW,,,individual
C000053,Jamie DaSilva,1970-06-28,CN,,,individual
C001376,"Baltic Investments, JSC",,FR,,,entity
C003925,Mei-Ling Huang,1976-03-25,HK,,,individual
C001986,Rich Silva,1979-08-16,AU,,,individual
C004194,Ping Chu,1996-10-27,SG,,,individual
C000982,Andy Schroder,1954-09-12,CA,,,individual
C003480,Nataliya Kuznetsova,,KZ,,,individual
C001248,Orion Textiles Limited,,KZ,,,entity
C005200,Maggie A. Dubois,1968-04-25,BR,,,individual
C001096,Eastern Star Investments PJSC,,IQ,,,entity
C005797,Catherine M. Fischer,1975-10-04,DE,,,individual
C005693,Gamal Kassem,1956-09-16,SA,,,individual
C005614,Jun Huang,1957-08-10,HK,,,individual
C002237,Ling Kao,,SG,,,individual
C003886,Tony J. Nguyen,1981-03-06,BR,,,individual
C003538,Elisabeth J. O'Brien,1960-02-19,CA,,,individual
C005326,Olha Tkatchenko,1982-07-26,RU,,,individual
C001551,Vessel Kestrel Alpha,,CM,imo,IMO9828761,vessel
C000986,Mahmood Salah,1975,SA,,,individual
C003741,Tony Fisher,1961-12-21,DE,,,individual
C002233,Jenny Hernández,,GB,,,individual
C000130,Fatimah Elsayed,1955,LB,,,individual
C005407,Fung Lam,1990-11-16,CN,,,individual
C005444,Billy Bianchi,1962-07-18,FR,,,individual
C002155,Jen Smithjones,1985-02-14,US,,,individual
C002718,Yung Chao,1977-04-05,TW,,,individual
C005240,Tony O'Brien,1972-05-10,DE,,,individual
C002119,Dick Hernandez,1984-10-03,MX,,,individual
C002687,Bill J. Schroeder,,FR,,,individual
C001847,Danny Garcia,1981-10-26,BR,,,individual
C002791,Rob Garcia,1985-02-20,FR,,,individual
C005248,Elisabeth J. Nguyen,1961-10-07,MX,,,individual
C003539,Johnny Fisher,,DE,,,individual
C005759,José J. Smith-Jones,,AU,,,individual
C003289,Jianguo Huang,1967-04-06,CN,,,individual
C004488,Jenny Nguyen,,AU,,,individual
C002642,"Volkova, Tatiana",1971-10-23,BY,,,individual
C002978,Rob Kowalsky,1959-01-09,BR,,,individual
C002437,Will Schroeder,1966-04-09,BR,,,individual
C004434,Hsiang Kao,1967-12-11,HK,,,individual
C001083,Harbor Point Minerals FZE,,CN,,,entity
C001988,Kuo-Chiang Zhou,1987-09-23,TW,,,individual
C000197,Ebrahim Masri,1972-04-08,LB,,,individual
C003062,Hua Cai,,SG,,,individual
C005597,Feng Gao,,TW,,,individual
C004262,Jim A. Garcia,1992-05-13,AU,,,individual
C004972,Ling Kao,1983-01-21,TW,,,individual
C002914,Andy Silva,,AU,,,individual
C000809,Alexander Petrovich Volkoff,1984-03-18,KZ,,,individual
C002089,Bob Kowalski,1981-06-01,DE,,,individual
C000256,Xander Ferreyra,,US,,,individual
C001754,Xiao Jun Mah,,HK,,,individual
C000847,Ameer Karimi,1955-09-09,AF,,,individual
C004568,Ping Zhu,1961-04-15,HK,,,individual
C005069,Hua Chang,1993-10-06,HK,,,individual
C005432,Peggy Hernández,1971-07-12,AU,,,individual
C000670,Kathy Lefevre,1969,MX,,,individual
C001206,The Red Sea Chemicals PJSC,,TW,,,entity
C002810,Sue J. Lefevre,1999-08-12,AU,,,individual
C005587,Jian Guo Tsai,,SG,,,individual
C001344,Ural Textiles Sociedad Anonima,,BR,,,entity
C005717,Liz Nguyễn,,MX,,,individual
C001199,Jade Dragon Minerals Co,,IQ,,,entity
C001790,Peggy Kowalsky,,BR,,,individual
C001840,Will Le Fevre,1977-03-08,BR,,,individual
C002303,Beth M. Schroeder,1991-12-14,CA,,,individual
C002624,Lei Ma,,CN,,,individual
C001162,Emerald Bay Investments LLC,,IR,,,entity
C004384,Yan Ma,,SG,,,individual
C001931,Yong Zhao,1991-02-20,HK,,,individual
C001090,Damavand Minerals SA,,TW,,,entity
C004271,Zhi Qiang Wu,1953-07-09,CN,,,individual
C004382,Youssef al-Rashid,1950-02-20,IQ,,,individual
C001764,Meiling Huang,1962-06-03,HK,,,individual
C005307,Yen Chang,1981-08-18,HK,,,individual
C000132,Kate J. Sorensen,1958-01-22,AU,,,individual
C002284,Ming Lee,1950-11-26,SG,,,individual
C004827,Sue M. Ferreira,1964-02-14,AU,,,individual
C000725,Nasreen Hosseiny,1976,AF,,,individual
C004312,Meiling Sun,,SG,,,individual
C001834,Fung Li,1964-03-16,CN,,,individual
C001092,Al-Bahr Chemicals Company,,RU,,,entity
C005395,Tatjana Volkoffa,1982-07-14,BY,,,individual
C003368,Yong Yang,1956-02-22,CN,,,individual
C000380,Johnny Hernández,1962-10-24,AU,,,individual
C002346,José Silva,,GB,,,individual
C003739,Danny A. Garcia,1980-08-11,GB,,,individual
C000753,Natalya Tkachenko,1972,BY,,,individual
C001234,The Nile Valley Logistics Sociedad Anonima,,LB,,,entity
C003175,Hua Zhang,1983-06-10,HK,,,individual
C002161,Ming Suen,1972-12-09,HK,,,individual
C004295,Drew Da Silva,1996-01-03,US,,,individual
C005402,Chih-Chiang Chu,1956-01-26,TW,,,individual
C000777,Hassane Farsi,1974-11-09,IQ,,,individual
C004084,Hua Guo,1988-08-28,HK,,,individual
C004288,Rich A. Lefevre,,CA,,,individual
C004376,Billy Ferreira,1977-04-25,BR,,,individual
C003225,Kuznetsov Alexander,,BY,,,individual
C002714,Wei Gao,1970-07-26,SG,,,individual
C001815,Liz A. Bianchi,,DE,,,individual
C001071,Onyx Chemicals Sociedad Anonima,,EG,,,entity
C001681,Mike J. Hernandez,1996-12-10,GB,,,individual
C002924,Irena Kuznetsoffa,1960-10-13,KZ,,,individual
C003706,Mustapha Mansur,1975-06-17,YE,,,individual
C005579,Yen Chao,,CN,,,individual
C000101,"Petrov, Mihail",,BY,,,individual
C002059,Xiaojun Zhu,1991-01-08,TW,,,individual
C000939,Mahmood Alamin,1995-03-06,LB,,,individual
C003963,Johnny Schroder,2000-11-21,BR,,,individual
C004244,Hsiang Sun,1973-01-07,SG,,,individual
C002055,Rob Garcia,,DE,,,individual
C003622,Mikey J. Andersen,,GB,,,individual
C002480,Xander M. Garcia,,MX,,,individual
C002875,Ming Wang,1953-02-20,TW,,,individual
C003153,Suzy Ferreyra,1974-04-15,FR,,,individual
C001871,Rob Schröder,1954-09-28,MX,,,individual
C005138,Charlie O Brien,1979-02-25,AU,,,individual
C000730,Yuri Petrov,,KZ,,,individual
C003018,Suzy Fischer,,GB,,,individual
C000089,Aysha Alfarsi,1995-08-03,LB,,,individual
C000708,The Accountant,,AU,,,individual
C001409,Golden Crescent Holdings SA,,LB,,,entity
C002501,Elisabeth Fisher,1967-07-22,US,,,individual
C003892,Kuo-Chiang Hsu,1969-03-20,CN,,,individual
C004001,Beth Fisher,1976-11-19,AU,,,individual
C002015,Guo Qiang Zhou,1981-01-06,SG,,,individual
C003658,José A. Schroeder,1986-05-04,FR,,,individual
C002034,Liz Fisher,1982-11-15,FR,,,individual
C000531,Chih-Chiang Lo,,TW,,,individual
C002328,Hua Zhu,1978-11-07,TW,,,individual
C002888,Yung Yeung,1971-04-21,TW,,,individual
C002739,Suzy Ferreira,1999-10-18,AU,,,individual
C005756,Tao Yeung,1953-08-23,TW,,,individual
C003852,Bo Zhao,1983-12-06,SG,,,individual
C005311,Peggy Schroeder,1965-03-16,MX,,,individual
C001841,Ping Sun,1970-06-07,CN,,,individual
C002433,Andy M. Silva,1991-05-17,DE,,,individual
C003820,Hua Hsu,1985-03-04,CN,,,individual
C004308,Bobby Kowalsky,1953-10-16,GB,,,individual
C001103,Damavand Trading Sociedad Anonima,,IR,,,entity
C001739,Jamie Ferreyra,1995-02-10,GB,,,individual
C000002,Andriy Jakowlew,1958,RU,,,individual
C000387,Pat Bianchi,1961,BY,,,individual
C001025,Blue Horizon Industries Ltd,,BR,,,entity
C001901,Jian Guo Gao,1979-09-23,TW,,,individual
C003596,Rida Husseini,1950-07-15,AF,,,individual
C003352,Catherine O'Brien,1965-06-12,FR,,,individual
C002380,Elisabeth Mueller,1984-03-26,DE,,,individual
C003719,Ming Suen,1982-07-15,SG,,,individual
C001890,José A. Lefevre,1991-12-12,US,,,individual
C004039,Bob Kowalsky,1978-01-21,AU,,,individual
C002040,Elisabeth M. Mueller,1979-01-19,BR,,,individual
C003370,Catherine M. Petersen,1952-04-11,US,,,individual
C003898,Hosseini Reza,2000-10-10,AF,,,individual
C003546,Chih-Chiang Kao,,SG,,,individual
C004214,Fung Sun,,HK,,,individual
C005824,Liz A. Bianchi,,MX,,,individual
C001434,Aral Group,,IR,registration,REG-668096,entity
C003204,Hsiao-Ming Choi,1967-10-28,HK,,,individual
C005393,Tommy M. Ferreira,1953-08-14,DE,,,individual
C005773,Yen Kao,1955-03-22,TW,,,individual
C001726,Hsiang Hoo,1983-08-11,CN,,,individual
C000629,Mustapha Shaheen,1999-02-17,SA,,,individual
C002132,Tao Yang,1987-10-12,HK,,,individual
C003556,Kuo-Chiang Xu,1996-06-26,TW,,,individual
C005822,Tao Hu,1991-08-21,CN,,,individual
C004938,Rob A. Ferreira,1980-05-28,AU,,,individual
C004674,José A. Nguyen,1976-03-17,MX,,,individual
C003162,Chun Guo,1959-08-21,TW,,,individual
C002026,Yousuf Al Rashed,1973-06-18,JO,,,individual
C000589,Peggy Novak,1979-09-09,DE,,,individual
C001446,The Amber Holdings LLC,,SG,,,entity
C004841,Hsiang Xu,,HK,,,individual
C003714,Jamaal Qasim,1951-05-23,SY,,,individual
C001238,Northern Lights Group,,RU,registration,REG-377745,entity
C001201,"Summit Trading, PJSC",,SA,,,entity
C001787,Ping Cai,1972-04-11,TW,,,individual
C000189,Dima,1968-09-14,UA,,,individual
C000158,Umar Sayed,,YE,,,individual
C004165,Meiling Huang,1999-07-13,TW,,,individual
C001994,Mostafa Al Sayyid,1993-07-26,JO,,,individual
C004991,Bill Schroder,1984-07-14,FR,,,individual
C003440,Xiao Ming Xu,1950-11-18,HK,,,individual
C004057,Xiang Lin,1957-10-22,SG,,,individual
C004207,Hsiao-Ming Lee,1972-03-01,SG,,,individual
C004657,Rick Da Silva,1979-09-17,BR,,,individual
C000442,Ping Yeung,1988-05-14,TW,,,individual
C004600,Jen M. O'Brien,1974-09-02,BR,,,individual
C002998,Oumar ibn Omar Nasser,1981-02-12,YE,,,individual
C003325,Liz Fischer,1994-11-16,GB,,,individual
C000490,Kave Sadeghi,,AF,,,individual
C003060,Chih-Chiang Hwang,1976-11-24,HK,,,individual
C004942,Wei Hu,,TW,,,individual
C000844,Abu Layth,,LB,,,individual
C002258,Kuo-Chiang Zhou,1951-09-08,TW,,,individual
C004890,Maggie Smith-Jones,1951-02-18,CA,,,individual
C001484,M/T Silver Lining III,,RU,,,vessel
C004416,Lei Zhao,1965-05-17,SG,,,individual
C000793,Hassane ibn Ahmad Al Sayyid,1973-12-01,SA,,,individual
C002935,Ted Larson,1969-07-01,CA,,,individual
C001941,Kate OBrien,1994-12-26,MX,,,individual
C001175,PHOENIX ELECTRONICS Co,,KZ,,,entity
C001672,Kave Rezaei,,AF,,,individual
C000232,Alex Muller,,FR,,,individual
C005229,Xiao Ming Gao,1996-11-15,CN,,,individual
C000882,Hua Zhang,1973,CN,,,individual
C003303,Kathy Larsen,1984-11-19,GB,,,individual
C003400,Bo Wang,1979-02-08,TW,,,individual
C005721,Wei Suen,1972-01-27,SG,,,individual
C000105,Po Chang,1961-09-27,CN,,,individual
C000911,Al-Ustadh,,HK,,,individual
C000147,Andy Garcia,1993-12-15,GB,,,individual
C002740,Mei Ling Lin,1993-05-26,CN,,,individual
C000860,Halid ibn Mahmoud Nasser,1963-11-04,IQ,,,individual
C005771,Trish Nowak,,FR,,,individual
C001262,The Zagros Construction Limited Liability Company,,SG,,,entity
C004200,Abdulrahman ben Ahmad Shaheen,,AE,,,individual
C001779,Jamal Qasim,1963-10-02,SY,,,individual
C003887,Rezaei Kaveh,1973-04-10,IR,,,individual
C002135,Maggie A. Garcia,,FR,,,individual
C000884,Wei Yang,1957-06-27,HK,,,individual
C001097,Emerald Bay Maritime,,AU,,,entity
C005800,Mike A. Hernandez,1970-08-26,DE,,,individual
C003604,Lei Zhou,1994-03-13,TW,,,individual
C003513,Ping Cai,1954-11-02,CN,,,individual
C001130,Nile Valley Pharma FZ-LLC,,FR,,,entity
C004356,Will J. Schroeder,1983-01-19,BR,,,individual
C002563,Jim J. Garcia,,DE,,,individual
C005665,"Volkova, Tatyana",1976-03-07,BY,,,individual
C000910,Chun Suen,1956-09-02,HK,,,individual
C000696,Gamal Hadad,1977,LB,,,individual
C002240,Rich Nguyễn,1974-02-06,MX,,,individual
C002824,Mei-Ling Lam,1961-02-14,SG,,,individual
C002972,Hua Hsu,1952-03-06,HK,,,individual
C004970,Mike M. O'Brien,1996-06-14,DE,,,individual
C000297,Chiang Chen,,SG,,,individual
C004932,Guo Qiang Hu,1990-06-24,TW,,,individual
C001807,Yousuf al-Hashimi,1992-02-24,SA,,,individual
C001612,Vessel Crimson Dawn Alpha,,IR,imo,IMO9584008,vessel
C005013,Hosseini Reza,2000-02-15,AF,,,individual
C002000,Drew Novak,1957-12-12,FR,,,individual
C001704,Ming Hu,1956-01-27,TW,,,individual
C001156,Kamchatka Logistics G.m.b.H.,,KZ,,,entity
C003494,Qiang Zhou,1970-12-05,HK,,,individual
C004652,Maggie A. Nguyen,1957-11-06,BR,,,individual
C000030,Evgeny Feodorov,,YE,,,individual
C000090,Ivanov Aleksander,1965-11-14,UA,,,individual
C005102,Hua Kao,1986-09-02,HK,,,individual
C000468,Chih-Chiang Zhao,1952-11-01,TW,,,individual
C000177,Tao Hsu,1953-07-15,TW,,,individual
C004966,Ted M. Schmidt,1969-03-07,FR,,,individual
C003716,Hsiao-Chun Yang,1995-06-22,TW,,,individual
C000825,Hsiang Wu,1985,TW,,,individual
C002448,Jamie J. Smith-Jones,1994-06-18,US,,,individual
C004521,Kuo-Chiang Mah,1989-07-19,CN,,,individual
C000723,Ibrahim bin Abdul Rahman al-Rashid,,JO,,,individual
C003028,Ted O Brien,1986-03-03,US,,,individual
C001342,Atlas Engineering JSC,,JO,,,entity
C000536,Jen Sørensen,,BR,,,individual
C005792,Jian-Guo Cai,1975-01-01,HK,,,individual
C000205,Fathima al-Rashid,1964-12-06,SA,,,individual
C002790,Ping Chen,1977-01-17,SG,,,individual
C004354,Ming Luo,1964-05-07,TW,,,individual
C005659,Wei Hoo,1999-04-19,SG,,,individual
C000979,Lei Lin,1995,HK,,,individual
C001820,Will Schroder,1979-06-12,BR,,,individual
C002221,Hua Wang,,HK,,,individual
C001705,Jon Nguyen,1972-07-20,BR,,,individual
C004581,Chiang Mah,1980-06-25,SG,,,individual
C001094,Zagros Investments Limited,,TW,,,entity
C001610,Vessel Crimson Dawn Alpha,,MH,imo,IMO9221551,vessel
C000718,Victor Sergeyevich Fedoroff,1950-01-03,RU,,,individual
C000022,Abdulrahman Qasim,1981,YE,,,individual
C002401,Fung Hwang,1996-06-06,CN,,,individual
C000818,Mahdi Hoseini,1984-11-13,IR,,,individual
C003278,Catherine O Brien,1999-07-25,US,,,individual
C002002,Hua Guo,1967-09-16,CN,,,individual
C004683,Jun Li,1979-03-12,CN,,,individual
C003851,Hua Hu,1981-11-16,TW,,,individual
C004498,Hua Suen,1971-03-15,SG,,,individual
C005417,Chiang Lin,1984-11-01,HK,,,individual
C005244,Jenny Smith-Jones,,BR,,,individual
C003984,Ming Luo,1957-12-08,HK,,,individual
C000808,Abu Layth,,CA,,,individual
C000988,Nataliya Kozlova,1994-05-22,BY,,,individual
C002212,Mike O'Brien,1981-07-13,MX,,,individual
C005733,Jon Schmid,,MX,,,individual
C005297,Jian-Guo Wang,,HK,,,individual
C001798,Lei Hu,,HK,,,individual
C002158,Xiao Jun Huang,1958-09-26,TW,,,individual
C005593,Mei Ling Hsu,1953-03-14,CN,,,individual
C005796,Elisabeth Bianchi,1955-02-22,DE,,,individual
C002439,Will Schroder,1950-06-10,GB,,,individual
C005259,Kathy Schroeder,1971-04-07,BR,,,individual
C000311,Jenny Andersen,1967-05-20,HK,,,individual
C004372,Kuo-Chiang Ma,2000-04-07,TW,,,individual
C000963,Gamal Elmasry,1993-06-06,SY,,,individual
C003857,Mei Ling Xu,1996-07-04,SG,,,individual
C005513,"Kuznetsova, Iryna",1968-01-02,BY,,,individual
C005162,Jian Guo Ma,1984-03-05,TW,,,individual
C004393,Xiao Jun Ma,1959-05-22,TW,,,individual
C001991,Peggy J. Kowalski,1976-08-24,DE,,,individual
C003790,Tarek Farsi,1989-04-11,EG,,,individual
C004110,Meiling Wu,,SG,,,individual
C003698,Charlie Novak,1959-04-07,MX,,,individual
C003609,Jianguo Li,1979-08-13,CN,,,individual
C005230,Ming Wu,1997-08-17,CN,,,individual
C005437,Moustafa Masri,1972-01-01,AE,,,individual
C005053,Tao Chu,1967-12-04,SG,,,individual
C000803,Jen Anderson,1950-08-23,GB,,,individual
C000741,Hosein Ahmadi,1956-08-06,AF,,,individual
C001230,Summit Agro,,KZ,,,entity
C000305,Dima,1987-02-25,MX,,,individual
C004245,Tony M. Nguyen,1965-03-12,DE,,,individual
C001542,Vessel Aurora Alpha,,KM,imo,IMO9434901,vessel
C002582,Peggy A. Hernandez,1958-07-27,DE,,,individual
C003181,Kuo-Chiang Yang,,TW,,,individual
C003571,Ted Schmid,1959-09-04,BR,,,individual
C002289,Guoqiang Lin,1990-11-14,CN,,,individual
C000732,Babac Moradi,1972-10-11,AF,,,individual
C001877,Bob Garcia,1979-07-11,CA,,,individual
C001497,Sea Lion One Spirit,,CM,,,vessel
C003599,Maggie Hernandez,1951-08-14,FR,,,individual
C003465,Kathy Schroder,1967-09-12,MX,,,individual
C001013,Ivory Coast Petroleum GmbH,,BR,,,entity
C000195,Nasreen Hosseini,1974-12,AF,,,individual
C005165,Hsiao-Chun Yeung,1979-06-18,HK,,,individual
C005241,Ping Chen,,CN,,,individual
C000604,Yong A.,,HK,passport,HK40635494,individual
C003908,Zhiqiang Huang,1966-05-11,HK,,,individual
C002573,Chun Huang,1989-01-09,SG,,,individual
C004462,Bo Huang,1953-08-24,TW,,,individual
C004560,Ming Li,1968-05-01,SG,,,individual
C000682,Po Xu,2002,SG,,,individual
C003811,Will Bianchi,,US,,,individual
C000260,Yung Cai,1975-01-08,EG,,,individual
C004569,Hua Chang,1954-07-15,HK,,,individual
C001480,Coral Queen Star,,RU,,,vessel
C002510,Hua Hu,,SG,,,individual
C003349,Jen Hernandez,,GB,,,individual
C002615,Wei Woo,1966-11-10,CN,,,individual
C000162,Mahmood Mansour,,EG,,,individual
C004804,Mustapha al-Sayed,,JO,,,individual
C002056,Suzy Kowalski,1954-10-15,US,,,individual
C001020,Zagros Minerals S.A.,,YE,,,entity
C001381,Euphrates Industries GmbH,,BR,,,entity
C005649,Guo Qiang Wu,1980-02-20,TW,,,individual
C002376,Yung Lee,1960-07-06,HK,,,individual
C003363,Ted Müller,1988-03-22,FR,,,individual
C004940,Jen Muller,,US,,,individual
C000353,Ehsaan Ahmadee,1974-02-02,AF,,,individual
C003063,Hua Xu,1971-10-03,SG,,,individual
C003262,Yusef Al Rashed,1968-11-03,LB,,,individual
C001984,Fung Zhao,1963-04-25,HK,,,individual
C004700,Rob Garcia,1984-06-21,AU,,,individual
C003030,Iurii Petroff,1968-03-17,RU,,,individual
C005014,José Schröder,,BR,,,individual
C005023,Tao Hoo,,SG,,,individual
C005613,Ling Lin,1971-09-16,CN,,,individual
C003577,José Smith-Jones,1968-12-22,AU,,,individual
C000304,Volodymyr Petrovich Petroff,1952-11-10,KZ,,,individual
C004066,Jian Guo Lee,1952-06-09,CN,,,individual
C002138,Alex Schröder,,CA,,,individual
C001492,Silver Crest Trader,,CM,,,vessel
C001360,Caspian Construction Ltd.,,US,,,entity
C001291,The Ural Investments Ltd.,,SG,,,entity
C004766,Pepe A. Smith-Jones,1964-01-24,FR,,,individual
C000248,Tom Anderson,,EG,,,individual
C004098,Will Sorensen,1959-09-28,AU,,,individual
C000598,Drew Larson,1958-05-18,CA,,,individual
C004323,Wei Wu,1998-07-05,SG,,,individual
C005399,Lei Hoo,1978-12-17,HK,,,individual
C002499,Suzy A. Mueller,1969-05-14,CA,,,individual
C003927,Beth Nguyễn,1952-03-17,CA,,,individual
C001200,Baltic Engineering G.m.b.H.,,JO,,,entity
C001087,URAL PHARMA Co.,,JO,,,entity
C005694,Mike Andersen,,GB,,,individual
C002281,Maggie Dubois,1980-09-10,US,,,individual
C003419,Wei Yang,,TW,,,individual
C000759,Jamal Qasim,,EG,,,individual
C001673,Hua Hoo,1952-10-18,TW,,,individual
C001625,M/V Coral Queen One,,RU,,,vessel
C004035,Jian Guo Li,1952-08-06,SG,,,individual
C000813,Po Choi,1954,HK,,,individual
C000076,Jen Larson,2000-03-06,MX,,,individual
C000385,Jamie Nguyễn,1989-12-01,AU,,,individual
C004341,Jian-Guo Hwang,1971-10-13,TW,,,individual
C005483,Johnny J. Schroeder,,CA,,,individual
C001564,Vessel Grand Voyager Alpha,,RU,imo,IMO9525402,vessel
C002863,Bo Zhao,,CN,,,individual
C003103,Ping Sun,1985-09-06,HK,,,individual
C005497,Peggy A. Kowalski,1987-12-23,US,,,individual
C003603,Ping Luo,1960-11-08,HK,,,individual
C000886,Trish Da Silva,1985-10-02,CA,,,individual
C005228,Hua Hu,1990-06-19,CN,,,individual
C004156,Suzy M. Lefevre,1992-06-18,BR,,,individual
C000800,Kate Hernandez,1997-10-25,MX,,,individual
C005163,Wei Suen,,CN,,,individual
C004733,Andy J. Silva,1982-06-07,CA,,,individual
C000839,Ping Hsu,1948,CN,,,individual
C000658,Pepe Pedersen,1981-08-03,MX,,,individual
C003392,Hua Gao,1977-12-23,SG,,,individual
C004380,Johnny Fisher,,AU,,,individual
C003227,Mikey Schroder,,BR,,,individual
C001329,Zagros Group,,FR,registration,REG-761427,entity
C005207,Jen Smith-Jones,1984-10-04,CA,,,individual
C003314,Chun Yang,,TW,,,individual
C004169,Yong Zhu,1965-07-28,CN,,,individual
C003057,"Tkachenko, Olga",1958-05-21,RU,,,individual
C001089,Ivory Coast Technologies G.m.b.H.,,EG,,,entity
C004665,Rida Husseini,,AF,,,individual
C001740,Bobby García,1977-04-27,BR,,,individual
C001337,Baltic Minerals LLC,,SY,,,entity
C005801,Jian Guo Choi,1952-11-13,HK,,,individual
C005330,Jenny Kowalsky,1954-08-02,GB,,,individual
C003677,Mei-Ling Guo,1985-05-17,HK,,,individual
C003267,Lei Lin,1994-08-15,SG,,,individual
C001314,Golden Crescent Aviation G.m.b.H.,,IR,,,entity
C001593,MT Ocean Pearl,,PA,,,vessel
C005419,Mei-Ling Lam,1987-07-04,SG,,,individual
C003168,Tony J. Nguyen,1997-03-19,US,,,individual
C003505,Yen Cai,1963-09-28,CN,,,individual
C004511,Ming Li,1955-05-05,SG,,,individual
C001149,ATLAS TECHNOLOGIES Limited Liability Company,,MX,,,entity
C000409,Olha Ivanoffa,1997,UA,,,individual
C002107,Omer Nasir,1965-03-11,LB,,,individual
C002331,Tariq Farsi,1992-12-17,EG,,,individual
C003287,Pepe Schroeder,1984-08-09,AU,,,individual
C000454,Yan Sun,1964,CN,,,individual
C004965,Jenny Nguyễn,1993-02-07,CA,,,individual
C004672,Mahmood bin Tariq Farsi,1986-04-01,JO,,,individual
C002817,Drew A. Smith-Jones,1975-10-21,FR,,,individual
C000698,Laila al-Amin,1982-04-03,SY,,,individual
C005401,Tommy Kowalski,1978-11-11,BR,,,individual
C000085,Hoseyn Hosseiny,1959-05-09,AF,,,individual
C002848,Yung Chao,1965-05-21,TW,,,individual
C001458,Vessel Sea Lion Alpha,,KM,imo,IMO9667209,vessel
C004517,Hua Yeung,2000-08-11,TW,,,individual
C000485,Viktor Ivanoff,1959-10-24,RU,,,individual
C000067,Aly Alfarsi,1984-12-10,SG,,,individual
C004490,José Lefevre,,DE,,,individual
C000192,Yung A.,,HK,passport,HK86965062,individual
C005414,Tony Pedersen,1964-09-23,BR,,,individual
C005449,Hua Kwok,1981-08-15,CN,,,individual
C001626,Crimson Dawn III Express,,IR,,,vessel
C004230,Tao Hwang,1981-05-08,TW,,,individual
C002995,Beth Bianchi,1987-05-27,BR,,,individual
C001721,Liz Sørensen,1974-01-24,DE,,,individual
C000073,Mei Ling Yeung,1976-03-06,TW,,,individual
C003970,Maggie J. Kowalski,,AU,,,individual
C003615,Bo Zhao,1997-04-07,HK,,,individual
C001494,Vessel Sea Breeze Alpha,,MH,imo,IMO9338630,vessel
C002697,Chih-Chiang Huang,1969-09-25,SG,,,individual
C003235,Rida Hosseini,1971-04-04,AF,,,individual
C004307,Tatyana Volkova,,BY,,,individual
C003977,Beth Pedersen,1991-03-07,US,,,individual
C000675,Ameer Hoseini,1956-10-25,IR,,,individual
C005558,Lei Zhou,1984-11-13,HK,,,individual
C005415,Bo Li,1987-07-21,HK,,,individual
C004170,Fung Lin,1997-01-16,HK,,,individual
C002044,"Kuznetsova, Irina",1980-05-05,KZ,,,individual
C003220,Maggie J. Dubois,1982-06-20,FR,,,individual
C005487,Jian Guo Chen,1988-05-22,CN,,,individual
C002632,Ming Lin,,HK,,,individual
C004126,Bo Zhao,1963-10-25,CN,,,individual
C004748,Wei Mah,1960-11-11,HK,,,individual
C000976,Edward Mueller,1962-02-17,CA,,,individual
C005168,Pepe Bianchi,1982-03-22,GB,,,individual
C000479,Evgeni Petrovich Zaytsev,1965-01-09,KZ,,,individual
C002290,Hua Zhu,1983-02-06,CN,,,individual
C003522,Hsiao-Chun Mah,1954-11-03,TW,,,individual
C000806,Chirine Jafary,1974-01-20,IR,,,individual
C002465,Beth Fisher,,AU,,,individual
C004878,Olha Tkachenko,1994-03-04,UA,,,individual
C002997,Mikey OBrien,1974-05-08,DE,,,individual
C001392,Pacific Rim Minerals L.L.C.,,IQ,,,entity
C005526,Hua Xu,1967-02-07,TW,,,individual
C005713,Xiao Ming Hwang,1980-10-18,HK,,,individual
C001813,Elisabeth Garcia,,FR,,,individual
C001275,"Onyx Maritime, Ltd",,LB,,,entity
C005199,Lei Lam,1989-01-02,CN,,,individual
C005033,Beth Muller,1998-12-12,GB,,,individual
C000236,Jamie Novak,1972-08-16,CA,,,individual
C000015,Irena Ivanovna Kozloffa,,UA,,,individual
C002839,Wei Huang,1990-04-13,SG,,,individual
C001912,Pepe Du Bois,1951-04-09,DE,,,individual
C001578,Vessel Amber Sky Alpha,,MH,imo,IMO9109246,vessel
C005695,Oumar Tariq Nasser,1964-02-17,SY,,,individual
C003989,Maggie M. Nguyen,1993-06-06,US,,,individual
C001421,Onyx Logistics Public Joint Stock Company,,SG,,,entity
C003954,Wei Hu,1999-09-23,HK,,,individual
C005198,Pepe M. Nguyen,1951-07-07,FR,,,individual
C005686,Kathy Larson,1973-05-03,GB,,,individual
C001939,Johnny J. Nguyen,1985-04-03,GB,,,individual
C000462,Tony Hernández,1953-06-11,AU,,,individual
C003473,Tao Chu,1959-09-03,HK,,,individual
C001127,Eastern Star Minerals OAO,,UA,,,entity
C000985,Maggie Pedersen,1995-08-04,FR,,,individual
C004788,Johnny Fisher,1976-07-14,US,,,individual
C003619,Rob Garcia,1962-05-03,CA,,,individual
C005634,Kuznetsova Natalia Petrovna,1958-07-23,KZ,,,individual
C000094,Doctor,2000-02-10,AE,,,individual
C003082,Yong Yang,1991-01-26,SG,,,individual
C004269,Kathy Fischer,1953-07-27,GB,,,individual
C002488,Xiang Luo,1986-03-27,CN,,,individual
C003091,Bill M. Lefevre,1961-03-07,BR,,,individual
C000384,Farhaad Moradi,1975-10-10,AF,,,individual
C004145,Jen Smith-Jones,1989-02-14,DE,,,individual
C002622,Pepe A. Schmidt,1950-01-18,CA,,,individual
C003051,Tao Kao,1967-11-25,HK,,,individual
C004183,Kathy J. O'Brien,1967-10-09,DE,,,individual
C004445,Drew Hernández,1971-04-15,CA,,,individual
C000572,Hsiang Chen,1958-08-06,HK,,,individual
C000644,Iryna Zaitseva,1999-03-12,RU,,,individual
C003502,Ping Chen,,HK,,,individual
C005203,Xiang Sun,1995-01-28,TW,,,individual
C002533,Tao Zhou,1960-12-20,HK,,,individual
C004484,Lei Hu,1978-12-23,CN,,,individual
C000765,James Andersen,,CA,,,individual
C004582,Ling Cai,1979-12-03,HK,,,individual
C001934,Will Andersson,1971-03-17,BR,,,individual
C003439,Wei Hoo,1997-03-24,HK,,,individual
C005664,Tony Ferreira,1952-09-17,US,,,individual
C004012,Danny J. Silva,1979-06-14,MX,,,individual
C003738,Eddie Schmidt,,US,,,individual
C003686,Jamie M. Garcia,1996-08-03,US,,,individual
C000091,Sue Hernández,1992-07-15,GB,,,individual
C000072,Said ben Khalid al-Rashid,1979-05-01,YE,,,individual
C003937,Xiao Jun Zhu,1973-07-04,SG,,,individual
C003345,Bobby J. Nowak,1990-07-25,FR,,,individual
C004959,Hosseini Rida,1981-08-22,IR,,,individual
C004989,Pepe Larson,,BR,,,individual
C001326,FALCON IMPORT EXPORT Ltd.,,KZ,,,entity
C005627,Omer Nasser,1953-07-03,EG,,,individual
C002038,Ming Lin,1998-06-09,HK,,,individual
C000833,Elizabeth Fischer,1972,GB,,,individual
C005377,Hua Kao,1998-04-13,TW,,,individual
C002304,José Smithjones,1951-08-09,AU,,,individual
C002133,Ming Wang,,SG,,,individual
C002520,Hua Wang,1960-12-22,TW,,,individual
C005325,Xiang Xu,1990-11-01,TW,,,individual
C000131,Shireen Esfahany,1972,IR,,,individual
C005020,Chien-Kuo Woo,1989-05-04,SG,,,individual
C005507,Mike Müller,1994-08-17,BR,,,individual
C005577,Jian Guo Guo,1986-03-26,SG,,,individual
C003131,Jenny M. Kowalski,1960-04-09,CA,,,individual
C000401,Victor Volkov,1950,UA,,,individual
C005029,Pat Muller,1994-02-11,FR,,,individual
C001456,Northern Lights Minerals Public Joint Stock Company,,DE,,,entity
C001104,Titan Aviation S.A.,,UA,,,entity
C001878,Fung Kao,,SG,,,individual
C000526,Beth Larson,1955-06-14,DE,,,individual
C001545,M/V Golden Wave One,,CM,,,vessel
C002300,Lei Chao,1970-05-06,CN,,,individual
C005114,Danny M. Kowalski,1994-04-27,GB,,,individual
C001617,Polar Bear One Trader,,IR,,,vessel
C001101,Titan Shipping S.A.,,TW,,,entity
C004284,Xiao Ming Hwang,1954-09-05,TW,,,individual
C003785,Kuo-Chiang Li,1963-09-22,TW,,,individual
C004407,Xiao-Ming Gao,,CN,,,individual
C002568,Hsiao-Chun Ng,1964-02-27,SG,,,individual
C002862,Rick O'Brien,1967-11-14,GB,,,individual
C005760,Hua Zhang,1952-11-21,TW,,,individual
C004297,Liz Bianchi,1968-10-13,CA,,,individual
C003141,Xiao Ming Gao,1952-01-15,TW,,,individual
C000671,Mostafa Kassem,1959,JO,,,individual
C004541,Jian Guo Cai,,TW,,,individual
C005611,Chun Lam,,SG,,,individual
C004042,Jian-Guo Guo,1973-01-03,SG,,,individual
C002804,Mikey Hernandez,,GB,,,individual
C003591,Mahmood Farsi,1965-09-14,EG,,,individual
C000743,Zhiqiang Wu,1975-10-21,HK,,,individual
C005794,Bob Nowak,1950-02-03,BR,,,individual
C004118,Pepe Silva,1958-02-01,AU,,,individual
C000059,Karimi Kaveh,1981-05-25,AF,,,individual
C003005,Maggie A. Kowalski,1991-09-15,AU,,,individual
C003491,Lei Zhou,1976-01-04,HK,,,individual
C004570,Chih-Chiang Kao,,SG,,,individual
C004215,Oumar Naser,1960-09-13,LB,,,individual
C004614,Tony A. Kowalski,1958-05-22,BR,,,individual
C003438,Maggie Du Bois,,GB,,,individual
C005008,Mike Hernández,,DE,,,individual
C004747,Tao Ma,1973-06-02,CN,,,individual
C004865,Kuo-Chiang Ma,1966-01-23,CN,,,individual
C000211,The Broker,1996-09-09,BY,,,individual
C005570,Elisabeth A. Petersen,1985-02-04,CA,,,individual
C000023,Tatjana Petrovna Smirnoffa,1999-03-03,RU,,,individual
C005696,Po Wong,1955-08-04,TW,,,individual
C003966,Fung Ng,1972-07-21,CN,,,individual
C005042,Ling Cai,1958-08-15,CN,,,individual
C004302,Liz Petersen,1994-06-28,BR,,,individual
C000804,Jose Silva,,BR,,,individual
C005639,Ming Luo,2000-03-04,SG,,,individual
C003256,Danny M. Garcia,1951-09-05,CA,,,individual
C001963,Abdul Rahman Shahin,,LB,,,individual
C000037,Chirine Mohamadi,1968-08-05,AF,,,individual
C004621,Feng Gao,1985-03-16,TW,,,individual
C001619,MV Lady Fortune III,,PA,,,vessel
C002781,Xiang Zhou,1959-11-27,HK,,,individual
C001212,GOLDEN CRESCENT MARITIME Ltd.,,SA,,,entity
C000133,Oumar Alfarsi,1972-03-16,LB,,,individual
C005542,Zhiqiang Wu,,HK,,,individual
C004616,Mei Ling Chan,1987-02-09,SG,,,individual
C004758,Ling Ng,1992-12-10,HK,,,individual
C000907,Ali Qasim,,EG,,,individual
C004608,Yung Zhao,,HK,,,individual
C000302,Eddie A.,,SG,passport,US83630606,individual
C001817,Johnny Schroeder,1974-09-14,FR,,,individual
C004666,Fung Woo,1983-03-15,TW,,,individual
C000318,Mihail Sokolov,1974-06-18,BY,,,individual
C001684,Trish Mueller,,AU,,,individual
C004017,Mei Ling Lin,1996-07-22,CN,,,individual
C005677,Xiao Ming Hoo,,TW,,,individual
C005484,José Schroder,,AU,,,individual
C003463,Hua Wang,,TW,,,individual
C002071,Catherine O'Brien,1950-07-19,DE,,,individual
C000033,Jamie Le Fevre,1985-03-02,BR,,,individual
C002274,Chiang Zhou,1956-01-27,TW,,,individual
C005820,Xander Hernández,1985-12-24,FR,,,individual
C002104,Ted M. Schmidt,1959-04-07,GB,,,individual
C004440,Yung Yeung,1972-07-16,SG,,,individual
C000252,Chuck Hernández,1971-05-05,FR,,,individual
C003333,Lei Tsai,1964-07-20,SG,,,individual
C005044,Wei Ma,1994-09-22,SG,,,individual
C001232,The Aral Technologies Co,,HK,,,entity
C004687,Mei-Ling Ng,1978-10-08,TW,,,individual
C005460,Mei Ling Chen,1968-12-28,HK,,,individual
C002759,Andy DaSilva,1995-03-11,AU,,,individual
C005328,Fung Ma,1973-10-22,CN,,,individual
C002991,Bobby Dubois,1990-02-05,DE,,,individual
C001788,Wei Yeung,1975-05-10,HK,,,individual
C000364,Hua Ma,1976-06-11,TW,,,individual
C003308,Jun Li,,SG,,,individual
C002298,Kuznetsov Alexandr,,UA,,,individual
C005254,Jun Wang,1996-08-05,SG,,,individual
C002139,Liz A. Bianchi,1969-09-21,CA,,,individual
C001530,Silver Lining Star,,PA,,,vessel
C005764,Feng Wu,1978-01-23,SG,,,individual
C003210,Volkova Tatiana,1996-07-21,UA,,,individual
C003127,Billy M. Hernandez,1960-08-27,CA,,,individual
C004127,Mei Ling Huang,1967-08-09,SG,,,individual
C003456,Tony Pedersen,1960-07-01,AU,,,individual
C003626,Charlie O'Brien,1971-06-21,AU,,,individual
C000386,Tom J. Petersen,,KZ,,,individual
C004832,José J. Lefevre,1988-03-28,DE,,,individual
C004784,Drew M. Hernandez,1994-02-28,CA,,,individual
C000052,Ivanova Swetlana,1987-09-16,KZ,,,individual
C003381,Hosseini Reza,1959-01-28,AF,,,individual
C005768,Zhiqiang Huang,,SG,,,individual
C002859,Mei-Ling Sun,1978-06-04,HK,,,individual
C002656,Trish Sorensen,1983-08-12,BR,,,individual
C000702,Evgeniy Petrovich Petroff,1983-09-02,KZ,,,individual
C003411,Wei Chu,,CN,,,individual
C003215,Tony A. Sorensen,1953-07-22,GB,,,individual
C003281,Ming Suen,,TW,,,individual
C005454,José Du Bois,1955-10-14,CA,,,individual
C001603,Vessel Silver Crest Alpha,,CM,imo,IMO9259909,vessel
C004764,Tao Yang,1979-09-08,TW,,,individual
C004266,Jenny Bianci,1987-08-07,BR,,,individual
C004474,Iryna Ivanovna Kuznetsoffa,1978-06-05,UA,,,individual
C000328,Olha Kozloffa,1986-05-11,KZ,,,individual
C000925,Kaveh Rezaei,1994-12-07,AF,,,individual
C004383,Kate Kowalsky,1993-07-16,DE,,,individual
C004572,Suzy Sorensen,1962-11-12,CA,,,individual
C005435,Moustafa Mansur,1991-02-23,SY,,,individual
C003212,Ming Choi,1982-10-19,SG,,,individual
C003602,Fung Woo,1959-04-22,TW,,,individual
C003883,Tommy Ferreira,,FR,,,individual
C000606,Jen Du Bois,1998-07-17,AU,,,individual
C004831,Liz García,,DE,,,individual
C005783,Jian Guo Chan,1989-03-13,TW,,,individual
C002942,Hua Chu,1987-11-20,SG,,,individual
C003543,Mei-Ling Wu,,SG,,,individual
C002625,Jen Nguyen,,FR,,,individual
C001023,Damavand Technologies,,SG,,,entity
C004709,Lei Zhao,1960-12-01,SG,,,individual
C000063,Po Ng,,SG,,,individual
C001546,MV Marlin Star,,CM,,,vessel
C002840,Ming Lin,,HK,,,individual
C000293,Tatjana Fyodorova,1983-10-25,KZ,,,individual
C001639,Chuck J. Fischer,1991-01-12,GB,,,individual
C003315,Hsiang Gao,1957-05-25,TW,,,individual
C003310,Mikey O'Brien,1991-01-23,CA,,,individual
C003766,Elisabeth Dubois,,BR,,,individual
C001426,Kamchatka Industries,,KZ,,,entity
C000452,Mahmud Qasim,,EG,,,individual
C002187,Zhiqiang Zhu,1994-04-21,TW,,,individual
C004663,Jon A. Nguyen,,MX,,,individual
C003074,Yung Wang,1970-04-28,SG,,,individual
C005279,Ling Mah,1999-02-27,HK,,,individual
C003918,Pepe A. Silva,,US,,,individual
C004229,Hua Yang,1966-05-12,HK,,,individual
C004418,Rich Lefèvre,1950-04-14,AU,,,individual
C003322,Jenny Mueller,1951-11-06,AU,,,individual
C004995,Wei Huang,,HK,,,individual
C005343,Pepe A. Silva,1957-10-17,BR,,,individual
C002517,Will M. Bianchi,,FR,,,individual
C001349,PACIFIC RIM ENGINEERING SA,,GB,,,entity
C005345,Hsiao-Ming Huang,,TW,,,individual
C004435,Qiang Ma,1960-07-22,HK,,,individual
C001607,MT Crimson Dawn One,,PA,,,vessel
C000641,James Ferreira,,BR,,,individual
C003216,Jon M. Schroeder,1994-07-03,MX,,,individual
C004291,Feng Lin,1969-07-10,SG,,,individual
C003388,Hua Chu,1990-08-26,CN,,,individual
C004238,Xiao Ming Tsai,1995-08-12,SG,,,individual
C000893,Jianguo Huang,,TW,,,individual
C003152,Kate Schroeder,1974-05-16,DE,,,individual
C001335,Emerald Bay Chemicals Free Zone Establishment,,BY,,,entity
C004395,Billy A. Bianchi,1974-11-28,US,,,individual
C005196,José A. Larsen,1982-01-03,CA,,,individual
C000165,Ayesha Elsayed,1968-10-27,EG,,,individual
C003632,Ling Woo,,TW,,,individual
C003653,Yung Li,1962-10-28,CN,,,individual
C001401,Altai Maritime Joint Stock Company,,GB,,,entity
C002269,Jim Anderson,1994-02-02,GB,,,individual
C004457,Yen Liu,1998-10-06,CN,,,individual
C001119,Pacific Rim Group,,EG,registration,REG-937570,entity
C002256,Jian-Guo Wu,1966-12-26,TW,,,individual
C001758,Drew Silva,1968-04-02,MX,,,individual
C001332,The Orion Steel Co.,,MX,,,entity
C001876,Tatyana Volkova,1980-12-06,KZ,,,individual
C000799,Wladimir Petrovich Petroff,1971-03-11,KZ,,,individual
C001216,Summit Group,,SA,registration,REG-607803,entity
C005095,Liz A. Sorensen,1962-11-15,GB,,,individual
C001524,MT Silver Crest II,,CM,,,vessel
C002658,Hsiang Lo,1980-02-06,HK,,,individual
C002883,Hua Zhu,1964-05-15,HK,,,individual
C003260,Chih-Chiang Kao,1956-08-05,HK,,,individual
C004809,Rob J. Nowak,1963-12-05,US,,,individual
C002117,Jenny M. Hernandez,1962-04-06,DE,,,individual
C004975,Yong Wang,1970-06-20,CN,,,individual
C000492,Dmitriy Aleksandrovich Chevtchenko,1967-12-22,UA,,,individual
C003951,Chun Huang,1962-12-09,TW,,,individual
C000154,Pat Ferreyra,1972,GB,,,individual
C004983,Yan Zhu,1954-04-14,CN,,,individual
C005220,Jon J. Fischer,1978-08-25,CA,,,individual
C004729,Mei Ling Hsu,1989-10-24,TW,,,individual
C000935,Hua Wang,1968-04-22,CN,,,individual
C005271,Xander M. Schroeder,1966-08-08,BR,,,individual
C000170,Billy Muller,1960-07,CA,,,individual
C003111,Beth J. Mueller,1960-12-05,FR,,,individual
C001187,"Crystal Agro, Limited",,MX,,,entity
C004487,Yen Liou,1995-03-14,CN,,,individual
C001313,Crystal Textiles L.L.C.,,SY,,,entity
C003969,Pepe Du Bois,1952-08-27,FR,,,individual
C004205,Wei Tchen,,TW,,,individual
C005281,Dan A. Silva,1984-06-02,AU,,,individual
C004565,Po Chu,1993-07-14,HK,,,individual
C002093,Danny M. Nowak,1990-09-12,DE,,,individual
C005366,Guoqiang Xu,,HK,,,individual
C005061,Chun Hwang,1957-08-09,HK,,,individual
C000720,Will García,1993-12-17,CA,,,individual
C003029,Hsiang Hu,1967-06-17,HK,,,individual
C002468,Tony Ferreira,1991-04-13,DE,,,individual
C004032,Tony Larson,1998-07-17,MX,,,individual
C001647,Dick A. Silva,1964-01-03,GB,,,individual
C005561,Billy Fisher,1968-03-16,GB,,,individual
C001306,Eastern Star Petroleum,,DE,,,entity
C005318,Abdurrahman Chahine,1983-04-12,LB,,,individual
C004750,Po Zhu,1985-04-05,TW,,,individual
C003245,Maggie A. Hernandez,1976-07-17,MX,,,individual
C000984,Dmitriy Ivanovich Sokoloff,1966-06-26,KZ,,,individual
C004823,Guo Qiang Yang,,HK,,,individual
C004877,Tommy M. Kowalski,,US,,,individual
C002434,Mei-Ling Woo,1981-05-03,CN,,,individual
C004548,Chuck Bianchi,1963-08-09,BR,,,individual
C002867,Jenny J. O'Brien,1976-08-04,FR,,,individual
C004924,Jian-Guo Guo,,TW,,,individual
C000921,Hua Zhang,,TW,,,individual
C004523,Wei Zhu,1982-08-11,TW,,,individual
C004507,Yen Zhu,1952-09-10,SG,,,individual
C000102,Tony Andersson,,FR,,,individual
C003410,Yan Zhu,,CN,,,individual
C000259,Alex Larsen,,FR,,,individual
C003746,Tao Hwang,1956-03-11,CN,,,individual
C002323,Wei Tchen,1953-07-22,SG,,,individual
C004799,Tony A. Schroeder,,MX,,,individual
C004555,Chuck Fisher,1982-06-21,GB,,,individual
C003996,Hsiang Lam,1967-01-20,HK,,,individual
C005551,Maggie Schmitt,1961-11-14,AU,,,individual
C004493,Wei Lau,1976-06-18,TW,,,individual
C001414,Jade Dragon Textiles Public Joint Stock Company,,HK,,,entity
C000213,Yousuf Nasir,,JO,,,individual
C004137,Po Lin,,HK,,,individual
C004679,José Larson,,MX,,,individual
C002566,Mike J. Petersen,1975-06-04,AU,,,individual
C000513,Catherine Nguyễn,1994-10-08,JO,,,individual
C004842,Abdurrahman Shaheen,1970-11-12,AE,,,individual
C002386,Hosseini Reza,1980-08-17,IR,,,individual
C000767,Chuck Da Silva,1962-06-12,DE,,,individual
C002844,Jim M. Ferreira,1959-08-23,DE,,,individual
C001224,DELTA CHEMICALS Ltd,,EG,,,entity
C000418,Lei Suen,1982-06-05,HK,,,individual
C000783,Yong Yang,,HK,,,individual
C005743,Yung Chao,1982-10-28,TW,,,individual
C003659,Hua Guo,1973-12-02,SG,,,individual
C004609,Danny Kowalski,1994-01-17,CA,,,individual
C004073,Ping Tchen,1959-12-11,SG,,,individual
C005346,Mei-Ling Zhu,1973-06-10,CN,,,individual
C001743,Ling Lin,,CN,,,individual
C000142,"Kuznetsov, Ihor",1981,UA,,,individual
C005629,Dick Lefèvre,1982-10-28,AU,,,individual
C000838,Yelena Zaitseva,1986-05-22,UA,,,individual
C001692,Yen Hu,1992-08-05,SG,,,individual
C001338,Phoenix Industries Free Zone Establishment,,UA,,,entity
C003507,Mustafa Sayed,1985-10-18,YE,,,individual
C004365,Hsiao-Chun Hwang,1978-03-13,TW,,,individual
C002953,Chun Lam,,SG,,,individual
C001163,Volga Pharma LLC,,AF,,,entity
C000836,Abd Allah ben Yusuf Haddade,1971,SA,,,individual
C004547,Fung Li,,SG,,,individual
C002422,Chuck M. Nowak,1967-06-14,AU,,,individual
C004043,Yen Zhang,1977-02-12,SG,,,individual
C002242,Dick Silva,,DE,,,individual
C004561,Sue M. Fischer,,CA,,,individual
C002719,Dan Novak,1962-10-15,FR,,,individual
C001058,"Phoenix Petroleum, Limited Liability Company",,JO,,,entity
C000596,Mei Ling Hoo,1953-01-14,TW,,,individual
C002121,Tom A. Ferreira,2000-05-06,CA,,,individual
C004175,Charlie Fisher,1952-12-26,FR,,,individual
C000153,Nassrin Teherani,1969-02-21,IR,,,individual
C000367,Aysha Barkat,1986-07-11,SY,,,individual
C004899,Ling Wu,1954-11-03,CN,,,individual
C002162,Kate O'Brien,1959-08-01,GB,,,individual
C004379,Wei Gao,1958-02-15,TW,,,individual
C002479,Wei Ng,,HK,,,individual
C001565,Vessel Green Meadow Alpha,,LR,imo,IMO9020422,vessel
C000075,José Peterson,1987-01-21,MX,,,individual
C005546,Peggy J. Dubois,,CA,,,individual
C003189,Alex A. Sorensen,1972-10-14,BR,,,individual
C002301,Mei-Ling Sun,1951-08-05,HK,,,individual
C000645,Al-Hakim,,RU,,,individual
C002829,Chien-Kuo Wang,1954-08-24,TW,,,individual
C001737,Xiang Sun,1968-01-10,SG,,,individual
C004257,Hsiao-Chun Chu,,HK,,,individual
C002779,Mikey Anderson,,BR,,,individual
C004575,Po Chao,1977-12-16,CN,,,individual
C004850,Mei-Ling Xu,,CN,,,individual
C003128,Bobby J. Dubois,1988-04-06,DE,,,individual
C002169,Kuo-Chiang Woo,,TW,,,individual
C002253,Jen Smithjones,1950-07-26,DE,,,individual
C000970,Dan Andersson,1990-05-08,US,,,individual
C002909,Tony M. Larsen,1999-05-06,MX,,,individual
C004120,Rob Fischer,1981-10-20,DE,,,individual
C005080,José M. Silva,,MX,,,individual
C004052,"Volkova, Tatiana",1981-12-06,BY,,,individual
C002148,Yousuf Rashid,1950-10-09,IQ,,,individual
C002467,Ling Lin,1962-06-10,SG,,,individual
C003605,Wei Ma,1988-11-24,TW,,,individual
C003501,Tony Larson,,CA,,,individual
C001775,Hua Kwok,1955-01-05,SG,,,individual
C002629,Eddie O'Brien,1953-08-13,GB,,,individual
C000007,The Accountant,1952-06-22,HK,,,individual
C002646,Chun Yang,,TW,,,individual
C001702,Chih-Chiang Huang,1951-01-03,HK,,,individual
C000650,Alee Alamin,1998,LB,,,individual
C005056,Chuck Fischer,1969-02-17,CA,,,individual
C002250,Hua Suen,1972-07-02,TW,,,individual
C000780,Wei Wu,,TW,,,individual
C004925,Ibrahim Rashid,1961-10-09,IQ,,,individual
C004301,Chun Yang,1973-04-27,HK,,,individual
C005374,Ling Ma,1987-05-01,HK,,,individual
C003250,Jen A. Petersen,1974-03-23,AU,,,individual
C000393,Doctor,1992-04-28,DE,,,individual
C003745,Suzy M. Dubois,1983-02-10,MX,,,individual
C005025,Jen Kowalski,2000-11-06,BR,,,individual
C004956,Tony O'Brien,1964-05-03,US,,,individual
C001648,Dick Schmid,1955-08-20,MX,,,individual
C003624,Ping Zhou,1955-10-07,HK,,,individual
C002611,Tao Huang,1960-10-24,SG,,,individual
C003209,Tao Zhang,1995-09-27,CN,,,individual
C000449,Po Yeung,2000-02-27,UA,,,individual
C002173,Xiao Jun Chan,,SG,,,individual
C000404,Bobby Da Silva,1960-05-06,BR,,,individual
C002446,Yan Wang,1973-01-05,TW,,,individual
C001552,Star of Aden Star,,CM,,,vessel
C004193,Beth Petersen,1982-04-08,DE,,,individual
C002813,Fung Kao,1950-11-07,CN,,,individual
C000898,Jennifer Mueller,,MX,,,individual
C000169,Waleed Kasim,,EG,,,individual
C003241,Maggie Kowalski,,BR,,,individual
C004879,Ming Luo,1980-08-12,HK,,,individual
C002280,Ping Chao,,TW,,,individual
C004658,Mei-Ling Zhu,1999-07-20,SG,,,individual
C002877,Fung Suen,1950-12-21,SG,,,individual
C001299,Nile Valley Technologies Free Zone Establishment,,DE,,,entity
C000613,Al-Hakim,1955-09-19,DE,,,individual
C003520,Beth Müller,1989-10-24,MX,,,individual
C003876,Ling Mah,1971-12-09,SG,,,individual
C004247,Ming Chow,,TW,,,individual
C001747,Jen O Brien,1996-08-26,FR,,,individual
C002694,Rick A. Lefevre,1973-11-14,DE,,,individual
C001463,MV Polar Bear,,KM,,,vessel
C004615,Hua Hu,1952-01-04,TW,,,individual
C000465,Ameer Rezaei,1968-05-11,IR,,,individual
C005257,Liz Schroder,,CA,,,individual
C002928,Chih-Chiang Wu,1958-06-20,TW,,,individual
C001748,Guoqiang Yang,1965-12-01,CN,,,individual
C001279,Sinai Minerals,,TW,,,entity
C002726,Ping Luo,1973-01-12,CN,,,individual
C004661,Pepe Bianchi,1976-05-19,FR,,,individual
C000369,Ameer Karimi,,UA,,,individual
C004866,Ling Tsai,,TW,,,individual
C002309,Chien-Kuo Cai,,TW,,,individual
C003512,Maggie Schmitt,,AU,,,individual
C001911,Sue J. Ferreira,1984-04-01,BR,,,individual
C004814,Sue M. Lefevre,,GB,,,individual
C005048,Mei Ling Chan,1987-11-19,SG,,,individual
C005635,Will Andersson,,GB,,,individual
C001910,Xander A. Hernandez,1983-07-22,AU,,,individual
C001945,Ling Hsu,1993-06-15,HK,,,individual
C000159,Brahim Zeidi,1995-09-14,YE,,,individual
C005680,Peggy Hernandez,1985-03-19,MX,,,individual
C002028,Sue Le Fevre,1993-12-16,AU,,,individual
C002549,Meiling Sun,1971-10-18,HK,,,individual
C005729,Hua Hu,,HK,,,individual
C003594,Tom A. Larsen,1997-12-13,FR,,,individual
C001472,M/V Silver Crest Star,,CM,,,vessel
C003372,Ming Li,1967-12-01,TW,,,individual
C000889,Xiao Jun Guo,1970-05-10,SG,,,individual
C002249,Kuo-Chiang Hsu,1976-08-19,HK,,,individual
C003878,Fung Gao,1985-02-26,SG,,,individual
C002364,Yen Gao,1974-12-05,HK,,,individual
C003271,Yen Chu,1966-08-08,CN,,,individual
C001804,Xiaoming Huang,,CN,,,individual
C003242,Peggy A. Dubois,1988-03-22,GB,,,individual
C003431,Peggy Schmid,1956-01-04,GB,,,individual
C005322,Tommy Larsen,1986-01-18,AU,,,individual
C002210,Olha Ivanovna Tkachenko,1969-12-25,UA,,,individual
C003003,Hua Cai,1961-11-18,SG,,,individual
C000419,Yung Hu,1975-05,CN,,,individual
C001998,Sue Ferreyra,,MX,,,individual
C002961,Tao Wang,1973-06-04,HK,,,individual
C005738,Hua Gao,,CN,,,individual
C003081,Xander M. Petersen,1973-05-20,BR,,,individual
C000888,Ali Qasim,,EG,,,individual
C005405,Chuck J. Garcia,1988-09-08,BR,,,individual
C005127,Yan Huang,1986-04-07,CN,,,individual
C002614,Beth J. Bianchi,1990-10-14,CA,,,individual
C002513,Alex A. Schroeder,1982-10-08,MX,,,individual
C003768,Natasha Kusnezowa,1953-03-01,RU,,,individual
C003731,Jian-Guo Li,1961-06-27,SG,,,individual
C005296,Bobby Smithjones,1978-10-20,DE,,,individual
C003893,Jim Andersen,1963-06-22,GB,,,individual
C003197,Umar Nasir,1978-12-28,LB,,,individual
C005208,Lei Ma,1981-08-06,HK,,,individual
C001236,Altai Minerals Free Zone Establishment,,AU,,,entity
C003475,Tony OBrien,1987-11-19,US,,,individual
C003733,Pepe Bianci,1965-10-02,FR,,,individual
C004786,Mikey Dubois,1969-09-28,FR,,,individual
C000538,Sa'id Alamin,,EG,,,individual
C001557,Blue Whale III Express,,RU,,,vessel
C003357,José A. Schmidt,,AU,,,individual
C003909,Xiao Ming Liu,1960-01-17,SG,,,individual
C003396,Pepe Larsen,1986-11-06,DE,,,individual
C000919,Kuo-Chiang Chan,1969-05-02,SG,,,individual
C005468,Yan Ma,1969-04-07,CN,,,individual
C001241,Sahara Maritime Sociedad Anonima,,BY,,,entity
C005359,Bobby M. Fischer,1978-10-23,CA,,,individual
C001959,Ling Ma,1981-12-08,HK,,,individual
C002530,Iurii Nikolaevich Petroff,1981-03-21,BY,,,individual
C000009,Mahdi Esfahany,1955-05-06,AE,,,individual
C002872,Yen Hwang,1986-07-05,CN,,,individual
C000611,Mei Ling Ma,1967-04-23,GB,,,individual
C004113,Hsiang Hoo,,SG,,,individual
C004911,Chien-Kuo Ma,1968-08-27,SG,,,individual
C005173,Alee Qasim,1979-03-11,AE,,,individual
C001599,Vessel Desert Rose Alpha,,RU,imo,IMO9346837,vessel
C002047,Yan Zhou,1957-09-06,SG,,,individual
C005303,Jim A. Andersen,1959-06-08,DE,,,individual
C005110,Tony A. Ferreira,1954-07-10,US,,,individual
C002660,Guo Qiang Hoo,1952-10-20,CN,,,individual
C004946,José Hernández,1950-07-22,FR,,,individual
C002684,Guo Qiang Xu,1970-10-09,SG,,,individual
C001907,Ming Lam,1977-07-02,SG,,,individual
C000245,Kate Da Silva,2000-11,US,,,individual
C001375,Zagros Group,,US,registration,REG-807072,entity
C001730,Xander Kowalski,1951-01-17,FR,,,individual
C000356,Svitlana Kuznetsova,1980-08-19,BY,,,individual
C005320,Bobby M. Dubois,,GB,,,individual
C002459,Chiang Lam,1966-11-13,CN,,,individual
C003911,Wei Zhu,1984-04-28,SG,,,individual
C000519,Dick A.,,FR,passport,FR43320584,individual
C000689,Jennifer Bianchi,,BR,,,individual
C004329,Hsiang Lin,1994-04-26,TW,,,individual
C005043,Fung Woo,1979-10-26,TW,,,individual
C004448,Wei Chu,2000-08-02,HK,,,individual
C005031,Jon Fisher,1979-12-11,US,,,individual
C000044,Leila Elmasry,1967-08-09,TW,,,individual
C000504,Aicha Shahin,1984-05-14,AE,,,individual
C002453,Yan Hu,1954-09-22,CN,,,individual
C003955,Fung Sun,1968-12-23,CN,,,individual
C001098,ARAL SHIPPING LLC,,FR,,,entity
C004008,Pat J. Andersen,1993-06-13,AU,,,individual
C004695,Bill Hernández,1960-12-10,US,,,individual
C004928,Fung Ng,1960-07-21,CN,,,individual
C003257,Tony Schroder,1996-07-18,CA,,,individual
C004497,Liz O'Brien,1975-02-08,DE,,,individual
C003920,Peggy Nguyen,,CA,,,individual
C001936,Will Lefevre,1964-04-09,BR,,,individual
C004630,Sue Lefèvre,1977-06-17,AU,,,individual
C004588,Danny Kowalsky,1976-04-04,US,,,individual
C005806,Ming Hoo,1997-11-26,SG,,,individual
C003093,Yan Zhu,1955-06-25,SG,,,individual
C005505,Pat M. Andersen,1979-12-27,GB,,,individual
C000375,Alex Schmid,,US,,,individual
C004176,Tony Nguyen,1998-07-15,US,,,individual
C000908,Yong Sun,,CN,,,individual
C003689,Pat Fisher,1955-10-20,AU,,,individual
C000843,Jianguo Ma,,TW,,,individual
C002316,Drew DaSilva,1962-05-20,BR,,,individual
C004782,Hua Sun,,HK,,,individual
C004172,Chih-Chiang Huang,,TW,,,individual
C005453,Fung Li,,HK,,,individual
C000104,Mustapha Naser,1951,AE,,,individual
C000546,Lei Wang,1977-10-01,SA,,,individual
C005647,Po Lee,1968-10-12,HK,,,individual
C000615,Mohammed Arrashid,1961-03-03,AE,,,individual
C001789,Alex Sorenson,1986-06-01,BR,,,individual
C003848,Guoqiang Xu,1968-08-02,SG,,,individual
C000902,Yung Huang,1958-08-22,HK,,,individual
C004324,Fung Wu,1983-05-12,HK,,,individual
C000797,Ming Luo,,CN,,,individual
C003950,Jamaal Jamal Qasim,1997-03-08,LB,,,individual
C000805,Big Mo,,GB,,,individual
C005130,Lei Ma,1969-07-05,HK,,,individual
C004573,Pat Muller,1959-06-12,CA,,,individual
C002618,Mike O Brien,1973-06-03,GB,,,individual
C002596,Ling Cai,,CN,,,individual
C004480,Kave Rezaie,1954-08-06,IR,,,individual
C002785,Natalya Kuznetsoffa,1994-09-22,UA,,,individual
C003156,Feng Huang,1994-03-22,TW,,,individual
C005300,Hua Xu,1992-09-08,CN,,,individual
C000018,Iryna Ivanoffa,1954-10-24,KZ,,,individual
C001549,Desert Rose III Spirit,,KM,,,vessel
C002608,Maggie Nguyễn,1996-03-08,GB,,,individual
C002959,Tommy J. Kowalski,1992-01-14,AU,,,individual
C004852,Moustafa Mansour,1950-03-10,IQ,,,individual
C002621,Yen Choi,,SG,,,individual
C003471,Hua Suen,1966-05-19,SG,,,individual
C000225,Ping Ng,2000-03-19,TW,,,individual
C000237,Farhaad Ahmadee,1965-04-19,AF,,,individual
C000135,Alex Bianchi,1971-08-17,BR,,,individual
C001447,Zenith Chemicals Co,,EG,,,entity
C002200,Ming Wang,1999-08-04,HK,,,individual
C003019,Xiao-Ming Hu,1980-01-25,HK,,,individual
C002436,Irena Kuznetsova,,KZ,,,individual
C005495,Gamal Qasim,1989-12-10,LB,,,individual
C000558,Pat A.,1975-11-21,AU,passport,AU22632876,individual
C000868,Rida Kareemi,1997-11-18,AF,,,individual
C003083,Chiang Mah,1964-04-21,SG,,,individual
C002900,Chiang Lin,1971-11-02,TW,,,individual
C001783,Ping Sun,1971-04-16,HK,,,individual
C002856,Kathy Fischer,1984-08-04,FR,,,individual
C000255,Nikolay Wolkow,,UA,,,individual
C003222,Chun Lee,1979-05-24,TW,,,individual
C001805,Rezaei Kaveh,,IR,,,individual
C004103,Suzy Kowalski,1951-12-15,BR,,,individual
C001129,Northern Lights Agro Joint Stock Company,,LB,,,entity
C001915,Wei Chen,1958-09-07,SG,,,individual
C003795,Guo Qiang Zhou,1964-10-18,HK,,,individual
C005129,Suzy M. Dubois,1958-11-24,MX,,,individual
C001558,Storm Petrel III Trader,,IR,,,vessel
C002178,Tony M. Larsen,1971-02-08,MX,,,individual
C004465,Ming Lo,1999-11-04,HK,,,individual
C001210,Delta Logistics Ltd.,,SG,,,entity
C000321,Leyla Zaidi,,IQ,,,individual
C002319,Guoqiang Zhou,1999-02-18,CN,,,individual
C003312,Jun Huang,1974-12-24,CN,,,individual
C000283,Dmitry K.,,IR,passport,BY54550670,individual
C001889,Mike Schroder,1962-12-28,US,,,individual
C003895,Bill Fisher,1978-04-15,BR,,,individual
C005443,Kuznetsova Irina Petrovna,,UA,,,individual
C005488,Maggie Nguyen,1988-02-27,GB,,,individual
C003036,Jen A. Schroeder,2000-01-14,CA,,,individual
C005565,Maggie M. Smith-Jones,1996-12-11,CA,,,individual
C002482,Mostafa Sayed,1966-04-01,SY,,,individual
C002489,Jen A. Nguyen,1971-06-19,MX,,,individual
C005736,Wei Sun,1978-01-27,HK,,,individual
C001077,Eastern Star Import & Export G.m.b.H.,,JO,,,entity
C003688,Billy J. Bianchi,1969-08-16,GB,,,individual
C000357,Iurii Aleksandrovich Zaitsev,1970,RU,,,individual
C005745,Yung Li,1991-04-25,SG,,,individual
C000778,Oualid Hadad,1981,LB,,,individual
C003959,Eddie J. Schmidt,,MX,,,individual
C001515,Vessel Kestrel Alpha,,IR,imo,IMO9862270,vessel
C005494,Trish Sorensen,1977-10-21,DE,,,individual
C004108,Xander J. Petersen,1965-02-23,US,,,individual
C003348,Jian Guo Ma,1972-12-18,CN,,,individual
C000996,Ahmed Al Rashed,1986-05-06,SA,,,individual
C005045,Eddie O'Brien,1993-04-16,GB,,,individual
C000379,Feng Zhou,1973-01-13,HK,,,individual
C005661,Tom Ferreyra,1997-01-03,MX,,,individual
C001161,Euphrates Trading FZ-LLC,,HK,,,entity
C002695,José J. Dubois,,US,,,individual
C005331,Sue Larson,1994-10-20,BR,,,individual
C000514,Ameer Ahmadee,1973-06-13,IQ,,,individual
C002559,Jun Huang,1965-01-20,HK,,,individual
C000109,Xiao Jun Kao,1987-06-16,SA,,,individual
C004893,Danny Fischer,1957-07-02,AU,,,individual
C002689,Yen Mah,1978-03-16,TW,,,individual
C002788,Rezaei Kaveh,1993-04-27,IR,,,individual
C001280,EMERALD BAY INDUSTRIES PJSC,,IQ,,,entity
C002424,Hsiao-Chun Wu,1972-08-09,TW,,,individual
C004910,Hua Lin,,HK,,,individual
C001770,Rida Hosseiny,,IR,,,individual
C001155,Golden Crescent Textiles,,CA,,,entity
C005568,Kave Rezai,1983-07-03,AF,,,individual
C000006,Abu Omar,1989-02-10,AF,,,individual
C003067,Alexandr Kuznetsov,1989-12-17,KZ,,,individual
C004167,Ling Ma,1994-02-02,TW,,,individual
C002341,Elisabeth A. Fischer,1957-08-22,DE,,,individual
C003099,Kuo-Chiang Xu,,CN,,,individual
C001151,"Euphrates Investments, Joint Stock Company",,FR,,,entity
C000619,Yousef Salah,1956-09-23,LB,,,individual
C003259,Bob A. Ferreira,1985-12-04,BR,,,individual
C002742,Ping Chu,1959-08-20,SG,,,individual
C000179,Jafari Babac,1965-12-02,AF,,,individual
C000271,Tao Ng,1966-05-21,TW,,,individual
C001837,Chiang Lin,1957-09-01,CN,,,individual
C004178,Yen Zhang,1989-05-01,HK,,,individual
C005308,Bob García,,FR,,,individual
C004212,Chih-Chiang Hwang,1995-11-06,HK,,,individual
C000569,Dimitri Sokoloff,1973-06-12,KZ,,,individual
C000223,Umar A.,,JO,passport,JO85411944,individual
C002864,Ming Zhou,1994-04-20,TW,,,individual
C002416,Fung Suen,1978-07-04,CN,,,individual
C000973,Elizabeth Nowak,1954,CA,,,individual
C004300,Xiaojun Ma,1989-02-28,SG,,,individual
C001209,Tigris Group,,US,registration,REG-777960,entity
C004580,Ming Zhou,,CN,,,individual
C003171,Jenny A. Kowalski,1967-09-13,GB,,,individual
C001645,Ming Wong,1968-02-25,HK,,,individual
C005246,Yen Cai,2000-05-12,SG,,,individual
C002783,Mike M. O'Brien,1955-12-28,AU,,,individual
C000906,Doctor,,AE,,,individual
C003847,Danny Kowalsky,1978-02-03,AU,,,individual
C003767,Beth M. Mueller,1956-08-04,CA,,,individual
C002259,Wei Hu,1963-06-03,SG,,,individual
C004859,Rida Hosseini,,IR,,,individual
C000566,Al-Ustadh,1984-10-13,SG,,,individual
C002874,Wei Hoo,2000-02-02,SG,,,individual
C000676,Serguei Kuznetsoff,1958-02-19,KZ,,,individual
C000841,Drew O Brien,1998-05-09,GB,,,individual
C002114,Hua Cai,1994-09-26,TW,,,individual
C001403,"Baltic Technologies, Free Zone Establishment",,YE,,,entity
C003219,Tony Ferreyra,,US,,,individual
C000638,Muhamad ibn Yusuf Mansur,1998-02-03,JO,,,individual
C004392,Jian Guo Kwok,,CN,,,individual
C002764,Jen Petersen,1954-09-15,AU,,,individual
C003971,Maggie J. Hernandez,1978-04-24,CA,,,individual
C003432,Tao Ma,1965-05-11,HK,,,individual
C000565,Hsiang Chang,1964-05-11,HK,,,individual
C000999,Lei Kuo,1957-05-16,HK,,,individual
C001006,Andrew Silva,,BR,,,individual
C000276,Sa'id Barkat,1951-07-27,YE,,,individual
C001176,Al-Noor Maritime SA,,US,,,entity
C003703,Ming Lam,1950-07-27,HK,,,individual
C001491,M/V Black Tide Star,,IR,,,vessel
C001323,Atlas Investments G.m.b.H.,,JO,,,entity
C005046,Yan Cai,1984-09-08,CN,,,individual
C002370,Wei Hu,,CN,,,individual
C004592,Tony J. Ferreira,1977-10-24,AU,,,individual
C002318,Peggy M. Kowalski,1966-08-20,CA,,,individual
C003623,Xiao Jun Hwang,,CN,,,individual
C001031,Delta Group,,SG,registration,REG-311637,entity
C003964,Johnny Schmidt,,DE,,,individual
C003792,Jun Wang,1957-08-12,CN,,,individual
C004224,Chien-Kuo Huang,1972-04-23,CN,,,individual
C003044,Hua Lam,1951-04-07,HK,,,individual
C002378,Jenny Kowalsky,1970-12-18,CA,,,individual
C004470,Hsiang Lin,1976-01-18,CN,,,individual
C000222,Hosseini Shireen,1983-01-20,AF,,,individual
C005810,Pat A. Mueller,1981-10-27,FR,,,individual
C005448,Guo Qiang Xu,1984-06-25,TW,,,individual
C002012,Wei Huang,1967-07-13,SG,,,individual
C002120,Jen J. Petersen,1995-07-25,CA,,,individual
C003644,Hsiao-Chun Wu,1980-11-19,TW,,,individual
C001733,Po Lo,1980-07-12,HK,,,individual
C005501,Rezaei Kaveh,,IR,,,individual
C000451,Chiang Wang,1950-09-25,HK,,,individual
C003734,Mike Hernandez,1959-08-28,US,,,individual
C001009,Zhi Qiang Zhou,1994-10-24,TW,,,individual
C004829,Andy A. Silva,1966-05-26,BR,,,individual
C000746,Al-Hakim,,FR,,,individual
C005333,Ed A. O'Brien,1963-03-23,AU,,,individual
C005285,Fung Ma,1976-09-18,HK,,,individual
C005600,Tao Wang,,SG,,,individual
C005187,Tom M. Kowalski,1982-09-10,AU,,,individual
C002332,Xiao Jun Tchen,1978-05-17,SG,,,individual
C001410,Zenith Steel Ltd,,CN,,,entity
C000417,Victor Smirnov,,KZ,,,individual
C000112,Ihsan Karimy,,IR,,,individual
C000669,Suzy Hernández,1989,GB,,,individual
C002276,Tony Ferreyra,1998-05-18,CA,,,individual
C003255,Elisabeth A. Fischer,1963-04-14,AU,,,individual
C005674,Yan Zhao,1984-05-28,SG,,,individual
C002933,Liz Pedersen,1978-08-22,GB,,,individual
C005167,Yen Gao,1974-07-02,CN,,,individual
C002772,Bo Li,1968-12-11,CN,,,individual
C005518,Bo Hu,1984-09-21,CN,,,individual
C005060,Kathy A. Schroeder,1984-05-05,CA,,,individual
C004345,Ming Sun,,HK,,,individual
C004769,Alex A. Schroeder,1996-06-27,CA,,,individual
C004447,Alex Schroeder,1971-02-10,BR,,,individual
C005609,Mahmoud Farsi,2000-08-23,SY,,,individual
C002529,Bob Kowalski,1993-06-26,MX,,,individual
C003610,Wei Chu,1969-12-28,CN,,,individual
C003198,Liz Sorenson,1955-07-03,MX,,,individual
C005767,Liz OBrien,1972-05-06,MX,,,individual
C001144,The Phoenix Chemicals Co.,,BY,,,entity
C004554,Mei-Ling Wu,,SG,,,individual
C003182,Peggy Schmid,1993-09-15,CA,,,individual
C000139,Abdurrahman Hashimi,1980-09-01,IQ,,,individual
C003897,Pat M. Mueller,1955-04-12,FR,,,individual
C003826,Liz Müller,1969-01-01,MX,,,individual
C002484,Wei Ng,1966-02-24,TW,,,individual
C000603,Xander DaSilva,,BR,,,individual
C004760,Mike O Brien,,CA,,,individual
C003415,Bobby García,1982-12-24,AU,,,individual
C005274,Po Wang,1999-05-08,TW,,,individual
C000609,Chih-Chiang Chow,1952-06-04,TW,,,individual
C000726,Susan Dubois,1983-03-11,FR,,,individual
C001473,Morning Glory,,KM,,,vessel
C002115,Danny Da Silva,,DE,,,individual
C000642,Hua Chan,1976-11-01,CN,,,individual
C003722,Bill A. Bianchi,1985-02-26,BR,,,individual
C004772,Ted A. Nowak,1966-06-26,US,,,individual
C002923,Rida Hosseini,1965-05-12,IR,,,individual
C005117,Hua Zhu,1977-09-19,SG,,,individual
C002157,Alex Kowalski,1991-09-21,MX,,,individual
C002142,Eddie Schmitt,1965-01-23,US,,,individual
C003829,Chien-Kuo Huang,1976-02-15,CN,,,individual
C004437,Tony J. Nguyen,,MX,,,individual
C005099,Chien-Kuo Zhao,1953-11-11,HK,,,individual
C002811,Kave Rezai,1973-09-26,IR,,,individual
C004410,Yen Zhang,1980-01-24,CN,,,individual
C003449,Elisabeth Müller,2000-11-15,FR,,,individual
C000738,Xander Du Bois,1998,US,,,individual
C003243,Jian Guo Ma,,HK,,,individual
C000968,Charlie Ferreira,1958,AU,,,individual
C002546,Yong Li,1969-09-18,SG,,,individual
C002149,Suzy Kowalsky,1955-08-23,CA,,,individual
C002932,Hua Gao,1953-11-04,TW,,,individual
C004211,Jenny M. O'Brien,1987-05-08,BR,,,individual
C000120,Youssef Barkat,1953-05-07,AE,,,individual
C000003,Ibraheem Shaheen,1975-05-20,SY,,,individual
C001525,Vessel Coral Queen Alpha,,RU,imo,IMO9547140,vessel
C004319,Charlie Fischer,1962-02-01,BR,,,individual
C002025,Beth J. Sorensen,1972-06-13,AU,,,individual
C004789,Hsiao-Chun Wu,1953-05-07,CN,,,individual
C001178,Harbor Point Industries L.L.C.,,CN,,,entity
C001742,Jian-Guo Huang,1981-03-10,HK,,,individual
C004144,Mike Schroder,1980-01-21,CA,,,individual
C001662,Peggy García,1976-11-01,BR,,,individual
C004759,Jun Li,1981-11-14,SG,,,individual
C005357,Hosseini Rida,1987-04-23,AF,,,individual
C001082,Northern Lights Maritime FZE,,BY,,,entity
C005073,Catherine Peterson,1973-07-01,DE,,,individual
C001689,Wei Mah,1966-12-25,CN,,,individual
C004195,Hua Xu,1962-09-24,TW,,,individual
C002886,Maggie García,1962-05-16,US,,,individual
C005592,Xander J. Petersen,1984-03-22,CA,,,individual
C001481,Vessel Marlin Alpha,,LR,imo,IMO9655160,vessel
C004530,Peggy Du Bois,1988-02-15,US,,,individual
C001341,Lotus Petroleum Ltd,,KZ,,,entity
C001218,Al-Bahr Import & Export PJSC,,YE,,,entity
C002217,Rich A. O'Brien,1979-12-07,FR,,,individual
C004402,Dick A. Silva,1974-12-13,DE,,,individual
C001397,Titan Group,,AE,registration,REG-148831,entity
C004408,Tony Sorensen,1972-01-25,CA,,,individual
C004839,Jian Guo Kao,1975-10-22,TW,,,individual
C005523,José Schmid,1970-02-26,GB,,,individual
C002561,Bo Zhao,1951-01-28,TW,,,individual
C005707,Iurii Petrov,1986-08-20,KZ,,,individual
C004844,Danny Fischer,1989-12-09,FR,,,individual
C004936,Kathy J. O'Brien,1990-06-03,AU,,,individual
C000279,Wei Lee,1993,HK,,,individual
C002650,Tao Zhou,1973-10-28,SG,,,individual
C004611,Bobby Dubois,,US,,,individual
C002938,Abdul Rahman Shahin,1958-01-13,SA,,,individual
C005740,Bo Zhu,1991-03-19,HK,,,individual
C004128,Trish M. Sorensen,1993-01-21,DE,,,individual
C002354,Xiao-Ming Xu,,HK,,,individual
C001691,Tao Gao,1971-05-01,SG,,,individual
C002775,Ed M. Mueller,,FR,,,individual
C003913,Chiang Kuo,1983-02-14,HK,,,individual
C003720,Yong Zhu,1962-06-24,HK,,,individual
C002246,Will A. Schroeder,1963-06-03,DE,,,individual
C002476,"Volkova, Tatyana",1974-12-01,BY,,,individual
C005047,Drew Da Silva,1982-02-11,CA,,,individual
C000747,Farhaad Mohammadi,1962,AF,,,individual
C003108,Rob M. Dubois,1997-07-04,MX,,,individual
C003935,Jianguo Wu,1984-04-04,SG,,,individual
C005347,Andy Smith Jones,1992-03-02,DE,,,individual
C000710,Fung Hsu,1989-02-14,CN,,,individual
C002567,Eddie Novak,1988-11-25,AU,,,individual
C005712,Tao Wong,,HK,,,individual
C002952,Maggie Hernández,1997-06-08,US,,,individual
C002471,Rida Hosseini,,IR,,,individual
C002106,Dick A. Hernandez,1959-02-22,DE,,,individual
C005654,Hsiang Xu,1984-11-12,TW,,,individual
C002724,Hua Suen,1963-08-20,SG,,,individual
C000909,Abu Omar,,IR,,,individual
C003600,Tony Petersen,1952-08-17,MX,,,individual
C001693,Chien-Kuo Cai,1998-12-12,HK,,,individual
C000760,Andrew Silva,,US,,,individual
C005283,Elisabeth Sorensen,1978-07-08,BR,,,individual
C000299,Fatima Amin,,SG,,,individual
C000553,Chien-Kuo Luo,1980-09,SG,,,individual
C001249,Volga Investments Limited,,KZ,,,entity
C000412,Jamaal Mansour,2000-07-23,IQ,,,individual
C004252,Rezaei Kaveh,1951-01-25,IR,,,individual
C004898,Tony Schroeder,1978-01-10,GB,,,individual
C002838,Ming Ng,,HK,,,individual
C000863,Ahmet Masri,1999-04-22,EG,,,individual
C004978,Lei Mah,1988-11-02,TW,,,individual
C002595,Tony J. Ferreira,,CA,,,individual
C003763,Charlie García,1999-07-01,BR,,,individual
C003385,Hua Guo,,HK,,,individual
C000967,Jim Hernández,1956-02-18,AU,,,individual
C002196,Yong Zhao,1953-06-21,TW,,,individual
C003620,Peggy A. Dubois,1992-05-05,DE,,,individual
C002218,Eddie J. Schmidt,1953-12-10,GB,,,individual
C001384,The Volga Minerals Co.,,YE,,,entity
C005550,Liz J. O'Brien,1957-08-24,US,,,individual
C003693,Jian Guo Huang,1994-05-22,SG,,,individual
C000512,Abdurrahman al-Amin,2000-09-25,YE,,,individual
C005473,Yen Hu,1966-10-05,TW,,,individual
C002277,Irena Sergeyevna Kuznetsoffa,1972-09-11,KZ,,,individual
C004076,Kave Rezai,,IR,,,individual
C003678,Wei Liu,1999-02-09,HK,,,individual
C003489,Xiao Ming Hwang,1973-01-10,HK,,,individual
C003467,Xiao Ming Liu,1954-12-04,HK,,,individual
C004147,Pepe Silva,1958-07-05,US,,,individual
C002696,Bob M. Dubois,1993-05-05,FR,,,individual
C000714,Xiaoming Xu,,TW,,,individual
C002008,José Nguyễn,,US,,,individual
C000310,Mustapha ibn Abdul Rahman Rashid,1964,IQ,,,individual
C003452,Brahim Al Rashed,1971-07-13,LB,,,individual
C002601,Pepe Lefevre,1973-11-07,US,,,individual
C004179,Sue J. Ferreira,1981-12-10,AU,,,individual
C000303,Hsiang Li,1963-11-23,SG,,,individual
C001045,Sinai Maritime,,AF,,,entity
C003383,Tom J. Kowalski,1963-02-24,MX,,,individual
C003173,Lei Hu,1996-04-18,TW,,,individual
C001550,Vessel Albatross Alpha,,RU,imo,IMO9412499,vessel
C003042,Youssef Abdullah Rashid,1971-03-20,YE,,,individual
C005726,Hua Liu,,HK,,,individual
C004708,Jun Guo,,HK,,,individual
C000352,Saeid bin Abdul Rahman Zaydi,1950-09,SA,,,individual
C005112,Wei Gao,,TW,,,individual
C002156,Po Lam,,HK,,,individual
C001762,Chuck O Brien,1966-12-04,BR,,,individual
C004141,Ed Schmitt,1979-01-28,GB,,,individual
C001311,Sahara Minerals,,SG,,,entity
C001885,Ming Lam,1978-11-19,CN,,,individual
C002350,Po Hwang,1998-12-05,CN,,,individual
C001258,Onyx Steel Free Zone Establishment,,TW,,,entity
C000691,Alee Zaydi,1962-02-17,AE,,,individual
C004819,Hua Kao,,CN,,,individual
C000588,Ping Ma,,TW,,,individual
C003735,José Nguyen,,AU,,,individual
C004885,Elisabeth Schroder,1999-12-20,BR,,,individual
C002720,Guo Qiang Wu,,SG,,,individual
C002612,Lei Lam,1990-05-10,HK,,,individual
C004902,Yen Hoo,1984-07-20,TW,,,individual
C001964,Peggy A. Schmidt,1981-10-16,BR,,,individual
C001373,The Sahara Pharma Limited,,KZ,,,entity
C002372,Elisabeth A. Nowak,,MX,,,individual
C001814,Yen Hwang,1982-03-21,CN,,,individual
C003120,Hua Suen,1978-10-03,TW,,,individual
C005623,Jim García,1974-12-04,GB,,,individual
C005666,Tony A. Kowalski,1972-06-24,BR,,,individual
C002787,Mei Ling Chu,1995-09-11,CN,,,individual
C004559,Ming Sun,1986-02-01,HK,,,individual
C002745,Yung Wang,,TW,,,individual
C004623,Wei Zhu,1985-12-24,CN,,,individual
C001184,Volga Electronics Public Joint Stock Company,,EG,,,entity
C001618,M/V Baltic Swan II,,KM,,,vessel
C001475,Vessel Crimson Dawn Alpha,,MH,imo,IMO9167563,vessel
C004104,Sue A. Kowalski,1969-03-18,CA,,,individual
C001575,Morning Glory Star,,LR,,,vessel
C001445,Golden Crescent Logistics AO,,BR,,,entity
C000171,Rich Muller,1971,CA,,,individual
C004950,Yan Zhu,,HK,,,individual
C003110,Pepe A. Smith-Jones,1982-04-17,CA,,,individual
C002558,Dan Pedersen,2000-09-22,BR,,,individual
C004738,Moustafa El Sayed,1974-09-04,AE,,,individual
C003566,Xander Garcia,1981-06-28,MX,,,individual
C002396,Hua Yang,,HK,,,individual
C004500,Guo Qiang Zhou,,HK,,,individual
C001205,Baltic Maritime Company,,TW,,,entity
C000788,Sergej Sergeyevich Feodorov,1966-10-17,BY,,,individual
C000869,Abd al-Rahman Zaydi,1998-08-26,JO,,,individual
C002812,Suzy Kowalsky,1978-01-20,DE,,,individual
C001729,Mahmoud Farsi,1983-01-12,LB,,,individual
C004505,Tarek Al Farsi,1958-12-03,SY,,,individual
C004090,Ling Lam,,HK,,,individual
C000646,Waleed bin Abdullah Farsi,1960-05-13,EG,,,individual
C000774,Abu Layth,,HK,,,individual
C000821,Doctor,,MX,,,individual
C005557,Danny A. Mueller,,CA,,,individual
C003930,Lei Tsai,1986-08-18,TW,,,individual
C005342,Ling Gao,1981-06-15,CN,,,individual
C004740,Hua Gao,1970-05-17,HK,,,individual
C001723,Yung Wong,,SG,,,individual
C003040,Ping Zhou,1974-04-06,HK,,,individual
C000185,Tommy Fisher,1954,BR,,,individual
C000828,Yen Chan,1987-09-28,HK,,,individual
C002053,Tom Larson,1996-03-26,US,,,individual
C003488,Wei Hu,1963-09-03,HK,,,individual
C002101,Yousef Rashid,,SY,,,individual
C005410,Chuck M. O'Brien,1982-09-09,FR,,,individual
C004075,Johnny J. Nguyen,1987-10-23,US,,,individual
C003132,Ted A. Garcia,,FR,,,individual
C000128,Ahmed El Amin,,SA,,,individual
C002771,Hsiang Lo,1962-10-01,CN,,,individual
C000744,Abd al-Rahman Al Farsi,1997-09-26,JO,,,individual
C005427,Ling Lam,1959-02-23,HK,,,individual
C004868,Fung Lin,1969-02-12,HK,,,individual
C003630,Sue Sorenson,,CA,,,individual
C002590,Jian-Guo Cai,,CN,,,individual
C005711,Yan Zhang,,TW,,,individual
C002698,Andy A. Smith-Jones,1961-07-23,AU,,,individual
C000590,Tom Du Bois,1962-10,US,,,individual
C001614,MT Andromeda III,,KM,,,vessel
C002975,Tony Nguyen,1952-02-18,BR,,,individual
C001449,"Tigris Maritime, Ltd",,LB,,,entity
C001657,Chuck Novak,1971-10-26,US,,,individual
C002743,Kave Rezaie,1990-07-19,AF,,,individual
C001588,Vessel Night Hawk Alpha,,PA,imo,IMO9675854,vessel
C001522,Night Hawk One,,KM,,,vessel
C000118,Igor Sokoloff,1979-03-14,SG,,,individual
C003668,Yung Lee,1979-12-21,TW,,,individual
C001956,Hsiang Hsu,,TW,,,individual
C001511,Vessel Kestrel Alpha,,RU,imo,IMO9882511,vessel
C005098,Bob A. Nowak,1986-12-09,AU,,,individual
C002241,"Kuznetsov, Alexander",,BY,,,individual
C004964,Lei Cai,1977-09-27,CN,,,individual
C005491,Yusef Hashimi,1982-02-23,AE,,,individual
C004751,Ming Sun,1970-03-11,TW,,,individual
C004996,Po Hu,1988-09-22,CN,,,individual
C002262,Mei-Ling Wu,1991-05-26,HK,,,individual
C002125,Kuznetsova Irena,1997-01-09,KZ,,,individual
C003595,Jenny Smithjones,1984-08-01,CA,,,individual
C004030,Hosseini Rida,1971-07-06,AF,,,individual
C001343,BALTIC STEEL Co.,,AE,,,entity
C001711,Feng Sun,1997-08-17,TW,,,individual
C005179,Hsiao-Chun Yeung,1997-12-03,CN,,,individual
C003422,Zhiqiang Zhu,2000-11-05,SG,,,individual
C004081,Tao Ma,1966-07-08,TW,,,individual
C002079,Mei-Ling Xu,1964-12-16,SG,,,individual
C004971,Wei Ng,1973-07-05,CN,,,individual
C003559,Mike A. Petersen,1977-06-18,FR,,,individual
C001849,Johnny Schroeder,1959-04-01,FR,,,individual
C000525,Irena Petroffa,1975-03-14,KZ,,,individual
C002099,Tao Huang,1994-04-02,CN,,,individual
C003124,Ibraheem bin Jamal Rasheed,,JO,,,individual
C001854,Feng Sun,1973-09-02,TW,,,individual
C000974,Ming Luo,,SG,,,individual
C000215,Tareq ben Khalid Saleh,1966,JO,,,individual
C004761,Jian Guo Chan,1977-11-14,CN,,,individual
C002796,Wei Ma,,TW,,,individual
C000622,Hasan Zaydi,2001,SY,,,individual
C002761,Meiling Lin,,HK,,,individual
C005498,Meiling Chen,,HK,,,individual
C000421,Eddie Pedersen,1966-03,BR,,,individual
C002897,Ming Wu,,SG,,,individual
C003356,Rezaei Kaveh,1989-06-06,IR,,,individual
C005286,Po Hu,1998-03-17,HK,,,individual
C004423,Ping Luo,1991-10-15,HK,,,individual
C003953,Drew Novak,1965-12-12,CA,,,individual
C005155,Mike Anderson,1988-11-24,GB,,,individual
C003025,Pepe Du Bois,1965-06-18,MX,,,individual
C002017,Po Hu,1976-01-02,HK,,,individual
C003199,Hua Chang,,CN,,,individual
C003032,Kate Kowalski,1998-12-21,MX,,,individual
C004020,Yen Mah,1967-01-06,HK,,,individual
C000340,Olha Kusnezowa,,BY,,,individual
C001844,Maggie Hernandez,,MX,,,individual
C005744,Meiling Zhu,,CN,,,individual
C000846,Xiao Ming Wong,1959-08-20,TW,,,individual
C003652,Mike Hernández,1961-12-07,AU,,,individual
C003010,Tom Ferreyra,1994-05-14,GB,,,individual
C000762,Charles O'Brien,1967-06-14,BR,,,individual
C003274,Sue Le Fevre,1973-06-17,GB,,,individual
C000751,Jamie Novak,1951-09-25,CA,,,individual
C004520,Mei Ling Chen,1980-04-21,SG,,,individual
C002509,"Tkachenko, Olga",,BY,,,individual
C000856,Ling Chen,1986-06-11,HK,,,individual
C003398,Ming Wu,1983-11-16,TW,,,individual
C004762,Lei Zhou,1989-05-16,SG,,,individual
C004926,Hua Suen,,CN,,,individual
C001355,The Ivory Coast Import Export Limited,,US,,,entity
C003661,Wei Gao,,CN,,,individual
C002003,Peggy A. Schroeder,1975-11-05,MX,,,individual
C004436,Kate J. Fischer,1986-09-01,BR,,,individual
C003675,Yen Hoo,1960-10-10,SG,,,individual
C000457,Po Mah,1968-10-26,SG,,,individual
C005040,Drew A. Hernandez,1990-01-26,CA,,,individual
C003627,Andy Da Silva,1954-07-16,US,,,individual
C002516,Lei Lam,1987-10-07,SG,,,individual
C001643,Xander M. Sorensen,,BR,,,individual
C000226,Lei Wu,1975-10-21,HK,,,individual
C002535,Chuck Garcia,1995-07-25,US,,,individual
C002793,Fung Lin,1975-03-22,CN,,,individual
C003075,Chiang Mah,1974-05-26,HK,,,individual
C004401,Bob J. Garcia,1971-07-11,MX,,,individual
C000848,Dmitry Petrovich Ivanoff,1950-08-11,BY,,,individual
C001086,Meridian Construction,,UA,,,entity
C005499,Chun Yeung,1950-01-26,TW,,,individual
C005799,Wei Wu,1959-02-01,CN,,,individual
C001523,M/T Storm Petrel Star,,RU,,,vessel
C000013,Djavad Muradi,1998-09-13,AF,,,individual
C003382,Hua Xu,,HK,,,individual
C000735,Abu Layth,,CN,,,individual
C002662,Mike O'Brien,1969-05-05,US,,,individual
C003510,Lei Hu,1957-03-15,HK,,,individual
C003663,Tao Wang,,SG,,,individual
C000198,Hsiao-Ming Lo,,SG,,,individual
C003674,Chun Li,1993-09-17,HK,,,individual
C002715,Guo Qiang Ng,1991-08-18,HK,,,individual
C004596,Alex M. Hernandez,1993-07-16,AU,,,individual
C004678,Mei Ling Chen,,HK,,,individual
C001136,Al Noor Steel GmbH,,DE,,,entity
C005748,Jian-Guo Zhao,1991-08-14,CN,,,individual
C004273,Hosseini Reza,1975-06-22,IR,,,individual
C000498,Hua Wu,1968,TW,,,individual
C000121,Tatjana Kozloffa,1986,BY,,,individual
C004292,Rich Le Fevre,1978-05-17,MX,,,individual
C000529,Ihor Ivanovich Tkatchenko,1974-02-03,RU,,,individual
C000636,Abu Omar,,SY,,,individual
C000363,Yousuf Mansur,1996-12-27,IQ,,,individual
C004387,Rida Hosseiny,1991-11-27,IR,,,individual
C002408,Jen Hernandez,1963-01-11,FR,,,individual
C000368,Hsiao-Ming Wang,1964,AF,,,individual
C000826,Danny Schmitt,1963-01-15,GB,,,individual
C005486,Ming Wu,1997-06-16,TW,,,individual
C004213,Xiang Gao,1960-06-06,HK,,,individual
C004451,Beth Du Bois,,FR,,,individual
C000008,Hassane Alamin,,SA,,,individual
C004931,Charlie Garcia,1950-04-11,US,,,individual
C005655,Maggie J. Smith-Jones,1983-10-10,AU,,,individual
C002143,Chiang Mah,1997-03-17,HK,,,individual
C000440,Xiao Jun Guo,1987-04-25,SG,,,individual
C001972,Bo Lin,1965-01-26,TW,,,individual
C001755,Ping Chen,1976-07-22,CN,,,individual
C000897,Jenny Ferreyra,1963-09-26,US,,,individual
C002450,Guo Qiang Wu,,TW,,,individual
C001827,Yen Wong,1976-11-10,SG,,,individual
C002406,Charlie Novak,1963-01-26,CA,,,individual
C004421,Bill Ferreira,1950-03-14,US,,,individual
C002267,Tony Larson,1969-10-05,US,,,individual
C004472,Chuck A. O'Brien,1984-02-08,AU,,,individual
C004737,Kuo-Chiang Lam,1975-03-17,CN,,,individual
C005272,Kuo-Chiang Yang,1957-02-24,CN,,,individual
C003305,Mike Du Bois,,MX,,,individual
C000775,Jawad Mohamadi,1993-10-09,IR,,,individual
C004047,Guoqiang Yang,1951-11-20,HK,,,individual
C001695,Hua Hoo,1952-04-05,SG,,,individual
C001887,Ping Zhu,,HK,,,individual
C003732,Po Wong,1998-06-15,SG,,,individual
C002317,Peggy Du Bois,1977-03-02,AU,,,individual
C000004,Yusef ibn Ahmad Saleh,1977-07-06,LB,,,individual
C000944,Dmitry Volkov,1961,RU,,,individual
C001604,Grand Voyager One,,LR,,,vessel
C003967,Peggy Dubois,1970-06-28,CA,,,individual
C001629,Maggie Schroder,1954-06-19,GB,,,individual
C003373,Billy A. Bianchi,1971-02-07,FR,,,individual
C001709,Abdurrahman Shahin,1975-11-26,JO,,,individual
C005827,Fung Gao,1968-07-06,SG,,,individual
C002118,Mei Ling Guo,1972-12-15,HK,,,individual
C000881,Xiang Sun,,CN,,,individual
C002064,Mostafa ben Khalid Mansur,1968-03-19,AE,,,individual
C004298,Beth Schröder,1959-09-11,CA,,,individual
C003358,Jen M. Petersen,1986-02-03,GB,,,individual
C000581,Abd Allah Qasem,1982,IQ,,,individual
C001133,Zagros Maritime L.L.C.,,GB,,,entity
C004063,Rob M. Ferreira,1964-04-16,AU,,,individual
C000977,Hsiao-Ming Zhu,1976,CN,,,individual
C004287,Johnny J. Schroeder,,AU,,,individual
C005019,Guoqiang Zhou,1973-09-11,HK,,,individual
C005607,Beth Mueller,1982-02-20,GB,,,individual
C003426,Jim Garcia,1973-01-27,FR,,,individual
C003775,Liz J. Petersen,1956-10-23,AU,,,individual
C002005,José J. Silva,1984-12-09,CA,,,individual
C000489,Wei Chao,1992-02-13,CN,,,individual
C004513,Kave Rezaei,1958-12-09,IR,,,individual
C002847,Po Lin,1967-02-13,CN,,,individual
C001128,Sahara Trading Free Zone Establishment,,HK,,,entity
C002954,Billy Bianchi,1983-09-22,AU,,,individual
C004283,Pepe Schroder,1997-07-25,GB,,,individual
C003523,"Petrov, Jurij",,RU,,,individual
C001022,Aral Holdings FZE,,YE,,,entity
C005181,Mikey Petersen,1993-01-23,FR,,,individual
C004586,Zhi Qiang Woo,1954-09-23,SG,,,individual
C000763,Sasha,,SA,,,individual
C003482,Jon J. Nguyen,1975-09-02,CA,,,individual
C004424,Will M. Hernandez,,US,,,individual
C003547,Jun Li,1967-07-16,TW,,,individual
C000864,Xiaoming Hu,1975-01-28,HK,,,individual
C005219,Zhi Qiang Woo,1960-11-20,CN,,,individual
C003773,Ling Lin,1983-12-28,SG,,,individual
C004270,Chun Guo,1955-04-21,HK,,,individual
C002964,Sue A. Mueller,1970-08-08,FR,,,individual
C001736,Yousuf Hashimi,1958-01-06,JO,,,individual
C005128,Hua Kuo,1975-07-14,TW,,,individual
C003587,Wei Gao,,TW,,,individual
C003193,Yong Zhu,1976-12-19,HK,,,individual
C002159,Hua Zhu,1973-12-09,TW,,,individual
C001406,Caspian Textiles,,IR,,,entity
C003578,Wei Hoo,1969-02-27,CN,,,individual
C004681,Wei Lau,1990-05-03,CN,,,individual
C005109,Dan A. Mueller,1968-07-28,BR,,,individual
C004034,Maggie Garcia,,MX,,,individual
C000347,Johnny Kowalski,1950,YE,,,individual
C000078,Xiao Jun Wong,1963-12-19,HK,,,individual
C002389,Jamaal Qasim,1988-06-05,IQ,,,individual
C003900,Yusef Abdul Rahman Hashimi,1969-09-21,YE,,,individual
C002758,Yan Zhao,1963-11-23,HK,,,individual
C001298,Atlas Construction Joint Stock Company,,YE,,,entity
C003843,Fung Chao,1994-12-08,CN,,,individual
C004091,Yung Zhao,1976-05-18,TW,,,individual
C000532,Guo Qiang Kwok,1966,SG,,,individual
C003647,Chih-Chiang Woo,1972-06-02,TW,,,individual
C002870,Ed O Brien,1998-04-26,DE,,,individual
C001698,Ming Zhou,,SG,,,individual
C005124,Yong Yang,1986-03-13,HK,,,individual
C001802,"Kuznetsova, Natalya",1974-05-22,KZ,,,individual
C003391,Maggie Smith Jones,1982-06-12,BR,,,individual
C004688,Tareq Farsi,,YE,,,individual
C004604,Jamal Qasim,1968-10-28,SA,,,individual
C003266,Dan Garcia,1953-06-03,CA,,,individual
C001027,IVORY COAST AGRO JSC,,CA,,,entity
C004406,Brahim al-Rashid,,AE,,,individual
C004106,Dan J. Nowak,1959-11-07,BR,,,individual
C000827,Mei-Ling Gao,1953-02-23,TW,,,individual
C002925,Jamie J. Garcia,1975-12-18,AU,,,individual
C002710,Mikey J. O'Brien,1991-02-23,CA,,,individual
C001505,MV Amber Sky Star,,IR,,,vessel
C005206,Chiang Mah,1966-02-27,SG,,,individual
C003931,Peggy Smith-Jones,,US,,,individual
C000136,Volodymyr Kuznetsov,1966,UA,,,individual
C003009,Jian Guo Chen,1990-04-06,TW,,,individual
C000724,Yuri Aleksandrovich Petrova,,UA,,,individual
C005132,Bob A. Fischer,1971-03-26,DE,,,individual
C000685,Muhamad Zaydi,1962-03-28,LB,,,individual
C004327,Wei Woo,1988-07-04,TW,,,individual
C004711,Xiao Jun Yeung,1968-03-04,CN,,,individual
C000343,Ling Luo,1982-02-27,TW,,,individual
C001292,Jade Dragon Textiles Company,,IR,,,entity
C001143,Onyx Construction GmbH,,CA,,,entity
C001036,Pacific Rim Logistics Co.,,JO,,,entity
C004705,Mei-Ling Suen,1999-01-06,SG,,,individual
C002929,Wei Hoo,1995-04-01,SG,,,individual
C000316,Dick Garcia,1959-10-16,FR,,,individual
C002421,Trish J. Mueller,1988-07-05,US,,,individual
C003533,Ping Zhou,1966-11-27,TW,,,individual
C002361,Drew Smith-Jones,,GB,,,individual
C004908,Yung Suen,,TW,,,individual
C003535,Kuo-Chiang Hoo,,HK,,,individual
C003569,Dan Mueller,1965-04-10,GB,,,individual
C003842,Bob A. Smith-Jones,1980-07-27,MX,,,individual
C002076,Kathy Peterson,1997-03-26,MX,,,individual
C003934,Jun Huang,2000-01-27,CN,,,individual
C003408,Fung Lin,1997-04-02,TW,,,individual
C003875,Rich Lefevre,2000-03-03,MX,,,individual
C001874,Yen Wong,,SG,,,individual
C004320,Will A. Andersen,1993-06-12,BR,,,individual
C001979,Lei Ma,1985-11-19,HK,,,individual
C003320,Kuo-Chiang Xu,1962-12-09,TW,,,individual
C000390,Abu Salem,1961-04-22,GB,,,individual
C000099,Ed Kowalsky,1977-07-10,AU,,,individual
C001556,M/V Atlantic Hope III,,KM,,,vessel
C005645,Mike Müller,,FR,,,individual
C001084,Emerald Bay Pharma Co,,BY,,,entity
C002027,Xiang Zhou,1960-03-25,TW,,,individual
C002857,Yury Petroff,1968-04-11,KZ,,,individual
C001450,The Al-Bahr Trading GmbH,,AE,,,entity
C004753,Tao Gao,1957-07-04,SG,,,individual
C005528,Tarik Khalid Farsi,,EG,,,individual
C001883,Wei Hoo,1974-07-18,TW,,,individual
C002407,Danny Petersen,1972-12-11,MX,,,individual
C001765,Hsiao-Chun Chen,,SG,,,individual
C000987,Jim Kowalski,1993-09-13,DE,,,individual
C002327,Sue M. Dubois,1952-03-05,AU,,,individual
C001153,Al-Bahr Electronics,,HK,,,entity
C000164,Michail Ivanovich Volkov,1999,RU,,,individual
C005815,José Lefèvre,1979-04-14,CA,,,individual
C002780,Tony Fischer,1979-12-28,DE,,,individual
C000070,Swetlana Jakowlewa,,BY,,,individual
C001879,Hua Hoo,1992-08-02,TW,,,individual
C002508,"Kuznetsova, Natasha",1950-01-26,KZ,,,individual
C000851,Abu Omar,,TW,,,individual
C000333,"Ivanova, Tatjana",1991-12-15,UA,,,individual
C003978,Wei Liu,1998-09-12,TW,,,individual
C004220,Yen Mah,,SG,,,individual
C000739,Wei Wong,1989-04-19,HK,,,individual
C002251,Peggy J. Kowalski,1995-07-17,CA,,,individual
C004837,Bobby A. Smith-Jones,1957-11-22,GB,,,individual
C002905,Rick Nguyễn,1985-06-07,CA,,,individual
C002701,Xiang Xu,1992-12-13,TW,,,individual
C003101,José Nguyễn,1971-01-25,CA,,,individual
C003252,Kuznetsova Natalia,1995-08-28,KZ,,,individual
C003054,Po Hoo,,CN,,,individual
C004159,Hsiang Xu,1962-03-14,HK,,,individual
C002820,Ping Chu,1970-09-20,SG,,,individual
C003273,Tommy Ferreira,1999-03-21,AU,,,individual
C005304,Beth Muller,1978-09-19,AU,,,individual
C003830,Wei Zhu,1950-01-27,HK,,,individual
C004701,Kathy Kowalsky,1952-05-05,BR,,,individual
C003105,Hua Gao,1987-02-09,CN,,,individual
C002593,Chien-Kuo Tchen,1995-06-15,HK,,,individual
C000824,Tatyana Ivanoffa,1987-10-01,UA,,,individual
C005278,Tony Nguyễn,1992-10-25,FR,,,individual
C005275,Drew Hernández,1970-09-22,AU,,,individual
C002971,Ling Lin,1990-09-15,TW,,,individual
C001554,M/V Pacific Glory Star,,CM,,,vessel
C003224,Rob Petersen,1974-04-24,US,,,individual
C005091,Yen Wang,1972-05-20,HK,,,individual
C000306,Po Zhou,1975-05-25,AU,,,individual
C000249,Xiao Ming Suen,,HK,,,individual
C000362,Zhi Qiang Chen,1979-04,HK,,,individual
C001768,Mikey A. O'Brien,1964-02-20,DE,,,individual
C005779,Pepe M. Hernandez,,US,,,individual
C000740,Farhaad Sadeqi,2000-08-04,AF,,,individual
C005382,Johnny Fischer,1950-07-07,DE,,,individual
C003353,Chun Guo,1982-12-06,SG,,,individual
C000242,José OBrien,,AU,,,individual
C004549,Xiaojun Yang,1965-06-03,SG,,,individual
C000794,Husain Mansur,1950-12-06,AE,,,individual
C002805,Guo Qiang Wu,,CN,,,individual
C004260,Johnny A. Schroeder,,FR,,,individual
C004364,Jim Garcia,1968-11-07,US,,,individual
C001042,Volga Holdings Limited Liability Company,,SA,,,entity
C004792,Xander García,1957-05-01,AU,,,individual
C000523,Trish Hernández,,CA,,,individual
C002185,Olha Tkatchenko,1984-10-05,RU,,,individual
C005001,Sue A. Lefevre,1967-02-24,DE,,,individual
C001952,Po Hoo,1985-08-27,HK,,,individual
C002767,Xiao Ming Liou,,SG,,,individual
C001653,Yung Wang,1974-08-06,SG,,,individual
C005683,Rida Husseini,1961-11-08,IR,,,individual
C002193,Dan J. Fischer,1974-07-27,FR,,,individual
C005225,José J. Dubois,1986-11-08,US,,,individual
C001644,Kate Pedersen,1980-01-22,FR,,,individual
C005660,Kate J. Petersen,1986-11-04,BR,,,individual
C001568,Green Meadow Star,,IR,,,vessel
C000661,Tarek bin Muhammad Barkat,1990-04-04,AE,,,individual
C002616,Yan Ma,,SG,,,individual
C005134,Yen Zhu,1987-03-17,CN,,,individual
C001305,Eastern Star Agro Ltd.,,AU,,,entity
C005236,Lei Cai,1991-09-03,HK,,,individual
C001608,Bosporus Star Express,,CM,,,vessel
C005652,Chien-Kuo Zhao,1954-06-10,CN,,,individual
C000542,Charlie Schmitt,1993-02-19,DE,,,individual
C004134,Drew Smithjones,1977-10-16,DE,,,individual
C003993,Tony J. Larsen,1986-02-04,MX,,,individual
C002536,Ming Lin,1980-01-14,CN,,,individual
C001502,Vessel Sapphire Alpha,,MH,imo,IMO9458123,vessel
C002427,Hua Lin,1978-12-12,TW,,,individual
C002492,Wei Huang,,TW,,,individual
C004074,Dick DaSilva,1954-04-03,GB,,,individual
C000950,Andrey Ivanovich Wolkow,1999-07-03,RU,,,individual
C005090,José Larsen,,GB,,,individual
C005601,Wei Ma,1988-01-09,CN,,,individual
C003073,Hsiang Suen,1986-04-04,HK,,,individual
C004335,Eddie M. O'Brien,,FR,,,individual
C002669,Wei Hwang,1984-03-12,TW,,,individual
C004022,Tao Hu,1991-04-08,HK,,,individual
C004763,Trish Fischer,1962-03-18,GB,,,individual
C000776,Yusuf bin Tariq al-Hashimi,1998-12-10,JO,,,individual
C002054,Chih-Chiang Kao,1966-11-18,CN,,,individual
C003113,Hsiao-Chun Sun,1980-12-19,SG,,,individual
C002907,Ling Cai,1984-11-01,TW,,,individual
C000632,Meryem Mohammadi,1988-02-08,AF,,,individual
C001196,Euphrates Shipping GmbH,,AE,,,entity
C000562,Wei Chow,1961-11-17,TW,,,individual
C002755,Pepe Hernández,1996-09-07,AU,,,individual
C002213,Rida Hoseini,1979-08-08,IR,,,individual
C002685,Ling Xu,1997-06-19,SG,,,individual
C002355,Hsiao-Ming Liu,1971-05-04,HK,,,individual
C005388,Pepe Schmidt,,FR,,,individual
C001160,Lotus Group,,KZ,registration,REG-486519,entity
C000341,Oualid Hashimi,1954-04-13,AE,,,individual
C004092,Ling Wu,1966-02-08,HK,,,individual
C004011,José M. Lefevre,1991-05-04,US,,,individual
C002807,Ping Zhu,1967-01-22,HK,,,individual
C002039,Jun Li,,HK,,,individual
C004953,Pepe Dubois,1995-02-05,CA,,,individual
C000792,Jose Nguyen,,US,,,individual
C004735,Drew J. Smith-Jones,1962-02-12,BR,,,individual
C005160,Tommy Kowalsky,1956-01-01,MX,,,individual
C005004,Hua Hsu,1953-08-27,CN,,,individual
C001774,Mahmud Al Farsi,1973-02-24,IQ,,,individual
C005290,Mike Hernandez,1988-06-26,MX,,,individual
C001869,Chuck Fischer,1959-07-27,BR,,,individual
C003854,Mike Andersen,1988-02-01,DE,,,individual
C000854,Mahdi Rezaee,1953-10-17,AF,,,individual
C003528,Yen Hu,1989-07-08,TW,,,individual
C004263,Eddie J. Mueller,1954-09-06,AU,,,individual
C002572,Chih-Chiang Huang,,CN,,,individual
C004770,Sue J. Mueller,1996-05-16,CA,,,individual
C000787,Hua Liu,1983-12-25,SG,,,individual
C000816,Lei Lin,1974-10-06,TW,,,individual
C002084,Rida Hosseiny,1988-07-19,IR,,,individual
C005306,Danny Fischer,1988-07-24,MX,,,individual
C002227,Will Schroder,,DE,,,individual
C003914,Jun Wang,,SG,,,individual
C001680,Ling Cai,1956-07-18,HK,,,individual
C005440,Chun Lin,1958-10-04,SG,,,individual
C003643,Wei Gao,1959-11-05,HK,,,individual
C003397,Chiang Lin,1965-04-04,SG,,,individual
C002515,Tommy A. Ferreira,1995-06-19,BR,,,individual
C002164,Bill A. Bianchi,1988-06-20,CA,,,individual
C002248,Mikey J. Andersen,1968-09-26,US,,,individual
C001776,Kuo-Chiang Lin,,TW,,,individual
C001812,Hua Zhang,1971-04-17,TW,,,individual
C001142,Al Bahr Petroleum Company,,KZ,,,entity
C002024,Tao Wong,1963-01-18,CN,,,individual
C003787,Jian-Guo Lee,,TW,,,individual
C005226,Charlie J. Nowak,1968-12-23,DE,,,individual
C001920,Feng Li,1985-04-17,SG,,,individual
C005580,Rick O'Brien,,GB,,,individual
C002916,Yan Cai,1993-01-13,TW,,,individual
C001005,Abu Omar,,YE,,,individual
C005085,Youssef Al Rashed,1969-09-05,IQ,,,individual
C001661,Jon A. Fischer,2000-02-18,AU,,,individual
C005370,Qiang Zhou,1992-12-19,CN,,,individual
C001781,Tony Nguyễn,1978-11-17,GB,,,individual
C001330,Damavand Pharma Ltd.,,IQ,,,entity
C001881,Olha Nikolaevna Tkatchenko,1953-03-16,BY,,,individual
C005520,Dan Peterson,1960-06-10,US,,,individual
C002168,Wei Zhu,1970-04-04,TW,,,individual
C005227,Xiao Jun Yeung,1953-12-24,TW,,,individual
C000742,Sasha,,UA,,,individual
C002965,Tony J. Schroeder,1973-02-23,BR,,,individual
C003932,Suzy M. Sorensen,,US,,,individual
C000533,Ted Bianci,1993-02-19,TW,,,individual
C002137,Hua Kuo,1978-03-02,HK,,,individual
C005819,Jian Guo Chen,,TW,,,individual
C005658,Jenny Müller,1974-11-07,DE,,,individual
C005648,Jen Petersen,1960-02-03,AU,,,individual
C000712,Patricia Mueller,1971,DE,,,individual
C004138,Wei Hwang,,HK,,,individual
C004221,Jim Smith Jones,1953-10-27,AU,,,individual
C004286,Hua Lin,,HK,,,individual
C002046,Mustafa Sayed,1953-12-28,IQ,,,individual
C003033,Chih-Chiang Chu,1964-06-28,SG,,,individual
C001548,Night Hawk III Express,,CM,,,vessel
C004153,Xiaojun Zhu,1985-05-16,CN,,,individual
C005811,Kuo-Chiang Zhou,1963-11-26,SG,,,individual
C003613,Ping Choi,,SG,,,individual
C004148,Ping Zhu,1979-06-08,TW,,,individual
C003673,Mustapha Sayed,1967-12-17,LB,,,individual
C000866,Babac Ahmady,1983-06-20,AF,,,individual
C004578,Drew M. Dubois,1975-01-17,DE,,,individual
C004325,Yan Cai,1954-09-08,TW,,,individual
C003867,Jenny J. Smith-Jones,,AU,,,individual
C001655,Lei Hu,1992-07-23,TW,,,individual
C004475,Ming Lee,,SG,,,individual
C005299,Yen Kao,1986-09-28,SG,,,individual
C002264,Beth J. Nguyen,1986-07-08,BR,,,individual
C005509,Chien-Kuo Ng,1993-03-01,HK,,,individual
C003121,Ming Wu,,SG,,,individual
C004443,Ling Ma,1967-07-24,TW,,,individual
C002383,Ted Dubois,,AU,,,individual
C005517,Yen Chang,1986-09-19,TW,,,individual
C004446,Dick A. Lefevre,,MX,,,individual
C000035,Halid bin Muhammad Saleh,1994,EG,,,individual
C002523,Xiang Lin,1979-06-23,HK,,,individual
C001237,Onyx Shipping,,AF,,,entity
C001664,Zhiqiang Wu,1965-11-08,CN,,,individual
C000382,Dima,1952-04-09,HK,,,individual
C000322,Alee Salah,1989-05-07,IQ,,,individual
C005590,Alex Kowalsky,,US,,,individual
C004438,"Petrov, Youri",1973-10-20,UA,,,individual
C002786,Tao Chang,1967-12-16,SG,,,individual
C000472,Mikey Larsen,1968-09,US,,,individual
C002821,Rich Schmid,1972-08-07,BR,,,individual
C001277,Nile Valley Industries Company,,AU,,,entity
C002088,Bobby A. Schmidt,,US,,,individual
C003933,Ping Cai,,TW,,,individual
C001836,Dan J. Mueller,1964-04-24,CA,,,individual
C000506,"Sokolov, Pavel",,BY,,,individual
C005159,Xander Garcia,1984-09-22,AU,,,individual
C001131,Summit Holdings,,SY,,,entity
C000163,Trish Larson,1997,MX,,,individual
C002751,Dan J. Nowak,1989-10-07,MX,,,individual
C005007,Rick M. Schmidt,1951-08-28,BR,,,individual
C004454,Yen Chu,1978-04-17,TW,,,individual
C003362,Ted Dubois,1986-08-08,FR,,,individual
C000503,Dan Nguyen,1966-12-09,EG,,,individual
C002458,Ming Cai,,HK,,,individual
C001715,Yen Hu,,HK,,,individual
C000858,James Smith-Jones,1955-06-23,FR,,,individual
C002097,Liz Schroeder,1999-11-20,BR,,,individual
C002623,Jun Wang,1997-06-22,SG,,,individual
C005263,Xander Schroder,1978-02-14,MX,,,individual
C002599,Will Bianci,1962-05-16,US,,,individual
C005423,Chuck Novak,1960-04-03,CA,,,individual
C004290,Ming Li,1976-12-01,HK,,,individual
C000713,Doctor,,AE,,,individual
C001391,Blue Horizon Import Export Public Joint Stock Company,,RU,,,entity
C003151,Suzy Sorensen,1950-05-15,CA,,,individual
C002160,Yen Kao,1970-08-14,SG,,,individual
C002337,Hosseini Rida,1980-01-22,IR,,,individual
C001068,NORTHERN LIGHTS INDUSTRIES Limited Liability Company,,UA,,,entity
C002496,Jian-Guo Chao,,HK,,,individual
C004519,Hsiao-Chun Huang,1989-05-06,CN,,,individual
C002792,Tony Nguyen,1950-06-07,GB,,,individual
C001821,Lei Zhao,1986-04-10,TW,,,individual
C000849,Tariq al-Farsi,,EG,,,individual
C003997,Tony Kowalsky,1953-04-22,DE,,,individual
C002948,Sue Sorenson,,FR,,,individual
C004038,Xiaojun Wu,,SG,,,individual
C002606,Yen Zhu,1960-04-27,SG,,,individual
C004411,Po Lee,1982-05-27,CN,,,individual
C005464,Zhi Qiang Gao,1978-11-09,TW,,,individual
C002846,"Kuznetsova, Irina",,KZ,,,individual
C000958,Ihor Tkatchenko,1977,RU,,,individual
C003272,Hua Xu,,HK,,,individual
C001037,Harbor Point Shipping L.L.C.,,TW,,,entity
C003550,Ted M. Mueller,,BR,,,individual
C002989,Will M. Andersen,1960-03-21,US,,,individual
C003183,Tom Ferreyra,,BR,,,individual
C005087,Tao Wang,1977-12-06,HK,,,individual
C004349,Hua Chu,1970-06-24,TW,,,individual
C000005,Omer Kasim,1992-08-13,IQ,,,individual
C001364,Damavand Logistics S.A.,,TW,,,entity
C002343,Xiao Ming Liu,1996-02-27,CN,,,individual
C000659,Jen Larson,1960-08-22,AU,,,individual
C005268,Mei Ling Suen,1986-04-09,TW,,,individual
C003442,Guo Qiang Ng,1986-07-08,TW,,,individual
C002531,Xiaojun Yang,1990-09-08,TW,,,individual
C000655,Nasreen Ahmadi,1980-11-20,IR,,,individual
C003758,Ling Xu,1988-02-16,HK,,,individual
C002692,Lei Zhao,1979-10-15,SG,,,individual
C004483,Lei Chow,,CN,,,individual
C004976,Wei Chu,1966-12-12,HK,,,individual
C001466,M/V Tiger Lily,,RU,,,vessel
C000810,Michail Sokoloff,1960-08-17,BY,,,individual
C003001,Ping Zhao,,TW,,,individual
C002451,Yong Li,1961-06-24,TW,,,individual
C000535,Kate García,1956,TW,,,individual
C002878,Alex García,1955-11-20,AU,,,individual
C002894,Hua Hoo,1979-12-27,TW,,,individual
C004427,Xander Hernandez,1967-07-18,US,,,individual
C002941,Ming Sun,1953-09-19,HK,,,individual
C002219,Johnny Fisher,1953-08-19,CA,,,individual
C005386,Xiao Jun Chow,1972-12-05,CN,,,individual
C001215,Volga Import Export G.m.b.H.,,GB,,,entity
C003872,Elisabeth J. O'Brien,1992-07-11,FR,,,individual
C005618,Chiang Guo,,CN,,,individual
C001780,Yen Chu,1988-02-13,SG,,,individual
C000688,Tariq al-Farsi,1972-03-16,LB,,,individual
C003545,Billy Schröder,1999-01-23,CA,,,individual
C004018,Tony J. Petersen,1954-07-27,DE,,,individual
C005369,Ling Wu,1971-06-14,TW,,,individual
C005821,Yen Chu,1992-02-24,HK,,,individual
C001640,Kathy M. Fischer,1982-07-23,CA,,,individual
C004509,Omer Nasser,1959-02-20,AE,,,individual
C001011,Damavand Chemicals Free Zone Establishment,,SG,,,entity
C004099,Ming Choi,2000-11-15,SG,,,individual
C000277,Omer Zaydi,1958-09-06,YE,,,individual
C001724,Ming Li,1987-03-24,TW,,,individual
C000084,Waleed El Amin,1957-08-01,SY,,,individual
C004253,Beth J. Nowak,1986-04-24,DE,,,individual
C005350,Wei Zhu,,TW,,,individual
C005619,Chun Kuo,1969-06-11,SG,,,individual
C001056,Lotus Chemicals Co.,,GB,,,entity
C002592,Beth J. Nowak,1972-08-04,DE,,,individual
C001831,Rezaei Kave,,IR,,,individual
C004368,Tom Larsen,1996-05-07,AU,,,individual
C002540,Mahmud ibn Saeed al-Farsi,1958-02-26,EG,,,individual
C001137,Al-Noor Trading G.m.b.H.,,EG,,,entity
C002061,Peggy Du Bois,1955-10-06,GB,,,individual
C001873,Hsiang Hoo,,TW,,,individual
C001395,Caspian Group,,FR,registration,REG-527615,entity
C003809,Bobby A. Fischer,1988-10-11,CA,,,individual
C001405,NORTHERN LIGHTS TEXTILES JSC,,RU,,,entity
C003170,Iryna Sergeyevna Kusnezowa,1997-08-08,RU,,,individual
C000961,Dmitriy Aleksandrovich Smirnoff,1953-01-05,KZ,,,individual
C005387,Xiao Ming Kao,1984-02-09,CN,,,individual
C003948,Ming Lam,1993-05-02,SG,,,individual
C002409,Pat Fischer,1969-07-27,MX,,,individual
C002295,Jian-Guo Gao,1988-01-04,CN,,,individual
C005434,Aly Qassem,1981-08-21,AE,,,individual
C003756,Elisabeth Garcia,1979-04-22,AU,,,individual
C004805,José J. Schroeder,1972-08-06,US,,,individual
C004917,Fung Lin,1951-01-07,TW,,,individual
C001242,Harbor Point Textiles PJSC,,EG,,,entity
C002207,Jon Garcia,,AU,,,individual
C003769,Tony Nguyen,1968-12-20,BR,,,individual
C003346,Liz J. Fischer,1961-07-20,FR,,,individual
C000433,Xander Andersson,1966-01-26,MX,,,individual
C002325,Chih-Chiang Huang,1973-03-21,TW,,,individual
C000634,Leyla Nasir,1952-06-08,IQ,,,individual
C001015,Baltic Trading Co,,AF,,,entity
C005504,Ming Sun,,HK,,,individual
C002154,Yung Zhao,1978-10-06,TW,,,individual
C004481,Jon García,1988-02-23,GB,,,individual
C001929,Tommy Ferreira,1999-05-22,DE,,,individual
C005772,Ping Chao,1974-07-27,CN,,,individual
C004100,Rida Hosseini,,AF,,,individual
C000405,Johnny Ferreira,1986-08-13,GB,,,individual
C002443,Chun Wang,1974-07-17,TW,,,individual
C004239,Yung Wang,1969-11-09,CN,,,individual
C005058,Mustapha Mansour,1950-11-16,SA,,,individual
C004739,Ping Zhao,1973-08-24,SG,,,individual
C003998,Hsiao-Ming Liu,1996-01-04,TW,,,individual
C000028,Laila Hashimi,1986-01,JO,,,individual
C000014,Maggie Sorenson,1993-08-13,AU,,,individual
C004117,Xiao Jun Huang,1986-03-18,SG,,,individual
C002165,Eddie Du Bois,1986-04-02,US,,,individual
C001597,Vessel Marlin Alpha,,MH,imo,IMO9966396,vessel
C001336,Red Sea Import Export,,AU,,,entity
C002469,Ted M. Schmidt,1960-07-17,US,,,individual
C004777,Eddie OBrien,,FR,,,individual
C001706,Feng Sun,1968-02-06,SG,,,individual
C003323,Ming Lam,1999-01-08,CN,,,individual
C003441,Liz Schröder,1958-10-22,US,,,individual
C005361,Hsiao-Chun Mah,1955-11-11,HK,,,individual
C004202,Xiao Ming Hwang,1982-02-17,TW,,,individual
C001519,Vessel Green Meadow Alpha,,CM,imo,IMO9333376,vessel
C000079,Chun Gao,1961-10-24,HK,,,individual
C000272,Chih-Chiang Wong,1997-07-06,HK,,,individual
C002756,Andy J. Fischer,1988-09-20,FR,,,individual
C003187,Beth O Brien,1966-10-15,BR,,,individual
C002477,Bobby A. Schmidt,1983-09-25,FR,,,individual
C004707,Mahmud al-Farsi,,IQ,,,individual
C001183,Summit Engineering PJSC,,SG,,,entity
C000477,Aisha Hashimi,1991-12-06,SY,,,individual
C004951,Tom Kowalski,1964-10-05,AU,,,individual
C001806,Sue Kowalski,2000-07-25,AU,,,individual
C004969,Beth A. Nowak,1996-06-14,US,,,individual
C001194,Northern Lights Import Export,,AF,,,entity
C003276,Pepe Lefèvre,1974-04-02,US,,,individual
C002717,Hua Hoo,1971-10-18,HK,,,individual
C000107,Paul Smirnoff,1981-04-13,UA,,,individual
C003195,Suzy A. Mueller,1965-05-26,GB,,,individual
C002430,Irena Kusnezowa,1975-02-23,BY,,,individual
C004333,Ling Woo,,HK,,,individual
C005078,Alex Kowalsky,1965-09-21,MX,,,individual
C002103,Elisabeth Fischer,1968-04-05,BR,,,individual
C001635,Chiang Guo,,CN,,,individual
C000989,Hsiang Chen,1966-09-11,HK,,,individual
C005466,Fung Chao,,CN,,,individual
C005572,Kave Rezaei,1979-07-20,IR,,,individual
C005147,Mikey Du Bois,1995-03-22,BR,,,individual
C002762,Chien-Kuo Wang,1989-02-06,CN,,,individual
C001172,Jade Dragon Textiles Joint Stock Company,,KZ,,,entity
C000945,Kolya,,UA,,,individual
C003499,Hsiao-Chun Ma,1969-09-05,SG,,,individual
C001852,Liz Müller,1973-07-11,BR,,,individual
C000563,Ping Lin,,HK,,,individual
C003294,Zhi Qiang Gao,1958-09-18,HK,,,individual
C005260,José Le Fevre,1994-09-06,FR,,,individual
C005092,Kuo-Chiang Hu,1992-01-01,SG,,,individual
C004187,Tony A. Nguyen,1988-09-09,FR,,,individual
C001415,Jade Dragon Textiles Co.,,MX,,,entity
C000111,Olga Sokoloffa,1967-09-09,UA,,,individual
C000952,Guoqiang Ma,,HK,,,individual
C003342,Ling Zhao,1958-08-07,CN,,,individual
C005787,Will A. Lefevre,1959-05-13,DE,,,individual
C003336,Jen Smith-Jones,1968-07-07,GB,,,individual
C001862,Will A. Sorensen,1985-11-25,DE,,,individual
C004121,Hua Lam,1963-05-15,TW,,,individual
C005723,Hsiao-Chun Ng,,CN,,,individual
C001791,Jian-Guo Chen,1955-03-07,HK,,,individual
C004537,Jim M. Andersen,1971-04-26,US,,,individual
