record_id,full_name,dob,nationality,id_type,id_number,type
C873820,Levant Textiles GmbH,,KW,,,entity
C493060,Hua Chieh Teng,,TW,document,TW40941038,individual
C542352,Ko Lei,1957-02-03,CN,,,individual
C274671,O. Petrova,,MX,document,UA66030562,individual
C596123,Jose Fernández,1951-05-21,GB,,,individual
C775483,Ramen Zammani,1974-09-27,TJ,,,individual
C409097,Min Po Hon,,HK,,,individual
C720065,Golnaaz Moradie,1963-10-17,AU,,,individual
C735094,Darwesh Nizar,,KW,,,individual
C842473,Stephen M. Da Silva,,DE,,,individual
C148274,Hakem Sammi,1970-07-25,EG,,,individual
C832777,"Belousow, Wjacheslaw",1967-05-01,KZ,,,individual
C423265,"Sallehi, Zahrah",,TJ,document,TJ60838310,individual
C213207,"Shevchenko, Konstantin Nikolaevich",1999,BY,,,individual
C893318,Jielei Ye,1962-10-08,CA,,,individual
C420175,Rania Hakem,,EG,,,individual
C528670,"Zhukov, Roman",1985-11-26,BY,,,individual
C502271,"Yegorov, Artem",1976-03-08,UA,,,individual
C262450,Aral Maritime Corp,,HK,,,entity
C220863,Bosphorus Energy Free Zone Establishment,,TJ,,,entity
C257562,Luo Itung,1967-03-25,CN,,,individual
C106149,Anthony Bianchi,1954-02-17,DE,,,individual
C384870,Mah Hai Yan,1999-12-12,SG,,,individual
C857026,Bin Rong Liu,,HK,,,individual
C444116,Abu Nour,,EG,,,individual
C695024,Guo Li,1984,CN,,,individual
C723010,Stanislav Shcherbakov,1960-04-10,SA,,,individual
C683047,Fedor Tkachenko,1973-03,UA,,,individual
C318321,Anatoly Bykov,,UA,,,individual
C277983,Tsai Chun-Tien,,CN,,,individual
C763918,Chuck J. Hernandez,1961-09-19,DE,,,individual
C351872,Iling Chou,1966-07-11,CN,,,individual
C923647,Pawel Aleksandrovicz Nikolaew,1950-02-09,KZ,,,individual
C115270,Ameenah bin Yasir Mahdi,,AE,,,individual
C101301,Chan Chun-Gui,1984-03-27,SG,,,individual
C577324,Falcon Investments Ltd.,,DE,,,entity
C897029,Amber Road Import & Export Sociedad Anonima,,SG,,,entity
C511839,Vessel Atlantic Hope,,LR,imo,IMO9419719,vessel
C391772,Wiktor Iwanow,,BY,,,individual
C569740,Mahsa Rostammi,1990-04-03,TJ,,,individual
C322700,Mohsin Rostami,1953-05-25,TJ,,,individual
C853310,Huang Yan-Hui,1989-12-20,TW,,,individual
C973678,"Belousov, Stanislav",1962-06-11,UA,,,individual
C643138,Arkady Alexeevich Kozlov,1951-06,UA,,,individual
C163104,Marina Orlova,1964-10-22,BY,,,individual
C694581,Shahram Kermani,1957,TJ,,,individual
C397783,Tony M. McDonald,1965-11-01,FR,,,individual
C707947,Denis Zhukov,1985-08-17,GR,,,individual
C967038,"Emerald Bay Aviation, Corporation",,BR,,,entity
C829672,Andy A. Kowalsky,1982-04-16,US,,,individual
C237176,Coral Reef II,,MT,imo,IMO9595622,vessel
C515392,Artiom Chichkin,1989-08-08,KZ,,,individual
C411734,"Nowikow, Denis Nikolaevitsch",,UA,,,individual
C459944,Jennifer Olson,1982-12-23,US,,,individual
C213488,Jimmy A. Sorensen,1961-08-15,US,,,individual
C342964,Nabel bin Majed Darwesh,1973-03,KW,,,individual
C214039,Min Hua Liang,,TW,,,individual
C364655,Yenisei Aviation FZ-LLC,,GR,,,entity
C127129,Tai Ying,1973-10-09,TW,,,individual
C934075,Qian Shurong,1950-06,TW,,,individual
C709602,Zhanna Kuznecova,1997-11-03,GR,,,individual
C312840,Grigory Petrovitch Volkoff,1952-06-20,GR,,,individual
C188760,Fedor Jaszin,1950,GR,,,individual
C858530,Mesopotamia Import Export G.m.b.H.,,LB,,,entity
C408085,Dariush Sheerazi,1962-08-06,TJ,,,individual
C566918,Chao Hsiang-Po,1970-01-21,SG,,,individual
C599287,Marwen Azez,2000-07-01,MA,,,individual
C354872,Donghai Wu,1952-04-09,HK,document,HK28051196,individual
C941606,José Kowalsky,,US,,,individual
C340969,Levant Textiles Joint Stock Company,,GR,,,entity
C990474,Hasen Haded,1969-08-21,AE,,,individual
C705911,"Salmen, Ali",,KW,,,individual
C971990,Michael O Brien,1991,BR,,,individual
C284398,Sallem Hakem,1975-04-21,UA,,,individual
C643647,Zamzam Group,,CA,registration,REG-307077,entity
C247825,Rodrigues Ted,1960-09-10,MX,,,individual
C695264,Hanen el-Jabouri,,KW,,,individual
C600553,Mortizah Akbari,,TJ,,,individual
C484751,Darya Kravtchenko,1997,GR,document,GR77243011,individual
C411153,MT Falcon Bay,,CY,,,vessel
C297302,Hameed Tabrezi,1971-11-27,TJ,,,individual
C631059,Atlas Electronics LLC,,MX,,,entity
C670938,Xia-Hua Xu,1982,CA,,,individual
C594994,Abdollah Tahah,1970,SA,,,individual
C602719,Ruslan Lebedew,,BY,document,BY27471740,individual
C872221,Andrew A. Pedersen,,US,,,individual
C796677,Wind Runner II Trader,,CY,,,vessel
C201919,Oxana Zhukova,1958-02-11,KZ,,,individual
C679901,Husain Hamden,1989-02-03,JO,,,individual
C943756,Maryame Yazdani,,GE,,,individual
C380754,Nazari Hosain,1972-12-21,TJ,,,individual
C113445,Viktoriya Smirnova,1994,GR,,,individual
C198669,Baltic Investments L.L.C.,,AU,,,entity
C179083,Vessel Black Tide,,GR,imo,IMO9520151,vessel
C941851,Alexeij Mikhailowich Kowalenko,1999-11-23,UA,,,individual
C850836,Ismayl Hashemi,,JO,,,individual
C796965,مسعود صادقی,1985-06-19,GE,,,individual
C605641,Abdulrahmen Shahen,,JO,,,individual
C859583,Falcon Logistics Company,,MX,,,entity
C515262,Arkady Petrov,1984-04-02,KZ,,,individual
C733583,Fedor Sergeyevich Makarov,1980,GR,,,individual
C417456,Yuchien Lu,,TW,,,individual
C788030,"Kowalenko, Stschanna Sergejevna",1986-07-15,UA,,,individual
C544886,Hamed Esfahani,,TJ,,,individual
C925252,Mah An Ping,,HK,document,HK14147158,individual
C402062,Zhou Minhua,1985-10-05,SG,,,individual
C288376,Lotus Energy Corp,,LB,,,entity
C693602,Fan Cheng,1968-12-18,HK,,,individual
C640821,Theodore A. Larson,1960-01-25,US,,,individual
C240628,N. al-Tikriti,1976-06-20,LB,document,LB83551961,individual
C751695,Abdolah al-Amen,,TN,,,individual
C540902,Te-Hao Song,1957-10-15,HK,,,individual
C739097,MV Kestrel V,,PA,,,vessel
C934566,Vyacheslav Kozlov,1982-03-20,BY,,,individual
C839036,Nilloufar Mousavi,1976-08-23,TJ,,,individual
C127072,Nikolay Vladimirovich Kiselev,1967-07-05,UA,,,individual
C431501,William J. Bianchi,,DE,,,individual
C560466,Leillah Yazdani,1967-08-19,TJ,,,individual
C318555,Tatiana Sergejevna Nikolaewa,,BY,,,individual
C255378,Shu Hwang,1981-12-25,SG,,,individual
C114518,Olsen Francisco M.,1997-11-17,MX,,,individual
C629916,Feng Meipin,1991-06-14,TW,,,individual
C992701,Vasily Makarov,1956-03-26,BY,,,individual
C720980,Wang Xiang-Gang,,SG,,,individual
C485177,Tao-Yun Mah,,TW,,,individual
C772776,Fateemmah El Masri,1974,AE,,,individual
C591458,Tigris Construction Corporation,,CA,,,entity
C162846,Zagros Construction Corporation,,TW,,,entity
C692371,Hao Tsang,,SG,,,individual
C489841,Saed Barakat,,AE,,,individual
C676818,Mesopotamia,,MA,registration,REG-741251,entity
C916674,Omar Sulten,1960-03-13,TN,,,individual
C773449,Dariush Rahemmi,1973-04-13,TJ,,,individual
C520685,Mahsah Raheemi,1984-12,TJ,,,individual
C394095,Arkady Alexeevich Yakovlev,1992-10-08,KZ,document,KZ65273336,individual
C163002,Roman Kovalenko,1993-08-09,BY,,,individual
C349505,"Aral Investments, Ltd",,UA,,,entity
C814823,Tsai Mei-Chiang,,TW,,,individual
C138803,Lotus Construction SA,,CA,,,entity
C896281,Caspian Chemicals GmbH,,DE,,,entity
C210168,Majed Jafari,1973,TJ,,,individual
C575512,Salmen Omar,1981,TN,,,individual
C492343,"Kiselyow, Yurij",,KZ,,,individual
C941656,Ma De-Fu,1954,TW,,,individual
C760417,M/V Amber Sky Star,,MT,,,vessel
C905731,Mariam Kanen,,EG,,,individual
C495627,Marina Kiselioffa,1992-03-19,GR,,,individual
C680530,KARAKUM INDUSTRIES L.L.C.,,KW,,,entity
C328344,Liang Zhong,1996-09-05,AU,,,individual
C525470,Red Falcon Alpha,,SG,imo,IMO9372642,vessel
C336846,Ma Haojing,1968-09-14,CN,,,individual
C370475,Phoenix Industries L.L.C.,,HK,,,entity
C810454,"Smirnov, Boris Sergeyevich",1981,UA,document,UA35687672,individual
C681996,An-Lei Kwok,1979-12-08,SG,,,individual
C564331,Cheren Baghiri,1979-06-01,GE,,,individual
C380489,Abduazeez AzZahrani,1996-05-21,AE,document,AE25485293,individual
C755812,Falcon Import Export Co,,FR,,,entity
C208547,Tatiana Wolkowa,1978-05-13,BY,,,individual
C356347,Steven Larsen,,FR,,,individual
C461824,"Abas, Husein",1957,MA,,,individual
C515073,Behrouz Rahmani,1983-08-22,TJ,,,individual
C881356,Lyudmila Ivanova,,UA,,,individual
C338287,Waled Sadalah,1963-02-20,AE,,,individual
C175514,Charlie de la Cruz,1988-10-20,FR,,,individual
C503649,Faissal Yasseen,,SA,,,individual
C507958,M/V Polar Bear V,,MH,,,vessel
C575020,"Ar-Rasheed, Khadeja",,AE,document,AE52086779,individual
C708870,Zaynab AlHashimmie,,JO,,,individual
C272824,Grigory Jashin,1969-07-03,UA,,,individual
C841083,شهرام محمودی,1980-03-19,TJ,,,individual
C162211,Edward M. Nguyen,1989-06,CA,,,individual
C816622,Tatiana Petrowa,1959-07-17,UA,,,individual
C865025,Aral,,AU,registration,REG-230507,entity
C431998,Aishah Shahen,1951-11-12,SA,document,SA62365667,individual
C224315,Theo A. Weis,1958-11-05,MX,document,MX91437044,individual
C923233,Pacific Rim Minerals SA,,JO,,,entity
C480297,Tahah Ahmed,1978-02,TN,,,individual
C881372,Crystal Steel GmbH,,US,,,entity
C704803,Mohamadi Javed,1959-02-27,TJ,,,individual
C493642,Poon Hsin Ying,,CN,,,individual
C681296,"Barakat, Hanen",1956-12-28,SA,,,individual
C217842,Meridian Energy,,GE,,,entity
C445920,Denis Shcherbakov,1980-09-27,KZ,,,individual
C115308,Saed Kanen,,SA,,,individual
C734885,Abdul Rahmen bin Abdool Karim Yasen,1972,KW,,,individual
C971935,Blue Horizon Holdings Group,,AE,registration,REG-745035,entity
C976392,MV Crimson Dawn Star,,PA,imo,IMO9451518,vessel
C557485,Oxana Smirnova,2000-07-03,UA,,,individual
C970842,Lotus International,,AU,registration,REG-767700,entity
C357576,"el-Sabahe, Majed",1995-05-25,LB,,,individual
C735462,Drew Fernández,1985-06-24,BR,,,individual
C297365,Rasheed Hudah El,1979-12-09,EG,,,individual
C244964,Sea Breeze Star Trader,,MH,,,vessel
C134332,Ehsen Yazdani,1999-02-04,TJ,,,individual
C605227,Wen-Mei Liu,,TW,,,individual
C930422,Semion Novikov,1972-03-27,SG,,,individual
C308474,James M. Lindkvist,1979-01-19,US,,,individual
C247146,"Kowalski, Margaret",1984-07-23,BY,,,individual
C220508,Evgeny Shcherbakov,1975-03-17,GR,,,individual
C899490,Rezah Mahmoudi,1952,GE,,,individual
C524037,Tang I,1989-10,CN,,,individual
C438368,Yelena Mikhailovna Kozlova,1956-11-10,KZ,,,individual
C127346,The Kamchatka Steel GmbH,,CA,,,entity
C943697,Nile Valley Pharma Corp.,,TJ,,,entity
C528087,Rasheede Hakimme,,JO,,,individual
C376391,Jennifer Johansson,1954-10-03,DE,,,individual
C250870,Feng-Mei Shen,1992-06-11,CN,,,individual
C793652,Green Meadow II,,PA,imo,IMO9294253,vessel
C855571,Irina Tkachenko,1999-08-02,KZ,,,individual
C185027,Zagros Engineering Limited,,SG,,,entity
C601738,"Sokolova, Viktorya",1973,KZ,,,individual
C280391,"Stepanov, Gennady Alexandrovich",,LB,,,individual
C791643,"Tswetkow, Gennady Mikhailovitsch",1969-03-02,GR,,,individual
C729265,Tallalle El Khateebe,1976-10-23,MA,,,individual
C797054,Unnamed hull,,MT,imo,IMO9859906,vessel
C407531,Vjacheslav Popow,1963-03-10,KZ,document,KZ59335361,individual
C913427,Yi Zhao,1967-02-02,HK,,,individual
C177735,"Akbari, Omed",,TJ,,,individual
C225771,Rick J. Vanderberg,1971-05-24,FR,,,individual
C594908,Marwen Salmen,1974-09-15,LB,,,individual
C701258,Kermani Kamren,1992-08-19,TJ,,,individual
C196979,Paco Rodriguez,1962-09-26,MX,,,individual
C256692,Javed Moussavi,1976-10-08,GE,,,individual
C768625,Baltic Textiles,,JO,,,entity
C813916,Kavih Kermani,1952-08-04,GE,,,individual
C177948,Fenghao Yuan,1993-07,HK,,,individual
C363926,Meridian Import Export Free Zone Establishment,,TJ,,,entity
C545301,Schröder Ricky M.,1991,GB,,,individual
C346811,Timur Orlov,,UA,,,individual
C952154,Ibraheem Al Masri,,JO,,,individual
C630964,Karakum Holdings,,HK,,,entity
C541606,M/T Bosporus IV,,GR,,,vessel
C504055,Faisal Darwesh,1963-08-04,SA,,,individual
C748672,Al-Noor Construction Inc.,,EG,,,entity
C808557,Atlas Shipping SA,,MA,,,entity
C985289,Luo Chungchun,1999-05-19,HK,,,individual
C815847,"Jaszina, Zhanna Mikhailowna",1988-08-26,KZ,,,individual
C707836,URAL,,CN,registration,REG-354093,entity
C810858,Nadezhda Smirnova,1994,BY,,,individual
C116350,Yingfang Tu,1954-01-18,CN,,,individual
C102005,Stanislav Ivanov,1976-11-18,KZ,,,individual
C512243,Bosphorus Investments FZ-LLC,,TJ,,,entity
C441507,"Andersson, Jose A.",1991-04-11,AU,,,individual
C824944,Phoenix Freight Sociedad Anonima,,GR,,,entity
C468626,"Kiselev, Stanislav",1978-03-26,GR,,,individual
C631982,Pamir Logistics Ltd,,HK,,,entity
C612219,Dariuche Mahmoudi,,TJ,,,individual
C514202,Li Qi,1957-12-24,HK,,,individual
C906372,Guo-Shu Deng,1980-11-17,CN,,,individual
C496252,Kowalski Joey J.,1960-03-04,AU,,,individual
C838310,Hamed Sherazi,1993-01-06,GE,,,individual
C762752,Sheereen Jafari,,GE,document,GE56069911,individual
C189885,Hossein Rahmani,1964-08-17,GE,,,individual
C827248,Yekaterina Orlova,1967-08-10,BY,,,individual
C611952,Hua Wen Chan,,SG,,,individual
C768891,Omed Moradi,1978-01-09,TJ,,,individual
C366991,Dalal AlTikritie,1964-01-05,SA,,,individual
C948097,Hamden Maged,,SA,document,SA22460037,individual
C276249,An Ying Feng,,CN,,,individual
C167404,Nabele Aoued,1987-02-03,TN,,,individual
C693993,Ehsaan Rezaey,1973-03-18,GE,document,GE72129623,individual
C826928,Maxim Zhukov,1969-08-27,BY,document,BY97111231,individual
C527801,Ameenah ibn Yusoof Amen,1960-02-07,SA,,,individual
C820683,Lau Hsia,1997-07-26,HK,,,individual
C255102,Behrouz Kermani,1966-10-03,GE,,,individual
C980682,Xiang-Hui Zhang,2000,CN,,,individual
C493812,Andrew M. Sorenson,,MX,document,MX50492450,individual
C711339,Anastasya Nikolaevna Kuznetsova,1978-08-14,GR,,,individual
C235959,"García, Trish",1993-09-24,MX,,,individual
C519046,Levant Metals Ltd,,SA,,,entity
C212012,Ocean Pearl Express,,LR,,,vessel
C111575,Nasrene Djafari,,TJ,,,individual
C140407,Charlie Nowak,1964-10-01,GB,,,individual
C429643,"Moussavi, Zahrah",1960-09-19,GE,document,GE81240810,individual
C826983,Theo A. Rodrigues,1972-09-23,AU,,,individual
C694683,Denis Stepanov,,BY,,,individual
C861333,"Nazari, Massoud",,TJ,,,individual
C932499,Parveze Rahemmi,1953-10,GE,,,individual
C791205,Charles A. Nguyễn,1976-04-11,DE,,,individual
C605723,Hisham Mahdi,,GB,,,individual
C536238,Sahara Shipping Sociedad Anonima,,MA,,,entity
C443184,Irina Vladimirovna Kuznetsova,1986-12-23,GR,,,individual
C791858,"Belousowa, Marja Mikhailowna",1988-08,KZ,,,individual
C483159,Harbor Point Import Export Limited,,DE,,,entity
C179053,Alexandr Alekseevitch Morozoff,1975-03-04,UA,document,UA36452932,individual
C170362,Pao Chiang,,HK,,,individual
C560611,Lindqvist Bob J.,1969-04,BR,,,individual
C818331,Qiang Yun Fung,1974-08-16,HK,,,individual
C783887,Hsu Longan,1957-02-05,TW,,,individual
C138647,Crystal Engineering Sociedad Anonima,,GE,,,entity
C883595,Javed Zammani,1951-01-22,TJ,,,individual
C635514,"Grishin, Stanislav",1991,BY,,,individual
C809105,"Sadighi, Kamren",1969-09-12,TJ,,,individual
C120175,Euphrates Chemicals S.A.,,UA,,,entity
C475217,Said Tabrezi,,GE,,,individual
C302837,Fatimah as-Sayid,,MA,document,MA56427206,individual
C736111,Rasheed Shaheen,1995-11-18,TN,,,individual
C664678,Djavade Baghiri,1999-08-08,GE,,,individual
C612474,Nabel Sallih,1972-06-13,AE,,,individual
C635719,Abd al-Azez Al Rashed,,EG,,,individual
C298434,Golnaz Akbari,1968-05-14,TJ,,,individual
C441244,Tigris Shipping Limited Liability Company,,BR,,,entity
C600570,Parvez Hashimi,1962-12-19,GE,,,individual
C751785,Jon M. Smithjones,1987,FR,,,individual
C374697,Charles M. Hernández,1951-12-04,BR,,,individual
C674216,Golnaz Tabrezi,1978-04-18,GE,,,individual
C478852,Oxana Chernova,,KZ,,,individual
C338081,Yekaterina Saiseva,,UA,,,individual
C470241,ad-Douri Sami,,MA,,,individual
C779328,"Kovalenko, Vyacheslav Vladimirovich",,BY,,,individual
C951531,Feng-Po Chu,1978-02-16,SG,,,individual
C420758,MV Bosporus Star,,CY,imo,IMO9891875,vessel
C422528,Boris Semenow,1995-06-14,GR,,,individual
C259272,Dorothy Nowak,1987-01-11,DE,,,individual
C241828,Zied bin Ali Tahah,1977-08-17,AE,,,individual
C640780,حمزة مهدي,,AE,,,individual
C594265,Kanen Amena b. Hisham,1958-05-16,JO,,,individual
C246467,Jianzhi Wu,1990-11-05,SG,,,individual
C867390,Galina Nikolaevna Grishina,1992-12-10,UA,,,individual
C505533,Massoud Esfahani,1999-03-21,GE,document,GE34792919,individual
C305855,The Emerald Bay Petroleum Free Zone Establishment,,AU,,,entity
C345934,Rouslan Zakharoff,1953-09-02,BY,,,individual
C829589,"Lebedeva, Yelena",1961-03-10,KZ,,,individual
C263119,Nilloufar Farahani,1974-12-07,TJ,,,individual
C966653,LEVANT FREIGHT Corp,,UA,,,entity
C953039,Zahra Rahmani,,TJ,,,individual
C718703,Jim Weis,,CA,,,individual
C221420,Iwan Iwanowich Zaharov,1986-12-16,KZ,,,individual
C864115,Nile Valley Steel Ltd.,,BR,,,entity
C161585,Tabrezi Niloufar,1958-07-15,TJ,,,individual
C288296,Sheng Chao,,AU,,,individual
C899284,Yenisei Pharma SA,,UA,,,entity
C643667,Nadezhda Orlova,1988,GR,,,individual
C481666,Mohsine Nazari,,GE,,,individual
C308402,Feng Ying-Kuei,,SG,,,individual
C430328,Tareeq ElNajar,,JO,,,individual
C842298,Hudah Barakat,1996-03-10,TN,,,individual
C419577,Kseniya Popova,1987-05-13,BY,,,individual
C829583,Dang Feng-Tian,1966-12-15,CN,,,individual
C891810,Hamza az-Zahrani,,LB,document,LB68270367,individual
C355031,"Bakr, Mustafah ibn Yassir",1973-03-04,JO,,,individual
C507149,Feng Xin Liu,1995-01,HK,,,individual
C898650,Nadezhda Wladimirowna Nowikowa,1993-04-23,BY,,,individual
C728237,Ng Kai-Kun,1986-01-02,CN,,,individual
C980412,Sammer Zaydi,1973-04-25,AE,,,individual
C459315,Khaled b. Tallal AsSaba,1987,TN,,,individual
C957941,Mehdi Ahmadi,1967-04-21,GE,,,individual
C499682,Fatimih Moussavi,1962-03-02,TJ,,,individual
C402095,Jekaterina Popowa,,GR,document,GR61249971,individual
C815039,Marouane bin Ismayle AzZahrani,1967-01-20,JO,,,individual
C129171,"Novikoff, Mikhail",1950-06-18,UA,,,individual
C220392,"Taha, Hasen",,KW,,,individual
C327446,Peter M. Mueller,1974-05-19,MX,,,individual
C138311,"Tabrezi, Amer",1958-10,GE,,,individual
C381944,Shengkun Han,1963-02-08,HK,,,individual
C443388,Don Pepe,1954-05-11,GE,,,individual
C708735,Rezaai Hamed,1988,TJ,,,individual
C753366,Kuei-Lan Fan,1966-11-15,TW,,,individual
C235020,Berg Anthony M. van den,1965,GB,,,individual
C370296,Poling Chiang,1965-06-04,TW,,,individual
C879922,Evgeny Kiselev,1998-06-21,GR,,,individual
C265266,Hajji Omar,1975-08-03,SG,,,individual
C639294,Mikhail Chaikovsky,1955-04-03,BY,,,individual
C199637,Ping-Chien Suen,,SG,document,SG85516167,individual
C802093,Alexandr Popov,,GR,,,individual
C156170,"Tsoy, Andrey",,GR,,,individual
C466389,"Pavloffa, Nadejda",1957-12-09,GR,,,individual
C266300,Alexander A. Larsen,1983-03-08,GB,,,individual
C929841,Francisco Du Bois,1984-12-01,FR,,,individual
C371741,PACIFIC RIM AVIATION AO,,LB,,,entity
C861883,Mustafah bin Yussof ad-Douri,1984-04-16,EG,,,individual
C396378,Anastasiya Wolkowa,,UA,,,individual
C459607,Khadeeja ar-Rasheed,,AE,,,individual
C522956,Semen Fedorow,1993-04-28,UA,,,individual
C858280,Kavih Sallehi,1968-01-03,TJ,,,individual
C613586,"Sabah, Hussain Al",,AE,,,individual
C385988,Viktor Yakovlev,1980,KZ,,,individual
C320904,Elisabeth M. Novak,1999-05-28,GB,,,individual
C546128,The Zagros Electronics Corp.,,SA,,,entity
C546347,Kuo Kuo Tang,,TW,,,individual
C441228,Jafari Massoud,1954,TJ,,,individual
C398516,Mustafah Bakr,,JO,document,JO83847480,individual
C262095,Mariya Mikhailovna Pavlova,1980-11,BY,,,individual
C882746,Bosphorus Chemicals Joint Stock Company,,KZ,,,entity
C724677,Samira Khoury,1976-01-07,LB,,,individual
C718334,Nataliya Mikhailovna Semenova,1954-04-14,KZ,,,individual
C776580,Tung-Chi Tai,,TW,,,individual
C544238,Siavache Kermani,1961-09-23,TJ,,,individual
C638700,Jammal Khoury,1963-08-22,SA,,,individual
C644150,Michael A. Rodríguez,1990-01-09,BR,,,individual
C606345,Yelena Volkova,1991,BY,,,individual
C157776,Juei-Wei Hoo,,CN,,,individual
C717075,M/V Pacific Glory II,,CY,,,vessel
C972808,Viktor Stepanoff,1999-10-08,GR,,,individual
C522242,Wiktor Iwanowich Grischin,1991,BY,,,individual
C625816,Tori Nguyễn,1959-12,US,,,individual
C963816,Shahram Mahmoudi,1968-12-04,TJ,,,individual
C888672,Hammeed Rahmani,1965,TJ,,,individual
C861007,The Northern Lights Agro Co,,TJ,,,entity
C576188,Mah Xia,1958-08-15,HK,,,individual
C168712,"Al-Jabouri, Fatimma",1963-03-22,KW,,,individual
C377090,An Na Hsu,,CN,,,individual
C930377,"Rahmani, Zahra",1974-07-13,TJ,,,individual
C675737,Tigris Pharma Public Joint Stock Company,,SA,,,entity
C987424,Delta Engineering Inc,,BY,,,entity
C827611,Walled Haded,1974-01-09,TN,,,individual
C509685,"Orlova, Marina",1985-01-03,BY,,,individual
C119828,Pete J. Lefèvre,1965-05-20,DE,,,individual
C332366,"Salmen, Fahd",1976-03-18,SA,,,individual
C823430,Schröder Samuel,1970-01-08,MX,,,individual
C288557,Kowalski James A.,1984-06-13,FR,,,individual
C927980,Hsiao-Hua Sun,,HK,,,individual
C343373,Pacific Rim Energy,,MX,,,entity
C686569,Dariush Mahmoudi,,GE,,,individual
C508472,Walled Khoury,1993-04-07,MA,,,individual
C915298,Joey J. Andersen,1982-01-21,AU,,,individual
C373648,Andreiy Nikolaev,1974-07-14,BY,,,individual
C996835,Paresa Sadighi,1990,GE,,,individual
C404391,Wasily Bykow,1999-02-21,UA,,,individual
C251339,Hsueh-Ting Ma,1978-12-27,SG,,,individual
C119529,Saed Azez,,MA,,,individual
C739427,Sinai Maritime LLC,,BR,,,entity
C820983,M. al-Khatib,1965-04-11,SA,document,SA46521585,individual
C383355,Lei Wei Fan,1993-08-23,CN,,,individual
C651366,Yassir Hakeem,1972-03-25,JO,,,individual
C134432,Stanislaw Iwanowich Kravtschenko,,UA,,,individual
C867218,Faissale ibn Sami Darweshe,1983-10-04,SA,,,individual
C702382,Zhanna Cwetkowa,1970-07-18,KZ,,,individual
C959450,M/V Grand Voyager Star,,CY,,,vessel
C634054,Babs Lindkvist,,CA,,,individual
C246586,"Sorenson, Matthew M.",1984-02-25,FR,,,individual
C297113,al-Sabah,,TN,document,TN10926529,individual
C313531,Damavand & Partners,,CA,registration,REG-848858,entity
C181946,Sinai Maritime GmbH,,AU,,,entity
C931772,Mehdi Yazdani,1980-07-15,GE,,,individual
C359080,Hoo Kun Guo,1953-06-22,SG,,,individual
C866932,Siavach Sheerazi,1955-02-25,GE,,,individual
C527100,Kai Fang Chiu,1960-07-13,SG,,,individual
C817775,Caspian Moon One Spirit,,PA,,,vessel
C752694,Kai Zhong Cao,1959-02-18,CN,document,CN57360368,individual
C372087,Hsia-Hsiao Hsieh,,CN,,,individual
C374423,Salleem Taha,1953-08-07,TN,,,individual
C207372,The Jade Dragon Energy Co,,KZ,,,entity
C864779,Baghiri Hosaine,1977-02-24,GE,,,individual
C245853,Becca Lindquist,1952-08-15,GB,,,individual
C796993,"ElHashemi, Nour",,MA,,,individual
C116072,شهرام مرادی,2000-05-13,GE,,,individual
C293583,al-Rashid,,JO,document,JO95227736,individual
C524157,Fahd ben Yasir Mansour,1963-03-03,LB,,,individual
C718791,Oleg Chernov,1952-11-01,UA,,,individual
C400204,Saed Khoury,1996,TN,,,individual
C395102,Trish M. Silva,,DE,,,individual
C702275,Tareek El-Atar,,AE,,,individual
C704413,Chieh-Hsueh Tseng,1990-04-05,CN,,,individual
C344416,Janna Tzvetkoffa,1964-10-17,KZ,,,individual
C450364,Juei Hui Ma,,HK,,,individual
C976496,Majed ben Saed Al Shamsi,1989-12-19,SA,,,individual
C845945,"Andreewa, Yekaterina",1993,BY,,,individual
C306950,Grand Voyager Alpha,,MT,imo,IMO9114033,vessel
C140369,Laillah Yazdani,1959-06-09,GE,,,individual
C638763,Darya Nikolaeva,,KZ,,,individual
C623929,Nikolaij Fedorow,1967,GR,,,individual
C397063,Tatiana Nikolaevna Kiseliova,1994,GR,,,individual
C891362,Maryam Sallihi,1961-10-16,TJ,,,individual
C336742,Northern Lights Holdings Limited,,MA,,,entity
C289337,Mehdi Ebrahemmi,,GE,,,individual
C822360,Sahara Import & Export Company,,DE,,,entity
C767950,Salem Abas,1989-05-14,AE,,,individual
C320702,Paco Smith-Jones,1999-06-24,AU,,,individual
C135507,Mihail Smirnow,1957-06-24,KZ,,,individual
C644088,Sallem AsSayid,,LB,,,individual
C325545,Babak Mahmoudi,1975,GE,,,individual
C148711,Amber Road Freight Company,,SA,,,entity
C100010,Kseniya Andreeva,1953-11-01,UA,,,individual
C698300,Al-Bahr Group,,AE,registration,REG-366675,entity
C492678,Sheren Esfahani,,GE,document,GE81258804,individual
C654129,TABRIZ ENERGY FZE,,JO,,,entity
C140445,The Emerald Bay Electronics FZ-LLC,,CA,,,entity
C961491,Kavih Rahimie,1954-01-23,GE,,,individual
C585042,Farahani Reza,1977-01-01,GE,,,individual
C876069,Chris A. Weiss,,FR,,,individual
C802932,Zamzam Freight Co.,,US,,,entity
C646679,Omeed Sherazi,1977,TJ,,,individual
C151255,Shu-Jian Tso,1990,CN,,,individual
C349597,Hosain Sadighi,1977,TJ,,,individual
C991891,Nasren Karemi,1961-12,GE,,,individual
C749192,Mesopotamia Chemicals Co,,EG,,,entity
C760079,Maggie van den Berg,1978-01-12,GB,,,individual
C966092,C. Smith-Jones,,AU,document,AU12656920,individual
C112740,"Silva, Thomas Da",1968-06-22,AU,,,individual
C813409,Reza Ahmadi,1963-04-02,TJ,,,individual
C802958,Andy A. Olsen,1993-01,MX,,,individual
C648263,Altai Freight S.A.,,BR,,,entity
C720054,Wen Feng Ho,1981-09-12,SG,,,individual
C991073,ZAGROS SHIPPING LLC,,HK,,,entity
C340682,"Petersen, Daniel J.",1989-05-11,MX,,,individual
C104142,Hsia-An Tsang,,CN,,,individual
C159933,Hank O'Brien,,US,,,individual
C414262,The Northern Lights Maritime Co,,GE,,,entity
C521729,Irina Chcherbakova,1957-02,TW,,,individual
C848744,M/T Ocean Pearl III,,LR,,,vessel
C490194,Irina Chaikovskaya,1976-08-06,UA,,,individual
C397765,Coral Queen One Spirit,,GR,,,vessel
C858353,Chahrame Sadighi,1951-07-03,TJ,document,TJ49513941,individual
C619831,Charles Ferreira,,US,document,US51859941,individual
C692587,Mikhail Shevchenko,,GR,,,individual
C163654,Hsiang-Xiang Tsang,1997-10-19,HK,,,individual
C556740,Grigory Morozov,,KZ,,,individual
C304544,Aurora Queen,,MT,,,vessel
C117861,Hu Xiaoshan,,HK,,,individual
C726489,Steven M. Le Fevre,1976-11-25,FR,document,FR97400076,individual
C771184,Zhanna Shcherbakova,,KZ,document,KZ48096030,individual
C602059,Unnamed hull,,MH,imo,IMO9265884,vessel
C681015,The Phoenix Trading FZE,,MA,,,entity
C592680,Robbie A. Schmidt,,CA,,,individual
C574527,Rebecca Smith Jones,,FR,,,individual
C813736,Boris Chaikovsky,1993-09-13,BY,,,individual
C481372,MT Falcon Bay V,,GR,,,vessel
C942984,MV Bosporus Star,,MH,imo,IMO9526817,vessel
C152316,EASTERN STAR IMPORT EXPORT Ltd.,,TN,,,entity
C454213,Chung Dong Lam,1965-02-09,SG,,,individual
C529885,Zhou Kai Gang,1982-03-20,SG,,,individual
C726659,Keung Ping Ching,1957-10,GB,,,individual
C843404,Blue Whale,,MT,,,vessel
C463163,Artiom Lebedew,1973,UA,,,individual
C706895,William J. Hernández,,MX,,,individual
C512556,Johansen Jamie,1959-07-16,FR,,,individual
C630877,Kuei-Shu Lam,,CN,,,individual
C785911,Rezah Moradi,1961-10-26,GE,,,individual
C204687,Parvez Rezaai,1973-12-12,GE,,,individual
C631312,Pawel Petrovitsch Pawlow,1969-01-20,GR,,,individual
C695608,Kamren Tabrezi,1958,GE,,,individual
C628512,De Yang,1961-06,TW,,,individual
C265282,Shu Tsai,1979-12-08,HK,document,HK35386122,individual
C283992,Abdolah El Amen,1985-01-17,TN,,,individual
C735894,بشار الأمين,1987-04-25,GE,,,individual
C208912,Summit Metals GmbH,,GB,,,entity
C991912,Tabriz Investments L.L.C.,,SG,,,entity
C553842,Golnaz Hosaini,1953-01-11,TJ,,,individual
C974950,Fatimma bin Ahmed Yasin,1955-07-07,KW,document,KW21824635,individual
C259934,Saadalla Abd Al Karem,,TJ,,,individual
C318506,Dorothy M. Lefevre,1995,US,document,US77206737,individual
C374380,Grigory Lebedev,1992,KZ,,,individual
C486423,Poon Ling,,HK,,,individual
C688650,Na An Zhu,1958-06-06,SG,,,individual
C491256,Olga Bondarenko,1952-09-12,KZ,,,individual
C204053,Tabrezi Behrouz,1956,GE,,,individual
C341249,Gennady Alexandrovich Bykov,,GR,,,individual
C535032,Dmitriy Novikov,1950-06-12,UA,,,individual
C837379,Night Hawk Star Spirit,,SG,,,vessel
C566040,"Stepanov, Pavel",1995-02-11,BY,,,individual
C888447,Barb De la Cruz,1993-04-19,US,,,individual
C811938,Yaseen Muhamed bin Nabel,1994-06-18,KW,,,individual
C733097,Masoud Rahemmi,1986-05-07,GE,,,individual
C204265,"Nazari, Mehdi",1962-07-23,TJ,,,individual
C773356,"Zhukow, Pawel",1960-08-17,KZ,,,individual
C235460,Juan Sum,1993-04-23,TW,,,individual
C148157,Behrouz Moussavi,1970-11-16,TJ,,,individual
C668202,Meridian Petroleum Corp.,,CN,,,entity
C144376,Michail Makarow,1980-05-28,UA,,,individual
C447236,Volga Freight Limited Liability Company,,LB,,,entity
C610823,Tiger Lily,,GR,,,vessel
C258891,Dorothy M. Bianci,1995-01-05,AU,,,individual
C301709,Walery Stepanow,1974-07-27,KZ,,,individual
C159990,Kolya,,SG,,,individual
C170973,Matthew Müller,1967-06-06,GB,,,individual
C188320,"Ebrahimmie, Shahraam",,GE,document,GE34925971,individual
C812279,Dong-Jian Fan,1968-04-10,CN,,,individual
C314756,Shahram A.,1999-07-22,TJ,document,TJ69472730,individual
C806833,Reza Yazdani,1964-12-28,TJ,,,individual
C955164,Yu-Xia Ma,,HK,,,individual
C769122,The Damavand Textiles Ltd,,TW,,,entity
C467792,Babake Kareemmi,1961-04-06,TJ,,,individual
C957836,An Xu,1951-04-09,CN,,,individual
C995579,Matthew Nguyễn,1975-11-28,DE,,,individual
C562090,Sami az-Zahrani,,MA,,,individual
C454325,Jamal bin Mustafa As-Sabah,1978-07-18,JO,,,individual
C617897,Salma Zaydi,1990-06-05,EG,,,individual
C379693,Evgeny Grishin,1991,TW,,,individual
C470433,Andromeda One Trader,,PA,,,vessel
C185394,Stanislav Orlov,,KZ,,,individual
C858106,Morning Glory Alpha,,MT,imo,IMO9167626,vessel
C454032,Karemmi Mohsin,2000-05-11,GE,,,individual
C614662,Liu Lei Chun,1989-07-13,HK,,,individual
C395349,"Tsoy, Stanislav",1977-06-07,BY,,,individual
C425948,Dallalle Yasene,1985-07-10,JO,,,individual
C765951,M/V Sun Dancer Queen,,GR,,,vessel
C670691,Darya Zakharova,1980-09-18,BY,,,individual
C940543,Ehsen Mousavie,1985-06-04,GE,,,individual
C318128,Lingtien Hu,1992,US,,,individual
C711490,Delta Industries Corp,,GR,,,entity
C610976,Vessel Ocean Pearl Alpha,,MT,imo,IMO9574412,vessel
C501693,Ibraheem Salih,1972-07-01,LB,,,individual
C937294,Waled el-Sayid,1969-05-15,LB,,,individual
C390125,Rania Taha,1976-02,TN,,,individual
C815916,Jung Chu,1986,SG,,,individual
C440552,Ruslan Shishkin,1978-07-05,BY,,,individual
C296781,"Jafari, Bijen",1966-09-24,TJ,,,individual
C367751,Sammie b. Abdul Azeez AlMasry,1992-02-26,TN,,,individual
C566708,Rodrigues Betty J.,1993-02-02,AU,,,individual
C423241,Unnamed hull,,MT,imo,IMO9688656,vessel
C592504,Semion Tsoiy,1963,KZ,,,individual
C914471,Yong-Hsueh Hon,1981-11-05,SG,,,individual
C616463,"Kowalsky, Robert J.",1982-01-27,US,,,individual
C665863,Tallal Hamden,,TN,,,individual
C254019,Thomas A. Fernández,1990,MX,,,individual
C353866,"Kozlov, Semen",1972-12-03,KZ,,,individual
C227689,Henry A. Dubois,,BR,,,individual
C921618,Bin Leung,1999,CN,,,individual
C213208,Aral Aviation LLC,,EG,,,entity
C765177,Aminah Kasim,1976-03-26,SA,,,individual
C513195,"Lefevre, José J.",,AU,,,individual
C447366,Kamchatka Import Export Co.,,GR,,,entity
C708093,Cui Boming,1988-02-12,KW,,,individual
C920443,Tso Wen Chi,1989-05-08,HK,,,individual
C806567,"Shishkina, Olga Mikhailovna",1980-03,GR,,,individual
C114343,Marwen ben Ismayl Mahdi,1955-02-14,JO,,,individual
C359694,Baltic Freight G.m.b.H.,,TN,,,entity
C538761,Hua Hu,,TW,,,individual
C503608,Zagros Holdings,,KW,,,entity
C533754,Vessel Baltic Swan Alpha,,MH,imo,IMO9237652,vessel
C482274,Rania bin Rashed Al-Najar,,MA,,,individual
C275711,Nilloufar Hashemmi,1964-04-28,GE,document,GE54508159,individual
C908507,Hank J. Novak,1988-02-11,MX,,,individual
C238430,Ismayl bin Yusoof ArRashed,1961-07-17,JO,,,individual
C767374,"Hossaini, Hameed",1960-04-27,TJ,,,individual
C113548,Talal Yaseen,,MA,,,individual
C194815,Amber Road Group,,KZ,registration,REG-568262,entity
C502277,Hakem Mustafah,,MA,,,individual
C314672,"Shevchenko, Gennady",1988-02-03,GR,,,individual
C327488,Adnen AlZahrany,1999-12-19,AE,,,individual
C536411,"Lindquist, Beth J.",1966-10-24,CA,,,individual
C700800,Sergey Alekseevitsch Tschaikowsky,,KZ,,,individual
C213540,Shu Gang Liang,1978-12-12,CN,,,individual
C305846,Unnamed hull,,CY,imo,IMO9079308,vessel
C141423,Wallid bin Kareem al-Ameen,,LB,,,individual
C359731,Artem Kovalenko,1986-10-15,BY,,,individual
C883303,Semion Volkov,1967-03,BY,,,individual
C117544,Albatross,,MT,imo,IMO9987175,vessel
C451044,Sammeer AsSayid,,JO,,,individual
C324135,Mortizah Kermani,1977-03-18,GE,,,individual
C299341,Golnaz Tehrani,1966-03-26,GE,,,individual
C453524,Jammal Abas,1960-12-11,AE,,,individual
C820154,Mihail Belousow,,BY,,,individual
C355405,Rui Cheung,1958,CN,,,individual
C245784,Behrouz Jafari,1986-09-14,GE,,,individual
C327474,"Brien, Samuel M. O",1989-05-20,FR,,,individual
C554660,Vessel Hormuz Pride Alpha,,CY,imo,IMO9108501,vessel
C127340,Zagros Agro Free Zone Establishment,,UA,,,entity
C873621,Kammaal Bakr,,EG,,,individual
C362003,Zied AsSabah,,AE,,,individual
C266542,Arash Sadighi,1951-12-19,GE,document,GE34908346,individual
C164245,Eastern Star Trading,,GE,,,entity
C539854,Husain Awed,1984-09-18,AE,,,individual
C914187,Boris Nikolaevicz Jaszin,,KZ,,,individual
C811090,Amber Energy Corp.,,KW,,,entity
C170727,Elisaveta Sakharowa,1961-03-17,BY,,,individual
C133137,Chung-Chun Chu,1972-05-26,TW,,,individual
C600307,Saed Shahen,,LB,,,individual
C113272,Tarek ibn Bilal Hakem,2000-11-03,EG,,,individual
C308379,Hao Xu,1962-06-28,TW,,,individual
C453712,Hsia Yeung,1958-12-19,SG,,,individual
C317896,Lei Lan Chao,1980-09-24,SG,,,individual
C182394,Hamede ElDouri,1992-09-26,KW,,,individual
C426102,Fernández Kathy,1951-12-19,BR,,,individual
C436898,Kun Yuan,1970-03,CN,,,individual
C272115,Feng Yi Gui,1984-09-03,CN,,,individual
C330743,Ruslan Kiselev,1993-09-22,KZ,,,individual
C130283,Qiang-Lei Ko,1966-09-26,HK,,,individual
C431752,Kit M. Schmidt,1970-11-28,MX,,,individual
C917714,Chih Kuei Lau,1998-01-13,CN,,,individual
C707987,Tehrani Farhed,,GE,,,individual
C349588,Salleh Majed,,JO,,,individual
C973122,Rashed Khoury,1983-10-20,JO,,,individual
C722206,Yasir Shahen,1985-02-05,AE,,,individual
C600407,Eastern Star Industries LLC,,AU,,,entity
C374116,Fu Wei Dang,1985-05-18,SG,,,individual
C661978,Chun Fang Lin,,CN,,,individual
C460803,Abdul Karem Al-Khateb,,AE,,,individual
C757286,Vyacheslav Mikhailovich Yegorov,,GR,,,individual
C982031,Euphrates Technologies,,GB,,,entity
C602856,"Nikolaewa, Anastasya",2000-01-15,BY,document,BY91090590,individual
C205301,Omide Ghassemmi,1981-11-11,GE,,,individual
C433768,Shu-Hsin Tai,1993-11-14,HK,,,individual
C176923,Marwen Salmen,1997-11,LB,,,individual
C424339,Dima,1992-06-10,UA,,,individual
C902390,Anthony A. Schroeder,1995-11-20,GB,,,individual
C875371,Mahmoud ibn Ahmed Mahdi,,JO,,,individual
C948992,"Nikolaeffa, Tatiana Petrovna",2000-07-06,UA,,,individual
C741731,Ivan Vladimirovich Popov,1957-11-14,UA,,,individual
C247397,The Amber Road Industries S.A.,,FR,,,entity
C157295,Nour ElHasheemmi,1957-12-28,TN,,,individual
C245192,Maged Abas,1980-01-17,SA,,,individual
C219778,"Kiseleva, Zhanna",1975-03-05,GR,,,individual
C475124,Khadeejah As-Saba,,KW,,,individual
C882636,Hsia He,,TW,,,individual
C892807,Unnamed hull,,MH,imo,IMO9011550,vessel
C361454,Tabriz,,MA,registration,REG-575970,entity
C573543,Kamren Tabreezi,1992-02-23,TJ,,,individual
C155638,MT Hormuz Pride III,,GR,,,vessel
C425465,Orion Maritime,,AE,,,entity
C632820,Tu Nachun,1979-08-16,HK,,,individual
C913307,Valentina Nikolaevna Kouznetsova,1950,BY,,,individual
C601437,Boris Kravczenko,1988-03-06,UA,,,individual
C284999,Darya Sergeyevna Zhukova,,BY,,,individual
C854220,Abdoolla AlShamsie,1973,SA,,,individual
C683829,Oxana Shishkina,1969-08-18,UA,,,individual
C854699,Arash Rahemmi,1996,GE,,,individual
C584355,Vessel Golden Anchor Alpha,,MT,imo,IMO9852920,vessel
C391861,"Delacruz, Barbara J.",1985,US,,,individual
C709008,Yusoof bin Hamza Haded,1955-01-09,JO,,,individual
C758962,Azez Hanen,,SA,,,individual
C649976,Ameer Hosaini,1976-05-27,TJ,,,individual
C179550,Nikolaiy Mikhailovich Nikolaev,1980-04-28,GR,,,individual
C889394,Red Falcon IV Trader,,GR,,,vessel
C824973,Yasir ben Fahd Zaydi,1956-11-17,SA,,,individual
C345065,Billal Dschabouri,1999-12-24,AE,,,individual
C826210,Babak Baghiri,1970-09-03,TJ,,,individual
C773168,Chuck Van der Berg,1961-02-01,GB,,,individual
C796554,Aishah Haded,,SA,,,individual
C341448,Hisham Sallih,1993,LB,,,individual
C789027,Saaid Tehrani,1963-08-17,TJ,,,individual
C274633,Faisal Salman,,JO,,,individual
C590796,Matt J. Nguyễn,1993-08-03,CA,,,individual
C553135,Blue Horizon Industries Ltd.,,SA,,,entity
C747345,"Esfahani, Shahramme",1961-05-09,GE,,,individual
C813614,Teng Pingfang,1995-04-08,HK,,,individual
C457871,Shahram Zammani,,TJ,,,individual
C173020,Cheng Chiu,,HK,,,individual
C182756,"Ghanim, Mahmoud bin Hasan",1964,UA,,,individual
C203593,Rebecca Le Fevre,,MX,document,MX64007050,individual
C113237,Joey M. Delacruz,1990-02,FR,,,individual
C817989,Muhammad b. Abdol Aziz Salmen,1987-12-02,SA,,,individual
C656775,Bashar ben Faissal Jabouri,1974-09-22,TN,,,individual
C192401,Dalal ar-Rashed,1971-07-20,LB,,,individual
C351201,Rahmani Parisah,,TJ,,,individual
C667423,Benny A. Hernandez,,CA,,,individual
C261272,Djafari Parveze,1995-06-03,GE,,,individual
C592234,Omed Akbari,1964-09-06,GE,,,individual
C187297,Amber Logistics,,LB,,,entity
C918812,William M. Fischer,1989-12-14,AU,,,individual
C830742,"Hamden, Anwar",1966,TN,,,individual
C338477,Hsueh Cheng Chow,,CN,,,individual
C961030,Madscheed Haschimmi,1979,TJ,,,individual
C985662,Ghanimme Ziade,2000-04-20,LB,,,individual
C619742,Wasily Lebedew,1951-03-20,KZ,,,individual
C965003,Sergey Ivanovich Andreev,,BY,,,individual
C846181,Sea Lion V,,MT,,,vessel
C307090,Juei Kun Kwok,1975-11-03,CN,,,individual
C489836,"Awed, Khadejah",1957-12-08,LB,,,individual
C315519,Hudah Kanaen,1967-02-07,TN,,,individual
C878174,Kammal Masri,1957-09-15,JO,,,individual
C511139,Dallal Hamden,1973-09-17,AE,,,individual
C439842,MV Falcon Bay Star,,MH,imo,IMO9047220,vessel
C153293,"MacDonald, Xander A.",,DE,,,individual
C264761,Boris Belousow,1986-04-28,GR,document,GR83646569,individual
C540689,Nabeel ibn Tarek Azeez,1956-03-04,MA,,,individual
C300089,Sapphire Engineering L.L.C.,,KZ,,,entity
C208888,Nizare ar-Rasheede,1962-12-07,SA,,,individual
C784228,Fateemah Faris,1995-07-15,EG,,,individual
C208836,Longmin Shen,1959-11-27,SG,,,individual
C466756,Dottie Garcia,1987,FR,document,FR92939883,individual
C309224,Ameer Farahani,,TJ,document,TJ80688262,individual
C958199,Faris Muhamad,1997-12-19,EG,,,individual
C786652,Tung Bin Tsang,1954-09-10,TW,,,individual
C537928,Людмила Ивановна Павлова,1987-10-26,UA,,,individual
C600871,Hisham Al Masri,1989-11-17,JO,,,individual
C256243,Oxana Zhukova,1958-02-11,KZ,document,KZ19755023,individual
C706236,Rezaai Behrouz,,TJ,,,individual
C723645,Sapphire Construction JSC,,US,,,entity
C718864,Edward A. Kowalski,1967-12-21,AU,,,individual
C439690,Olga Sergeyewna Petrowa,1993-09-24,GR,,,individual
C408716,Gennady Sokolow,1972,BY,,,individual
C163530,Karakum Electronics Inc,,GE,,,entity
C428355,Tori M. Kowalsky,,GB,,,individual
C134521,Yong-Kun Hoo,1960,CN,,,individual
C968295,Oxana Kravtchenko,1980-01-19,KZ,,,individual
C162689,Jun Cheng Lam,1983-04-08,HK,,,individual
C697282,Chihong Han,1985-12-08,HK,,,individual
C240270,Fiodor Shcherbakov,1968-03-18,GR,,,individual
C330584,Yassir Al Khateeb,1968-08-18,SA,,,individual
C500341,Maxim Ivanovich Kiseliov,,GR,,,individual
C105228,Francisco A. Müller,1991-05,AU,,,individual
C249793,The Ural Electronics GmbH,,US,,,entity
C146470,"Chernov, Artem",1975-11-09,GR,,,individual
C825679,Jiang Longfu,1978-11-11,SG,,,individual
C775981,Dima,,LB,,,individual
C605919,Ibrahem Hamden,,LB,,,individual
C620418,Arash Sheerazi,,GE,,,individual
C280194,Yulia S.,1994-12-28,KZ,document,KZ79720911,individual
C170908,Ehsen Zamani,1960-06,GE,,,individual
C495456,"Yasen, Tareq",1953-10-06,MA,,,individual
C950297,Dottie A. Mayer,1980-09,US,,,individual
C226817,Jie Chun Lu,1997-01-27,HK,,,individual
C848298,Hsiang Tse,1950-08,TW,,,individual
C677683,The Pamir Logistics FZE,,FR,,,entity
C686814,Massoud Rostammi,1977-09-18,GE,,,individual
C880054,Hamzah bin Samer Kanaen,1986-06-03,SA,,,individual
C727861,MV Desert Rose One,,SG,,,vessel
C148402,Boris Svetkov,1968-06-05,BY,,,individual
C277786,Golnaz Baghiri,1978-03-19,TJ,,,individual
C254689,Tabriz Holdings,,GB,,,entity
C646510,Delta Queen Star Trader,,MT,,,vessel
C109567,"Yegorowa, Ksenija",1975-02-10,GR,,,individual
C371796,Nile Valley Metals Ltd.,,SG,,,entity
C770451,Viktor Kozlov,1998-03-10,BY,,,individual
C192595,The Amber Freight Limited,,LB,,,entity
C257983,Atlas Logistics Limited Liability Company,,TN,,,entity
C234535,"Haded, Rammi",1998,AE,,,individual
C868045,Fahd ben Sammi Faris,,AE,document,AE73200200,individual
C402675,Olson Alex J.,1992,TJ,,,individual
C582374,Jose Johansson,1968-05-09,BR,,,individual
C684960,Nile Valley Import Export Co,,KZ,,,entity
C776688,Green Meadow Express,,LR,,,vessel
C746743,"Czernow, Wiktor Petrovicz",1952-03-02,GR,,,individual
C162913,Paco J. Schmid,1960-01-26,MX,,,individual
C991739,Arctic Dawn II Express,,CY,,,vessel
C117675,Euphrates Investments Limited,,GE,,,entity
C988791,Grigory Nikolaev,,UA,,,individual
C213854,Anastasya Kozlova,1954-06,UA,,,individual
C852588,Pan Poyan,1953-12-03,TW,,,individual
C304275,M/V Caspian Moon,,PA,,,vessel
C889243,"Nikolaev, Vyacheslav",,KZ,document,KZ49462690,individual
C260006,Fu Hai Yeh,1985-07,HK,,,individual
C968894,Jelisaweta Sergejevna Zoy,1979-04-23,BY,,,individual
C935411,MV Eastern Promise Star,,PA,imo,IMO9815712,vessel
C574028,Zhang Yanjun,1978,TW,,,individual
C238146,Yenisei Logistics,,KW,,,entity
C244786,RED SEA ENGINEERING Company,,SA,,,entity
C831593,Bosphorus Technologies Corp.,,TN,,,entity
C146398,Lailah Shirazie,1986-05,TJ,,,individual
C586864,Fang-Yun Loo,1997,TW,,,individual
C204938,Cavih Esfahani,1953-06-11,GE,,,individual
C558435,Nikolaiy Stepanov,1955-10-02,BY,,,individual
C738796,Djaved Ahmadi,1953-11-20,TJ,,,individual
C640557,Sahara Industries G.m.b.H.,,TJ,,,entity
C944627,Vessel Delta Queen,,PA,imo,IMO9591428,vessel
C695528,Boris Zakharov,1964,BY,,,individual
C354372,Jammal Yasseen,1968-09-26,TN,,,individual
C132955,Pat M. Schroder,1994-12-11,CA,,,individual
C945277,Shen Chun,1972-12-21,HK,,,individual
C829987,Rami bin Rammi el-Dschabouri,1993-02-27,BY,,,individual
C626017,Anthony OBrien,1968-06-10,BR,,,individual
C875548,Chihhsin Chang,1954-03-13,CN,,,individual
C823902,Farhed Kermani,1950-11-07,TJ,,,individual
C311610,MV Pacific Glory Star,,PA,,,vessel
C796381,Vessel Iron Duke Alpha,,LR,imo,IMO9539728,vessel
C596285,Hao Kai Wu,1958-12-15,SG,,,individual
C842181,Sheren Hosaini,,GE,,,individual
C624009,Chuck A. Larson,1973-08-08,US,document,US96329738,individual
C311685,MV Marlin II,,GR,,,vessel
C563855,Amer Mahmoudy,1979-08-18,GE,,,individual
C593960,Dubois Jennifer A.,1965-06-10,US,,,individual
C627050,Zhu Rong Qiang,1954-06-25,CN,,,individual
C391392,Tolya,1961-02-10,FR,,,individual
C774900,Chang Yong Chieh,1986-07-18,CN,,,individual
C476227,Ming Gang Leung,1982-08-03,CN,,,individual
C475861,Boris Sergeyevich Smirnov,1981,UA,,,individual
C325527,"Chernov, Gennady",1973-09-12,GR,,,individual
C729445,Layla Khoury,1992-03-07,JO,,,individual
C779160,"Morozov, Andrey Mikhailovich",1977-09,GR,,,individual
C181448,Salem bin Billal Azez,1963-12-01,LB,,,individual
C386491,Hongting Zhu,1957-05-10,SG,,,individual
C313478,Zagros Aviation Limited,,US,,,entity
C791284,Chun Hu,1956,SG,,,individual
C877599,Gennady Tkachenko,1994-09-01,BY,,,individual
C925990,Mustafah Shaheen,,SA,,,individual
C170621,M/T Blue Whale V,,LR,,,vessel
C212233,Mikhail Semenov,,GR,,,individual
C205430,Al-Noor Steel Ltd.,,EG,,,entity
C482980,Massoud Moussavy,1992-04-20,TJ,,,individual
C502272,HARBOR POINT,,FR,registration,REG-443189,entity
C957518,Theodore Ferreyra,1999,AU,,,individual
C901592,Tian Cheng Wong,1960-02-21,SG,document,SG47693636,individual
C631426,Ehsane Ahmadi,2000-05-09,GE,,,individual
C545463,Leonid Ivanovich Kravchenko,1996-07-07,UA,,,individual
C242993,Ning Mei Cao,1994-01-17,CN,,,individual
C383896,Khaleed Zaydi,1961-05-22,JO,document,JO16284229,individual
C816687,Yelizaweta Szevchenko,1952-12-01,GR,,,individual
C975582,Lan-Hong Guo,1954-02-05,TW,document,TW49556984,individual
C981950,Jennifer Novak,1993,BR,document,BR50250277,individual
C253005,Ye Yi Bin,1968-07-20,TW,,,individual
C512318,Rashed ibn Abdol Rahman el-Amen,1990-07,SA,,,individual
C152663,Qiang Yun Lee,,TW,,,individual
C221589,Nour Awed,,MA,,,individual
C487163,نزار الزهراني,1996-08-13,JO,,,individual
C640258,"Tabrezi, Hosain",1952-01-16,TJ,,,individual
C109909,"Salmen, Faysal ibn Omar",1970-08-22,EG,,,individual
C672760,MT Black Tide III,,SG,,,vessel
C635234,Tsuei Pin-Chieh,,TW,,,individual
C520439,Nasren Mahmoudi,1971-12-05,GE,,,individual
C522592,Hakeem Mahmoud ben Anwar,1986-07-28,KW,,,individual
C668111,Natalya Makarova,1961-12-10,BY,,,individual
C350120,"Kaseem, Karem",,MA,,,individual
C498560,Falcon,,UA,registration,REG-610353,entity
C784605,Xuelong Lu,1955-12-25,TW,,,individual
C658485,MV Lady Fortune V,,LR,,,vessel
C677190,Tom J. Nguyen,1953-12-19,BR,,,individual
C667616,"Sadighi, Mahsah",,SG,,,individual
C810250,Vessel Sun Dancer Alpha,,PA,imo,IMO9395400,vessel
C679397,MV Night Hawk,,CY,,,vessel
C193616,Longguo Jiang,1985-03-12,SG,,,individual
C992002,Vyacheslav Bondarenko,1994-06-28,GR,,,individual
C965805,Bobby M. Van der Berg,1962-05-09,BR,,,individual
C362911,Summit Agro SA,,TN,,,entity
C389040,Tigris Textiles Limited Liability Company,,KZ,,,entity
C871693,Ehsen Ghassimmi,1999-04-15,TJ,,,individual
C736559,S. Hashemi,1997-08-05,GE,document,GE56154116,individual
C478584,Aral Steel Limited,,GB,,,entity
C308957,Jennifer A. Andersson,,MX,,,individual
C476188,Tatiana Lebedeva,,UA,,,individual
C894290,Yekaterina Ivanovna Popova,,GR,,,individual
C923345,NORTHERN LIGHTS METALS Co.,,CN,,,entity
C808562,Vessel Albatross,,PA,imo,IMO9609803,vessel
C100673,Joey Vanderberg,1985-05-14,MX,,,individual
C769019,Maryam Ghasimi,1993-04-26,TJ,,,individual
C547466,Joseph Smith-Jones,1954-12,US,,,individual
C196842,"Jade Dragon Steel, Ltd",,AE,,,entity
C998579,Danny Du Bois,1995-01-10,CA,,,individual
C222310,Shamsi Hassen El,1990-04-16,SA,,,individual
C919503,Elizaveta Zhukova,,BY,,,individual
C519344,Elizaveta Mikhailovna Andreeva,,UA,document,UA18018911,individual
C705776,Wladimir Wladimirowich Orlow,1997-06-10,KZ,,,individual
C859161,Ahmed Yassen,2000-09-17,TN,,,individual
C383592,Jewgeny Nikolaevicz Makarow,1986-11-02,KZ,,,individual
C471495,Sergeij Iwanowich Saitsev,,BY,document,BY68115870,individual
C604516,Hai-Pao Sum,1993,TW,,,individual
C999145,Mortezah Ghasemy,1985-06-02,GE,,,individual
C536327,Arctic Dawn One Express,,MH,,,vessel
C361008,Maggie Le Fevre,,GB,document,GB30755907,individual
C194300,Benny J. Kowalski,1990-09-15,MX,,,individual
C895235,Anna S.,1980-03-22,BY,document,UA27823180,individual
C550043,"Pawlow, Walery Petrovitsch",,KZ,,,individual
C865974,Rezah Rahmani,1965-01,TJ,,,individual
C751754,Amen Tallal ben Sallem El,1990,EG,,,individual
C668914,Nasreen Ahmadi,,TJ,,,individual
C837119,Salmane Raniah,1971-03-04,TN,document,TN36587348,individual
C996073,Kamchatka Holdings Co,,AU,registration,REG-840387,entity
C376662,James M. Olson,1989-12-26,US,,,individual
C108948,Gao Xin,1978,TW,document,TW35793213,individual
C441052,Massoud Tabrezi,1993-02-24,TJ,,,individual
C381825,Yelena Petrovna Tkatchenko,,UA,,,individual
C497149,Mahsah Kermani,1984-03-28,EG,,,individual
C554488,Samer ElAmen,1966-11,AE,,,individual
C902428,Saadalla Ali,1950-11-14,LB,,,individual
C960012,Oleg Ivanovich Volkov,1983-03-25,BY,,,individual
C234573,Kamchatka Holdings S.A.,,TN,,,entity
C228937,Volga Aviation S.A.,,GB,,,entity
C600661,Crystal Metals,,GR,,,entity
C249110,Euphrates Steel Limited,,AE,,,entity
C159118,Abd Al Azeez AtTikreeti,1977-11,SA,,,individual
C703405,Anna Fedorowa,,KZ,,,individual
C391889,Hasen Mansour,,KW,,,individual
C796927,Hong Hai Pang,1985-09-15,HK,,,individual
C970358,Matt Schröder,1979-10-07,DE,,,individual
C650500,Farhed Hoseini,1979-08-24,GE,,,individual
C993671,سميرة سعد الله,1999-06-03,EG,,,individual
C433773,Zaynab Mansour,1954-05-22,TN,document,TN13329057,individual
C757425,Hussain b. Hamide Mansoure,1975-10,SA,,,individual
C389225,Maxim Zchaikowsky,1972-04-21,UA,,,individual
C493229,Mikhail Ivanov,,KZ,,,individual
C798209,Smithjones Suzy J.,1981,FR,,,individual
C615608,Mahsah Scheerazi,1960-09-11,GE,,,individual
C305014,Kate J. Le Fevre,1986-03-26,CA,,,individual
C353759,Chun Zhong Zeng,1995-03-22,TW,,,individual
C928577,Edward J. Nguyễn,1956-10-26,CA,,,individual
C818915,M/V Black Tide V,,GR,,,vessel
C488196,Reza Ghassimmi,1997-03-28,GE,,,individual
C114954,Rammeen Moradi,1998-04-02,TJ,,,individual
C268783,"Rostami, Kamrene",1952-10-04,GE,,,individual
C876309,Mehdi Moussavi,1989-06-06,TJ,,,individual
C483012,"Larsen, James A.",,US,,,individual
C851261,Francisco A. Bianchi,1954,MX,,,individual
C222526,Farhed Mohamadi,1986-08-28,GE,document,GE73377460,individual
C779700,Pepe A. van den Berg,,FR,,,individual
C180378,Tse Mei-De,,SG,,,individual
C650761,Fatimmih Yazdani,,GE,,,individual
C784626,Amer Salihi,1977-08-28,GE,,,individual
C241850,Zaynab Bakr,,KW,,,individual
C309055,Eastern Star Electronics LLC,,MX,,,entity
C767016,Bosphorus Construction Sociedad Anonima,,TW,,,entity
C421622,Meridian,,FR,registration,REG-388016,entity
C854687,Abdel Kareeme Hadade,1989,SA,,,individual
C229116,Zied El-Atar,1972-07-28,EG,,,individual
C578863,Pin-Ping Yeh,1997-11-01,HK,,,individual
C375706,Amena Abas,1961-05-01,KW,,,individual
C740146,Darja Smirnowa,1978,CN,,,individual
C333843,Valery Sokoloff,1990-05-23,BY,,,individual
C218615,Huang Jung,1975-06-08,CN,,,individual
C221002,Hudah Abas,,LB,,,individual
C670467,Mustafah Al Hashimy,1977-12,MA,,,individual
C758260,Sammy M. Muller,1989-09-09,DE,,,individual
C925476,An Ling Hsu,1961-09-04,SG,,,individual
C711187,Sergeiy Alexandrovich Tsoiy,1959,BY,,,individual
C437285,Schanna Andreewa,1970-05-26,BY,,,individual
C605606,Abdula Faris,1977,MA,,,individual
C861816,Ural Metals Free Zone Establishment,,MX,,,entity
C603487,MV Coral Reef III,,MH,,,vessel
C575085,Tung-Chun Chin,1999,TW,,,individual
C818697,Long Jing Chui,1978-03-13,SG,,,individual
C167093,Artiom Zaitsev,1969-03-19,UA,document,UA77247702,individual
C455891,Laylaah Kassim,1974-05-08,KW,,,individual
C957470,Levant Agro LLC,,SG,,,entity
C263210,Guo Cheng To,1976,HK,,,individual
C635267,Rammeen Tehrani,,TJ,,,individual
C534696,Zammani Zahrah,1961,GE,,,individual
C858806,Mikey J. Rodríguez,,FR,,,individual
C437381,Артём Кравченко,1953-10-28,GB,,,individual
C147274,Shahram Rahmani,1954,GE,document,GE66026533,individual
C764161,Zied Al Najar,,EG,,,individual
C185915,Abas Karem,1951-05,LB,,,individual
C150902,Rebecca A. Du Bois,1962-01-16,DE,,,individual
C434968,Nilloufar Mohamadi,1975-02-12,GE,,,individual
C732406,Vladimir Bondarenko,1983-04-08,BY,,,individual
C331055,Hisham Kasem,1998,LB,document,LB90256869,individual
C302582,De-Cheng Yuen,1969-04-09,TW,,,individual
C548012,Ying Song,1975-02-19,CN,,,individual
C130345,Altai Steel Joint Stock Company,,KW,,,entity
C241427,Fu Ko,1994-05-19,HK,,,individual
C688365,Unnamed hull,,MH,imo,IMO9204072,vessel
C500525,"Baghiri, Mahsah",1982-09-16,TJ,,,individual
C839252,MT Nordic Star Star,,MT,,,vessel
C880698,Christopher Fischer,,AU,,,individual
C455595,Bijen Sherazi,,GE,,,individual
C739575,Andrew M. Lindquist,,DE,,,individual
C688620,"Zaydi, Khallid",1961-05-22,GB,,,individual
C827073,Vessel Bosporus Alpha,,MT,imo,IMO9843746,vessel
C256874,ZAMZAM,,BY,registration,REG-870194,entity
C303812,MT Golden Anchor Star,,MH,,,vessel
C963780,Hanen An-Nagar,1950-05-08,TN,,,individual
C526426,Ma Fu Ning,,TW,,,individual
C123012,Anatoly Grishin,1995-10-02,BY,,,individual
C234284,Anna Fedorova,1958-01-09,UA,,,individual
C377196,Titan Group,,US,registration,REG-340222,entity
C291116,Marwen Shahen,,SA,,,individual
C626759,Parvez Ahmadi,,TJ,,,individual
C362869,Dmitriy Shevchenko,1950-06-15,EG,,,individual
C824071,Yenisei Shipping GmbH,,AE,,,entity
C296169,Pareessa Ahmadi,,GE,document,GE64220104,individual
C507020,Abduazez el-Douri,,EG,document,EG44562514,individual
C652074,Daniel A. Silva,,CA,,,individual
C158290,M/V Star of Aden III,,MT,,,vessel
C605869,Paoi Tang,1957-03-09,CN,,,individual
C679515,"Yasen, Sammeera b. Yasir",,AE,,,individual
C628005,Moradi Dariush,1996,TJ,,,individual
C891723,Ural Steel Co.,,GB,,,entity
C251889,Omeed Nazary,,GE,document,GE92466540,individual
C991383,Zhanna Zaitseva,1993-05-24,TJ,,,individual
C428295,Nordic Star II Express,,PA,,,vessel
C615973,Farahanie Saaid,,AU,,,individual
C180891,Kamchatka Technologies S.A.,,BY,,,entity
C896378,Hui-Ying Wu,1951-05-05,CN,,,individual
C227793,"Andersen, Robbie M.",1962-09-01,MX,,,individual
C982790,Maxim Nikolaevich Kovalenko,,UA,,,individual
C374837,Rich Novak,1961-09-19,GB,,,individual
C699599,Ning-Ning Lam,,TW,,,individual
C460882,Delta Aviation Co.,,TJ,,,entity
C924169,"Hadad, Nizar ibn Sammir",,AE,,,individual
C390075,Zenith Chemicals Limited,,BY,,,entity
C778135,Sinai Electronics,,TJ,,,entity
C914702,Salma b. Jamal Mansour,,SA,,,individual
C421008,Mariam as-Shamsi,,TN,,,individual
C238276,Semen Tsoiy,1960-01-17,TN,,,individual
C229734,Darya Ivanovna Shevchenko,1985,KZ,,,individual
C803387,"Sahara Pharma, Ltd.",,KW,,,entity
C905812,Jen Larsen,1995-06-06,FR,,,individual
C987811,Zamzam Investments Free Zone Establishment,,DE,,,entity
C932079,The Jade Dragon Freight G.m.b.H.,,AU,,,entity
C740041,HARBOR POINT CONSTRUCTION Ltd,,KZ,,,entity
C477088,Ko Chun-Hsiang,1996-06-11,SG,,,individual
C419909,Chi-Chun Ng,1955-02,CN,,,individual
C545745,Orion Minerals OAO,,BR,,,entity
C337908,Dallal bin Nizar Kanan,1989-07-18,EG,document,EG97251937,individual
C992737,Anastasya Novikova,1951-04-26,KZ,,,individual
C171370,Jim Pedersen,1988-09-11,DE,,,individual
C451745,Hamed Hossaini,1950-10-01,GE,,,individual
C135440,Ted Smith-Jones,1957-03-05,MX,,,individual
C236182,Harry M. Vanderberg,1965-10-04,DE,,,individual
C431814,Jenny Le Fevre,1954-10-19,BR,,,individual
C441261,Rezah Mohamadi,1969-09-05,TJ,,,individual
C615936,Mei-Chun He,,TW,,,individual
C906048,The Al-Bahr Shipping Free Zone Establishment,,MX,,,entity
C612035,Delta Queen III Spirit,,CY,,,vessel
C444776,Tallalle Darouishe,1953,EG,,,individual
C207135,Steven A. Smithjones,1965-12-09,FR,,,individual
C830542,Kwok An Pin,1958-08-17,SG,,,individual
C542596,Olga Nikolaeva,,BY,document,BY74099391,individual
C165240,Zaynab Al Farsi,1969-01-02,EG,,,individual
C494171,Bijen Yazdani,1994-01-09,TJ,,,individual
C298848,Farhed Jafari,1992-12-13,GE,,,individual
C614921,Yongyi Cai,1968-10-04,TW,,,individual
C197144,Johansen Theo M.,1980-06-25,US,,,individual
C294275,The Baltic Minerals AO,,KZ,,,entity
C428803,Chung-Hong Liang,1988-02-01,HK,,,individual
C413861,Kamchatka Technologies,,HK,,,entity
C727484,Victoria Sorensen,1980-01-26,MX,,,individual
C745807,Ali Hamden,,SA,,,individual
C210671,The Summit Technologies PJSC,,KW,,,entity
C815436,Dick Fisher,,CA,,,individual
C390511,To Te Fang,1951-08-08,SG,,,individual
C124389,Khadijah Qasem,1966,MA,,,individual
C275002,Anastasya Popowa,1979-06-03,GR,,,individual
C834283,Mick J. van den Berg,1950-09-01,AU,,,individual
C710051,"Harbor Point Chemicals, SA",,LB,,,entity
C372601,Stanislav Andreev,,GR,,,individual
C495373,Shahram Yazdani,1967,TJ,,,individual
C683381,Hui Chen,1984-10-03,CN,,,individual
C702728,Stanislaff Novikoff,1979-02-14,UA,,,individual
C375962,"Nguyễn, William M.",1991-12-12,DE,,,individual
C791666,"Andreeff, Mikhail",1993-01-06,BY,,,individual
C706417,Mortizah Rezaai,1992-07-16,GE,,,individual
C832068,Theodore J. Mueller,1992-12-02,FR,,,individual
C478348,Matthew Dubois,1976-08-19,DE,,,individual
C678538,"Bykow, Artiom",1975-11-20,KZ,,,individual
C985746,Kunhua Chen,1979-09-28,CN,,,individual
C641389,Omed Shirazie,1977,TJ,document,TJ80799086,individual
C479490,Keung Ning Chun,,SG,,,individual
C713540,Kavih Ahmadi,1956-03-25,TJ,,,individual
C351704,Andrey Vladimirovich Kiseliov,1981-02-10,UA,,,individual
C598284,Oleg Makarow,1962,GR,,,individual
C623085,Jennifer J. Müller,,GB,,,individual
C622405,Nordic Star,,MT,imo,IMO9764586,vessel
C989388,"Bondarenko, Timour",1955-01-01,KZ,,,individual
C728277,"Yasen, Anwar",,TN,,,individual
C150230,Tai Sheng,,TW,,,individual
C360184,Ming-Rong Sun,1977-01-20,SG,,,individual
C715479,"Chichkina, Yelena Petrovna",1966,KZ,,,individual
C371651,Nilloufar Hashimi,1964-04-28,GE,,,individual
C953705,Anna Sergeyevna Ivanova,,UA,,,individual
C928703,Sam Weiss,1991-01-01,DE,,,individual
C469665,Yenisei Freight,,BY,,,entity
C211623,Francisco Silva,1954-10-04,FR,,,individual
C342230,"Petrow, Maxim",1987-03-24,BY,,,individual
C214312,Nataliya Nikolaevna Grishina,,BY,,,individual
C968386,Hoo Yun,,TW,,,individual
C515699,Iron Duke Alpha,,GR,imo,IMO9726674,vessel
C684722,Alexander J. García,1951-05-28,GB,,,individual
C569094,Katherine Hernández,1959,MX,,,individual
C404445,Oleg Alexeevich Orlov,1997-07-26,GR,,,individual
C835196,Leilla Farahani,1963-11-10,TJ,,,individual
C230731,Cai Hui Ping,1983-01-27,SG,,,individual
C874426,Hossain Sallihi,1963-01-20,GE,,,individual
C243703,Grigory Alexeevich Bondarenko,1955-05-12,BY,,,individual
C958148,Mehdi Mohamadi,,TJ,,,individual
C110948,"Anderson, Rebecca J.",1998-02-09,GB,,,individual
C887925,The Yenisei Engineering Sociedad Anonima,,LB,,,entity
C698832,Tatiana Shevchenko,1979-07-23,UA,,,individual
C952048,Steven Schmidt,,CA,,,individual
C593998,Albatross Alpha,,PA,imo,IMO9930688,vessel
C112951,Blue Horizon Holdings S.A.,,AU,,,entity
C330361,Valentina Shishkina,1975-05-03,GR,,,individual
C909565,Ali Nassir,1994-10-13,TN,,,individual
C176082,James J. Hernandez,1989-01,AU,,,individual
C375203,Yuliya Ivanovna Popova,1986-01-10,GR,,,individual
C654046,Sapphire Metals FZ-LLC,,BR,,,entity
C871798,LEVANT PETROLEUM JSC,,GE,,,entity
C792657,Tatiana Chernova,1962-12-26,GR,,,individual
C480124,Mesopotamia Steel,,EG,,,entity
C952812,Te-Hsiao Peng,1955-01-12,SG,,,individual
C505815,Omeed Karemi,1958-01-11,TJ,,,individual
C778263,"Morozowa, Jelena Wladimirowna",1992-11-04,UA,,,individual
C720144,Al-Noor Textiles SA,,US,,,entity
C648982,Ivan Kiselev,,KZ,,,individual
C356480,Joe M. Rodríguez,1964-11-12,AU,,,individual
C415908,Javed Sherazi,1989-11-04,GE,,,individual
C711178,Chingpo Song,1989-04-20,CN,,,individual
C556253,Meg O Brien,,MX,,,individual
C870063,"Lotus Petroleum, Co",,CN,,,entity
C395986,Billy J. Hernández,1964-07-19,MX,,,individual
C621200,Chow Dong,1961-12-22,SG,,,individual
C299677,SUMMIT INDUSTRIES Sociedad Anonima,,DE,,,entity
C555791,Schahram Ahmadi,,GE,,,individual
C465675,Yip Hao-Zhi,,SG,,,individual
C316067,Rania Mansour,1963-03-25,SA,,,individual
C562390,شهرام رحمانی,1954,GE,,,individual
C612691,Dorothy M. Kowalsky,,GB,,,individual
C545098,Hao Xiao Wu,1959-12-25,CN,,,individual
C951206,Aishah ben Samer As-Saba,1953,SA,,,individual
C699833,Kun Ting Lo,1975-03-03,TW,,,individual
C224562,Mahsa Farahani,1998-01-23,TJ,,,individual
C869556,"Titan Chemicals, Inc",,CN,,,entity
C845622,Thomas Novak,1963-03-21,MX,,,individual
C250437,Jiang Jing,1959-01-04,HK,,,individual
C511654,Jose M. van den Berg,,BR,,,individual
C214243,The Grocer,,AU,,,individual
C893569,ZENITH FREIGHT PJSC,,GR,,,entity
C782864,"Lebedev, Maxim",1992-05-15,GR,,,individual
C970079,Susan J. de la Cruz,1972-02-09,FR,,,individual
C942387,Fang-Lei Cui,,HK,,,individual
C486232,Khalled b. Salim Ghanim,1963-01-28,KW,,,individual
C898538,Rashed Mansour,1977-09-12,KW,,,individual
C175780,Minchi Chang,1989-08-22,HK,,,individual
C330709,Stephen A. Johansen,1965-05-04,BR,document,BR79259393,individual
C638695,Ping-Hong Keung,1961-11-20,CN,,,individual
C800335,Freddie Van der Berg,,FR,,,individual
C917727,Tsai Lan,1987-08-23,SG,,,individual
C567615,"Hashimmi, Golnaz",1950-12-19,GE,,,individual
C542225,VOLGA ENERGY Co.,,AE,,,entity
C527841,Barbara J. O Brien,1989-11-23,GB,,,individual
C737874,Edward A. Sørensen,1999-05-24,MX,,,individual
C900900,Mehdi Rostammi,1975-03-20,TJ,,,individual
C377642,Ting Lei Chien,1956-03-08,SG,,,individual
C195585,Saed Hamdan,,LB,,,individual
C307940,Titan Metals,,SA,,,entity
C531174,Baltic Holdings Sociedad Anonima,,JO,,,entity
C436145,Babak Akbari,1995,GE,,,individual
C316254,Siavash Mousavi,1972-08-28,GE,,,individual
C204524,Kamren Kareemi,1989-09-03,TJ,,,individual
C398012,"Karemmi, Bijen",1963-12-28,TJ,,,individual
C756740,Anping Ma,1986-06-22,HK,,,individual
C501893,"Al-Jabouri, Aisha",1997,EG,,,individual
C377276,Kairong Zhang,,TW,,,individual
C357316,"Faris, Hasen",1977-01-04,EG,,,individual
C730615,Samuel J. Lindquist,1995-10-17,BR,,,individual
C264978,Hong Fan,1979,HK,,,individual
C278836,Dong He,1961-09-11,SG,,,individual
C955546,Omed Mohammadi,,TJ,,,individual
C780543,Tigris Energy Ltd,,GR,,,entity
C567013,Timur Petrovich Grishin,1987-04-25,GR,,,individual
C745827,Peng Ying,,SG,,,individual
C407058,Elizaveta Grishina,,BY,,,individual
C903767,Abdollah Khateb,1951-09-09,EG,,,individual
C603313,Stanislav Stepanov,,UA,document,UA89267547,individual
C880412,Lau Lan,1983-04-26,SG,,,individual
C769093,"Bykov, Evgeny Vladimirovich",1963-02-22,BY,,,individual
C149512,Weiß Ted J.,1958-02,MX,,,individual
C702989,Laila Ahmady,1993-04-05,GE,,,individual
C479608,Paressah Mousavi,1982-05-27,GE,,,individual
C333919,Zamzam Pharma SA,,UA,,,entity
C337358,"Tigris Trading, L.L.C.",,DE,,,entity
C715007,Yong-Na Tang,,HK,,,individual
C778747,Fahd Taha,,TN,document,TN26746826,individual
C840575,Oleg Nikolaevich Smirnov,1969-07,GR,,,individual
C491334,Majeed Yasin,1987,TN,document,TN21563468,individual
C622028,Sheng Chun Liu,1985-10-10,TW,,,individual
C116933,Ng Tao,1973-05-18,TW,,,individual
C836746,Parisah Nazari,1965-02-25,TJ,,,individual
C820514,Theodore M. Schroeder,,FR,document,FR68372955,individual
C363084,Zeng Qiang,1981-04-08,SA,,,individual
C660460,Katherine J. Petersen,1986,US,,,individual
C960407,Ching Chien Sum,1977,TW,,,individual
C890396,Viktorya Petrovna Bondarenko,1991-10-27,KZ,,,individual
C656895,"Yenisei Technologies, JSC",,AU,,,entity
C816294,Hudah b. Adnen Shaheen,1956,MA,,,individual
C701615,Hammeed b. Jammal Shahen,,MA,,,individual
C442607,Peng Pingpin,1988-02-12,HK,,,individual
C341644,MV Aurora Star,,CY,,,vessel
C135299,Mikhail Alexeevich Stepanov,1986-03-04,KZ,,,individual
C398998,"Sallihi, Maryam",1970,TJ,,,individual
C150934,Parvez Kermani,,GE,,,individual
C382055,Hammed Nazari,1977-10-09,GE,,,individual
C487566,Nataliya Mikhailovna Yegoroffa,1962-10-15,KZ,,,individual
C389568,"Ghasimi, Kamren",,TJ,document,TJ42351015,individual
C276690,Caspian Technologies SA,,EG,,,entity
C917113,CRYSTAL FREIGHT FZE,,FR,,,entity
C390198,Becca Smith Jones,1954,US,,,individual
C789163,Sinai Petroleum Co,,GE,,,entity
C879999,Kai-Chung Tsao,1959-02-18,CN,,,individual
C273386,Dariush Mahmoudi,1977-06-21,GE,,,individual
C842205,Raniah el-Farsi,1951-04-24,AE,,,individual
C380375,"Mansour, Tallal",1991-11-28,LB,,,individual
C360692,Jen Fisher,1992-02-27,CA,,,individual
C912847,Vladimir Smirnov,,FR,,,individual
C440973,Ming Xin Zeng,1959-10-25,SG,,,individual
C240134,SAPPHIRE TRADING Inc,,FR,,,entity
C619887,Rui-Bin Cao,1953-12-10,TW,,,individual
C191583,Ed A. Lefèvre,1970,BR,,,individual
C480834,"al-Zahrani, Wallid",1982-02-25,SA,,,individual
C466256,Feng Hong Ying,1965,TW,,,individual
C823970,Konstantin Ivanovich Kiselev,1993-01-21,KZ,,,individual
C305004,Lo Ting-Zhong,1972-01-07,HK,,,individual
C259521,Dariush Mousavi,1957-04-25,GE,,,individual
C759955,Nour ElAtar,,AE,,,individual
C768482,Sammer Hamden,1993,TN,,,individual
C263574,Rami El Douri,1962-01-03,MA,,,individual
C387698,Amen Sameerah El,1968-06-09,TN,,,individual
C419009,Altai Holdings Co,,TW,registration,REG-514303,entity
C193911,Rania bin Omare Khourye,1979-01-07,TN,,,individual
C458528,"Schmidt, Pepe A.",,MX,,,individual
C122489,Aisha Awed,1991,TN,,,individual
C451874,Mohsin Tehrani,1983-05,GE,,,individual
C977255,"Taha, Rasheed",,LB,,,individual
C812618,Saede Zaydi,,MA,,,individual
C101675,Yasir bin Jamal Darwesh,1971-03-05,MA,,,individual
C154627,Poon Yan,1963-09-09,TW,,,individual
C525908,Wang Tiencheng,1960-02-21,BR,,,individual
C611042,Xie Yuna,,SG,,,individual
C192581,Rui-Rong Chan,1951-11-07,TW,,,individual
C614031,Zied El-Khateb,1975-02-22,AE,document,AE50852858,individual
C834976,Zahrah Baghiri,1956-05-05,GE,,,individual
C894305,Hosain Djafari,1997-07-23,TJ,document,TJ44960121,individual
C865044,Ismaille AsSabah,1990-10-24,EG,,,individual
C950864,Khoury Marwen,1985-12-03,EG,,,individual
C533860,Dai Qiang,1962-08-03,SG,,,individual
C437095,Stanislaw Petrovicz Shevczenko,,UA,,,individual
C238807,Mahmoudi Massoud,1979-12-18,TJ,,,individual
C248212,Nasrene Cherazi,,TJ,,,individual
C942311,Saed b. Fahd El-Farsi,1966,TN,,,individual
C285394,Ting Hsiang Faan,,HK,,,individual
C561791,Mortiza Kermani,1961-08-08,TJ,,,individual
C568858,Yussof Taha,1978-05,MA,,,individual
C701689,Sadighi Massoud,1974-08-12,GE,,,individual
C891079,Bin-Bo Li,1963-06-02,HK,,,individual
C155036,Ruslan Shukow,1970-01,BY,,,individual
C978548,Michael Mayer,1975-07-24,CA,,,individual
C287803,Pavel Petrovich Stepanov,1983-06-27,KZ,,,individual
C858741,Farhade Rahemi,,TJ,,,individual
C192990,Tarek ibn Faysal Salih,1981,TN,,,individual
C208524,"Kovalenko, Leonid",1985-06-19,KZ,,,individual
C364188,Omar Ghanim,,TN,,,individual
C897720,Lady Fortune IV Express,,PA,,,vessel
C406226,Hammed Sallihi,1994-04-14,GE,,,individual
C404652,Jenny J. Schröder,1974-11-09,GB,,,individual
C391835,Ning Cui,1963-10-04,SG,,,individual
C610652,Evgeny Yashin,1971-12-19,UA,,,individual
C532992,Chiu De-Tung,1970-09,TW,,,individual
C905175,Ma Qiang,1988-10-20,CN,,,individual
C505318,Arash Tehrani,1969,TJ,,,individual
C281450,MV Silver Lining IV,,MH,,,vessel
C658201,Al-Noor Import Export LLC,,MX,,,entity
C733771,Talal ibn Ismayle El Tikreti,1954-04-03,TN,,,individual
C563124,Jing-Kun Chan,,CN,document,CN15674204,individual
C124292,Hosain Esfahani,,GE,document,GE76492233,individual
C595835,Fahd Barakat,1959-08-07,JO,,,individual
C325966,Housein ibn Anouare Sallih,,EG,,,individual
C949875,"Fischer, Joseph",,BR,,,individual
C124298,Xander M. Schmidt,,US,,,individual
C741485,AL-NOOR TECHNOLOGIES Limited Liability Company,,HK,,,entity
C634520,Sea Lion One,,MT,,,vessel
C709239,Tao Ho,1984-02-06,HK,,,individual
C725437,Cheung Kai,1965-10-27,HK,,,individual
C835485,Reza Rahemmi,1986-04,GE,,,individual
C802249,Sun Detao,1956-05-05,SG,,,individual
C523334,Lei Du,1958,CN,,,individual
C112180,"Koslow, Dmitrij",,BY,,,individual
C872127,Camrane Nazari,,GE,,,individual
C243832,Nadezhda Belousova,1999-04-28,UA,,,individual
C847716,Oxana Smirnova,1979-06-23,UA,,,individual
C566695,Zied Hamden,1978-12-05,SA,,,individual
C658222,Leonid Grishin,,BY,document,BY83445875,individual
C625147,Javed Rezai,1975,TJ,,,individual
C588884,Siavash Rezai,,GE,,,individual
C648246,Nataliya Fedorova,1990-11-24,KZ,,,individual
C267052,Mahmoud Salmen,1965-12-22,EG,,,individual
C155435,Xiao Chow,,SG,,,individual
C994530,Zenith Holdings Company,,US,,,entity
C927886,Tse Ling Jung,1959-07-10,CN,,,individual
C793947,Min-Hua Liang,1966-02-17,TW,,,individual
C656700,Stanislav Tsvetkov,1993-09,KZ,,,individual
C566462,Chih Pan,,SG,,,individual
C401050,Naser Abdel Azeez,,LB,,,individual
C329489,Mustafah Mansour,1990-07-20,KW,,,individual
C197278,Hsia Gui Ng,1961,CN,,,individual
C139185,Wei Kun Chen,1958-07-08,SG,,,individual
C738035,Masoud Ebraheemmi,1970-10-28,TJ,,,individual
C881416,Timour Vladimirovitch Bondarenko,1977-10-16,BY,,,individual
C989002,Cai Cheng,1992,TW,,,individual
C290313,Meyer Steve M.,1952-09-16,FR,,,individual
C988000,PAMIR PHARMA L.L.C.,,US,,,entity
C459775,Salmah Al-Khateb,1970-01-05,TN,,,individual
C550163,The Amber Aviation Corporation,,HK,,,entity
C672781,Xu Xin,,HK,,,individual
C789709,Jose A. Andersen,1973-10-12,US,,,individual
C683195,"Volga Holdings, S.A.",,TN,,,entity
C158277,Kamren Mohamadi,,GE,document,GE54493126,individual
C310379,Jie Chow,1957-06,SG,,,individual
C186795,هشام شاهين,,JO,,,individual
C797700,Jiang Chengzhi,1993-09-23,SG,,,individual
C704785,Faysal Ghanim,1970-08-22,KW,,,individual
C240807,Alexeiy Morozov,,BY,,,individual
C961697,Chiang Hsin Feng,1994-11,TW,,,individual
C665947,Kuo Lan-Hsia,1953-10-20,TW,,,individual
C416285,Mikey Kowalski,1961-08-11,US,,,individual
C967025,M/V Lady Fortune II,,CY,,,vessel
C493706,Kang Chow,1994-11-07,HK,,,individual
C455772,"AlHashimie, Hamzah",,KW,,,individual
C791974,Viktorya Stepanova,1957-05,BY,,,individual
C489965,Bashare bin Walide Qassim,1988-07-07,GB,,,individual
C150749,Abdolah Bakr,,AE,,,individual
C864981,"Semionov, Dmitriy Petrovich",1966,HK,,,individual
C284905,Roman Orlov,,BY,,,individual
C226180,Wu Xiang Bin,1994-02-14,SG,,,individual
C886917,Kamchatka Agro GmbH,,DE,,,entity
C237970,Denis Petrovich Yashin,1976,AE,,,individual
C472031,Parissah Haschimi,1968-01-17,GE,,,individual
C263176,Walled Shahen,1986-05,SA,,,individual
C200158,Aisha Mahdi,1957-03-14,TN,,,individual
C183260,Onyx Textiles FZ-LLC,,DE,,,entity
C291263,Falcon Bay II Trader,,LR,,,vessel
C630060,Du Guirui,,CN,,,individual
C896588,Adnen Salmen,,MA,,,individual
C823058,Галина Жукова,1983-04-05,UA,,,individual
C836874,Edward Schmitt,,MX,,,individual
C174031,"Nazari, Paressa",1959-05-24,GE,,,individual
C358717,Hashimmi Maryam,1952-03-01,GE,,,individual
C729378,Gui Lan Chan,1966-11-15,TW,,,individual
C305180,Onyx Textiles Limited,,CN,,,entity
C591148,Babak Karemi,1971-04,GE,,,individual
C442679,Saaid Rezai,1979-02-18,GE,,,individual
C304255,Victoria J. Ferreira,,CA,,,individual
C979982,Ibraheem ElTikreti,1970-01-28,AE,,,individual
C282772,Rezah Mahmoudi,,GE,document,GE99682282,individual
C585809,Pamir Electronics Limited,,SA,,,entity
C140474,"El-Sabah, Zaynab",1954-01,LB,,,individual
C602827,Lyudmila Kozlova,1988-07-17,BY,,,individual
C967948,Salmah b. Ahmed Salleh,1995-04-07,AE,,,individual
C365636,Phoenix Energy,,BR,,,entity
C359344,Nicholas J. Larsen,,AU,,,individual
C288430,Rammeen Rezai,1978-02-27,GE,,,individual
C360560,Khallide Azeze,,EG,,,individual
C786645,Mah Hua Pin,1978-01-08,CN,,,individual
C512254,Mah Wen-Po,1954-12,SG,,,individual
C121728,Ahmed Hakem,1991,MA,,,individual
C163792,M. Yazdani,,GE,document,GE18790473,individual
C604731,Kai-Chun Luo,1986-04-03,SG,,,individual
C662839,Falcon Technologies Ltd.,,TN,,,entity
C511743,Henry Rodrigues,1974,BR,,,individual
C579231,Rebecca Novak,1989,DE,,,individual
C531018,Damavand Trading,,KW,,,entity
C133091,Sapphire Steel Free Zone Establishment,,GB,,,entity
C715782,Titan Steel Co.,,CA,,,entity
C506475,Yury Tzoi,1978-12,BY,,,individual
C987400,Mustafah Shaheen,1957-09-04,TN,,,individual
C244896,Rahmani Omed,,GE,,,individual
C746933,AL-HIJAZ TRADING G.m.b.H.,,TJ,,,entity
C328595,Muhamed Mansour,,KW,,,individual
C211912,"Rezaai, Shahram",1985,GE,,,individual
C175754,Mustafa Salmen,1984-07-04,EG,,,individual
C839223,Ismayl ibn Billaal Darweesh,1988,KW,,,individual
C417263,Dong Wen Dang,1995-07-17,SG,,,individual
C444999,"Kareemmi, Fatemeh",1971-06-21,TJ,,,individual
C196379,Nabeel Faris,1949,MA,,,individual
C620943,Ben A. Nguyễn,1971-07-17,GB,,,individual
C171881,Ying Ting Peng,1970-04-15,TW,,,individual
C364025,Pamir Maritime Joint Stock Company,,JO,,,entity
C892733,Abu Fadi,,GE,,,individual
C268256,"Sallihi, Parvez",1970,TJ,document,TJ33681885,individual
C455400,Samerah Bakr,1957-10-14,AE,,,individual
C366705,Hossain Sherazi,1990-06-17,GE,,,individual
C282817,Lee Ching Kai,,TW,,,individual
C413153,Will A. Schröder,,BR,,,individual
C403350,Viktor Nikolaevich Chernov,1997,UA,,,individual
C189489,Hajji Omar,,US,,,individual
C979488,Han Ping Hsiang,1995-06-05,SG,,,individual
C723946,Yong He,1990-11-27,CN,,,individual
C966358,The Tailor,,US,,,individual
C550993,"Shtcherbakov, Alexandr",1992,KZ,,,individual
C432752,Amer Mahmoudi,1981-01-12,GE,document,GE80798244,individual
C696249,Feng Ning,1994-02-15,TW,,,individual
C427182,Swetlana Shukowa,,UA,,,individual
C142770,Dmitriy Nikolaevich Pavlov,1961-09-16,GR,,,individual
C577806,Sheereen Karimmi,1978-09-06,GE,,,individual
C821478,Pareesa Farahani,1992,TJ,,,individual
C357029,"Nazari, Omed",1961-01-14,GE,,,individual
C915248,Wallid Zaidy,1986-01-14,MA,,,individual
C680660,Tsao Chun-Jung,1997-09,HK,,,individual
C966460,Muhammed ben Abdul Rahmen Hakem,1995-03-10,LB,,,individual
C185208,Maryam Tabrezi,,TJ,,,individual
C151317,M/T Atlantic Hope Star,,CY,,,vessel
C409694,Wei-Yu Chang,,CN,,,individual
C494661,Sheereen Sherazi,1968-09-04,GE,,,individual
C772834,Hon Kuei-Hong,1959-12,SG,,,individual
C818416,Ye Qi-Ning,,SG,,,individual
C429074,Parissa Moradi,1965-06-24,CN,,,individual
C169940,"Semenov, Vasily",1998,UA,,,individual
C993211,Lan Ng,1974-04-28,SG,,,individual
C781839,Oleg Sergeyevich Shishkin,1985-06-22,GR,,,individual
C134099,Masoud Farahani,,GE,,,individual
C267730,Saeede Farese,,AE,document,AE69388702,individual
C589339,MV Baltic Swan II,,LR,,,vessel
C451102,Parveez Rezaai,1993-03-25,GE,,,individual
C318942,Orion Steel Corp.,,SA,,,entity
C870454,Lyoudmila Vladimirovna Petroffa,,US,,,individual
C483529,Pamir Metals Ltd,,KW,,,entity
C651099,Hsia Chou,1950-04-19,SG,,,individual
C560774,Chiang Fu,1958-12-17,SG,,,individual
C118262,Min Fan,1965-08-11,SG,,,individual
C203863,Nasren Salihi,1967-11-16,TJ,,,individual
C130751,LOTUS IMPORT EXPORT FZE,,HK,,,entity
C517025,Jamie A. Fischer,1952-02-21,MX,document,MX39118639,individual
C213559,Billal Qassim,1989-12-24,SA,,,individual
C844415,Siavash Hashemmi,1998-05-18,GE,,,individual
C595923,Anna Vladimirovna Orlova,1988,GR,document,GR90058773,individual
C665962,Saed Abas,1988-08-22,LB,document,LB87971907,individual
C372248,MT Pacific Glory III,,CY,,,vessel
C518351,Saed bin Anwar as-Saba,1976-08,AE,,,individual
C452981,Vessel Crimson Dawn Alpha,,SG,imo,IMO9354597,vessel
C340987,Bilal Yasen,1952-02-14,SA,,,individual
C696349,Vasily Fedorov,,US,,,individual
C771884,Zhi Liu,1995-12,SG,,,individual
C645928,Nour Al Shamsi,1985-02-27,TN,,,individual
C391502,Mohsin Mousavie,,GE,document,GE22343658,individual
C630790,Valentina Sergeyevna Tkachenko,1978-05-11,BY,,,individual
C456777,Hsiana Lu,1995-02-23,CN,,,individual
C136077,Babak Esfahani,1979-11-05,GE,,,individual
C252744,M/T Albatross Star,,GR,,,vessel
C727753,Sergey Ivanovich Zaitsev,,BY,,,individual
C540240,Layla As-Saba,1959-10-27,CN,,,individual
C562455,Nicholas M. van den Berg,1965-09-04,US,,,individual
C665489,"Kouznetzoff, Denis",1965,GR,,,individual
C501931,Timur Semenov,1990,BY,,,individual
C550390,Chris J. Hernández,1998-05-06,AU,,,individual
C722159,Pavel Nikolaevich Tsoiy,1952,UA,,,individual
C878396,Eastern Star Textiles Corp,,JO,,,entity
C167212,M/V Golden Wave Queen,,PA,,,vessel
C897269,"Silva, Henry M. Da",1967-10-02,MX,,,individual
C281598,Ma Juei,,CN,,,individual
C765149,Guo Jiang,,CN,,,individual
C361702,"Northern Lights Pharma, Joint Stock Company",,GB,,,entity
C514917,Bois Nicolas M. Du,1998-12-09,AU,,,individual
C181075,Gennady Yashin,,EG,,,individual
C195357,Anatoly Sergeyevich Stepanov,1980-09-27,GR,,,individual
C947243,Housein ben Mouhammade Sadala,1988-11-20,AE,,,individual
C834060,William A. Du Bois,,AU,,,individual
C367329,"Lebedev, Semen",1992,KZ,,,individual
C200688,Liu Tien,1992-08-10,HK,,,individual
C958848,Aral Maritime GmbH,,TJ,,,entity
C861412,FALCON ELECTRONICS OAO,,TW,,,entity
C465927,Mesopotamia Shipping Sociedad Anonima,,BY,,,entity
C830622,"Onyx Construction, G.m.b.H.",,BY,,,entity
C511421,"Lindkvist, Dot A.",1966-03-21,GB,,,individual
C968878,Crystal Pharma,,LB,,,entity
C854058,Wu Yongchun,1999-10-20,CN,,,individual
C346379,Darya Yakovleva,1978,UA,,,individual
C117171,Faysal as-Saba,1969-03-18,MA,,,individual
C673343,"Shishkin, Leonid Mikhailovich",,GR,,,individual
C342131,Abdulah El-Najar,1967-10-10,LB,,,individual
C417297,Te Chu,1999-02,TW,,,individual
C443009,Samire Barakate,1984-04-28,KW,,,individual
C132228,Benjamin Hernandez,1985-07-04,CA,,,individual
C425107,Roman Stepanov,1959-07-05,UA,,,individual
C666056,Weis Rebecca,,FR,,,individual
C487373,Yong Kuei Chu,,TW,,,individual
C420373,Siavash Ahmadi,1952-05-20,TJ,,,individual
C337486,M/T Sea Breeze II,,GR,,,vessel
C112055,Mahsa Rezai,1985,GE,,,individual
C125007,Marwan b. Rammie Zaidie,1998-01-14,SA,,,individual
C489475,Chien Ching,,CN,,,individual
C963790,Sapphire Steel Inc,,TJ,,,entity
C999030,Kammal Zahrani,,SA,,,individual
C440894,Faysal Al-Amen,1969-12,LB,,,individual
C616041,Yumei Wang,1988-08-12,TW,,,individual
C130316,Fahd Tahah,1985-11-03,TN,,,individual
C704405,The Sahara Energy GmbH,,CA,,,entity
C104331,Michael A. Novak,1952-05-05,BR,,,individual
C319931,Fatimih Rostammi,1989-04-13,GE,,,individual
C786815,ZAGROS PHARMA Corp.,,BR,,,entity
C576070,Anwar el-Saba,1966,SA,,,individual
C494842,Arkady Mikhailovich Bondarenko,1985-01-27,KZ,,,individual
C559633,Muller Elizabeth J.,1979-08-03,BR,,,individual
C395490,Sheren Raheemi,1989-01-04,TJ,,,individual
C422205,Bijen Rostammi,1985-06-28,GE,,,individual
C605359,Doctor,,CN,,,individual
C515918,Bin Zhu,,TW,,,individual
C489470,Khateb Salma ibn Hisham El,1993-12-06,SA,,,individual
C362196,Sheren Jafari,,MX,,,individual
C640595,Irina Ivanova,1956-03-03,KZ,,,individual
C382883,Karakum Construction SA,,AE,,,entity
C204016,Mortizah Yazdani,1990-08,GE,,,individual
C834875,Sinai Engineering,,TN,,,entity
C589261,Kanghai Hsieh,,HK,,,individual
C924026,Sheng-Chi Wong,1998-08-25,HK,,,individual
C827367,M/V Albatross V,,GR,,,vessel
C679460,DAMAVAND CONSTRUCTION Inc.,,KW,,,entity
C333308,Red Sea Holdings Co,,LB,registration,REG-665549,entity
C421652,Paco M. Garcia,1968-03-23,MX,,,individual
C317110,Anwar Darweesh,1990-04-13,MA,,,individual
C558928,John A. Du Bois,,BR,,,individual
C413716,Marina Mikhailovna Ivanova,1965-11-15,KZ,,,individual
C176678,Northern Lights Energy Company,,TW,,,entity
C320036,Maryaam Rahimmi,,TJ,,,individual
C201666,Madscheed Kanaen,1983-11-14,LB,,,individual
C346327,Bosphorus Logistics Ltd.,,AE,,,entity
C584472,Hudah ben Omar Douri,1986-09,AE,,,individual
C741148,Mortizah Kermani,1953-08-07,TJ,,,individual
C686578,"Fisher, Rob A.",,AU,,,individual
C426262,Olga Bondarenko,,KZ,,,individual
C369344,Sheng Sheng Sung,,HK,,,individual
C833258,Timur Zaitsev,1993-07-10,GR,,,individual
C488866,Vessel Amber Sky,,SG,imo,IMO9753360,vessel
C791728,"Zaicew, Gennady",1997-07,UA,,,individual
C800165,Feng I Kuei,1954-08-17,CN,,,individual
C216018,Hasan Al Saba,1960-03,SA,,,individual
C565149,Rebecca Novak,,BR,,,individual
C711149,Salma Shahen,1965-01-03,JO,,,individual
C309372,"Andreev, Fedor",,BY,,,individual
C446769,Farhed Jafari,,GE,,,individual
C242899,Sue M. MacDonald,1967,MX,,,individual
C557160,Lindkvist Xander,,BR,,,individual
C460075,Hammeede Hosaini,1961-04-24,TJ,,,individual
C509356,Mahsah Hachemi,1983,TJ,,,individual
C405993,Sasha A. Hernández,1968-12-10,DE,,,individual
C787368,Mehdie Sallihi,1977-01-02,TJ,,,individual
C726095,Delta Logistics Ltd.,,TW,,,entity
C939779,Babaak Kermany,1950-11-15,GE,,,individual
C926388,SINAI ENERGY Limited Liability Company,,TN,,,entity
C565445,Valentina Sergeyevna Chaikovskaya,,GR,,,individual
C108589,Tsai Hsiao,1955-08-09,CN,,,individual
C675551,"Orlow, Walery",2000,KZ,,,individual
C738440,Susan Larson,1981-04-23,DE,,,individual
C888552,Awaad Rashed,,AE,,,individual
C254263,Khalled ben Abdol Rahman Darwesh,1994-01-08,JO,,,individual
C221451,Mortezah Ghassemmi,2000-03-26,GE,,,individual
C241328,Galina Stepanova,1959-12-03,KZ,,,individual
C246805,Frederick J. Petersen,1973-11-10,US,,,individual
C125930,Anthony A. Johansson,,FR,,,individual
C872020,"Kermani, Shahram",1991-09-04,GE,,,individual
C569846,Dorothy Pedersen,,BR,,,individual
C568259,Silver Crest II Express,,MH,,,vessel
C831348,Andrey Shcherbakov,1958-08-09,BY,,,individual
C491218,Amer Ahmadi,1966,TJ,,,individual
C291369,Fevre Freddie Le,1990-04-17,GB,,,individual
C850837,Vasily Vladimirovich Kuznetsov,1981-03-01,KZ,,,individual
C276041,Salem b. Bashar Nasir,1993-05-13,TN,,,individual
C707492,Hamza ibn Yussof Ghanim,1953-07-26,AE,,,individual
C456172,Hisham Kassim,1998,LB,,,individual
C334941,Kanan Khadeeja,,AE,,,individual
C435681,Zhi Min Chui,1985-08-19,CN,,,individual
C788545,Hui Pan,1989,TW,,,individual
C590746,Abd al-Azez Al Jabouri,1974,MA,,,individual
C486062,Susan A. Lindqvist,1955-03-18,GB,,,individual
C334282,Vyacheslav Zhukov,1996-08-28,KZ,,,individual
C914745,Emerald Bay Energy SA,,LB,,,entity
C900138,Viktorya Shishkina,1964-01-21,UA,,,individual
C477950,Timur Ivanovich Kovalenko,1999-04-13,BY,,,individual
C347005,Reza Karemmi,,TJ,,,individual
C187565,Samuel Schroeder,1950-05-07,CA,,,individual
C366775,Omed Rezai,,GE,,,individual
C731552,Ying-Jun Shen,1976-02-02,HK,,,individual
C553850,M/V Golden Wave,,LR,,,vessel
C704702,Feng Song,1964-08-09,TW,document,TW79724689,individual
C239707,Hajji Omar,1956-06-03,TJ,,,individual
C729627,Zaydi Khalleed,1961-07,JO,,,individual
C521354,Bosphorus Import Export Ltd,,DE,,,entity
C103502,Anthony Kowalski,1959-03-22,AU,,,individual
C782180,Abu Nabil,1968-11-25,GE,,,individual
C637290,AMBER,,GR,registration,REG-889153,entity
C170550,Tori Ferreyra,1979-02,DE,,,individual
C530839,Tse Min,1959-08-19,HK,,,individual
C329413,As-Sayid Nizar,,CA,,,individual
C781422,"Akbari, Zahra",1982-05-09,TJ,,,individual
C769462,Zhang Zhong Xia,1955-06-09,CN,,,individual
C641640,Zhao An,1972-02-10,TW,,,individual
C901325,Wenlan He,1950-10-24,HK,,,individual
C536631,Valery Shishkin,1997-04-01,BY,,,individual
C951427,Gang-Yan Liang,1961-11-24,SG,,,individual
C469951,Tai Kuei,1968-11-20,TW,,,individual
C702914,"al-Khateb, Rania",1963-01-18,SA,document,SA10907810,individual
C234928,Salleem ElHashemmi,1994-03-21,SA,,,individual
C139868,Damavand Holdings Ltd,,DE,,,entity
C131354,Дмитрий Орлов,1958-08-21,BY,,,individual
C161718,"Krawczenko, Alexandr",1978-01-12,UA,,,individual
C684596,Egorow Ruslan,,KZ,,,individual
C818575,"Zagros Trading, FZE",,SA,,,entity
C536807,Euphrates Steel,,FR,,,entity
C768002,Karakum Textiles S.A.,,LB,,,entity
C560459,Mortiza Tehrani,1980-05-23,TJ,,,individual
C848695,Ting Ting Yang,1997-09-13,TW,document,TW37908790,individual
C849073,Abdul Azez at-Tikreti,1981-04,SA,,,individual
C225317,Hassaan Zaydi,1974-09-05,JO,,,individual
C735270,Ching Fang Tseng,,CN,,,individual
C416128,Andrey Orlov,1981,BY,,,individual
C593262,Zagros Industries Co.,,JO,,,entity
C126843,Abd el-Azeez Az-Zahrani,1996-05-21,AE,,,individual
C560696,Yasen Hudah b. Nizar,1955-07-07,KW,,,individual
C280525,"Barakat, Rania",1954-07-24,SA,,,individual
C789530,Alexander M. Du Bois,1982-04-15,GB,,,individual
C671509,Nour Haded,1952-01-22,MA,,,individual
C553163,Matthew Muller,1962-05-12,FR,,,individual
C588885,Delta Maritime,,GE,,,entity
C306701,MV Kestrel III,,MT,,,vessel
C327785,Anna Vladimirovna Chaikovskaya,,UA,,,individual
C325117,Ning Tang,1960-07-01,TW,,,individual
C315914,Galina Kouznetsova,1964-09-25,KZ,,,individual
C232483,The Caspian Pharma Free Zone Establishment,,US,,,entity
C249195,Rebecca A. Dubois,1987-01-26,MX,,,individual
C325939,"Kravtchenko, Galina Vladimirovna",,KZ,,,individual
C195310,Mei Poon,1977-04-02,HK,,,individual
C389817,Yuan Ping Hua,1961-08-15,SG,,,individual
C165806,Garcia Steven,1984-03-14,AU,,,individual
C573180,Luo Baoxia,1994-05-21,UA,,,individual
C445947,Al-Noor International,,LB,registration,REG-840013,entity
C831809,Golnaz Ghassemmi,1951-07-16,GE,,,individual
C742762,Adnane Aouade,1994-07-08,TN,,,individual
C863586,Anastasya Petrovna Fedorova,1965-06-17,GR,,,individual
C922836,Mariya Bondarenko,1993,BY,,,individual
C705964,Fahd Khoury,1978-05-01,JO,,,individual
C478343,Fahd Al-Atar,1964-05-23,TN,document,TN20246382,individual
C999753,Samuel J. Fernandez,1986-05-07,FR,,,individual
C991337,Nizare ibn Khaleed Hakime,2000-11-03,BY,,,individual
C739372,Qiang-Chi Chui,,TW,,,individual
C478186,el-Sabahe Rammi,1998-09-05,MA,,,individual
C374921,Vasily Chaikovsky,2000,GR,,,individual
C981317,Onyx Technologies,,SG,,,entity
C374398,Green Meadow,,GR,imo,IMO9619703,vessel
C978776,Nikolaiy Semionow,1979-05-24,BY,,,individual
C737570,Night Hawk II,,LR,,,vessel
C684478,Kavih Mohammadi,1989-02-04,GE,,,individual
C558203,Tarek El Douri,1991-05-25,MA,,,individual
C986631,"Kowalsky, Matthew J.",1971,FR,,,individual
C263666,Ali ElKhateb,1969-05-20,SA,,,individual
C811990,Maryame Hachimi,1985-03-28,GE,,,individual
C458296,Hossein Tehrani,1961-08-18,GE,,,individual
C597031,Schmidt Matthew,1972,GB,,,individual
C472752,Roman Mihailovich Semjonow,1978-03-13,BY,,,individual
C572003,Stephen M. Nowak,1968,DE,,,individual
C199270,Nilloufar Ahmadi,1972-05-03,MX,,,individual
C998637,Daniel A. Lefèvre,1956-03-13,GB,,,individual
C803188,Anna Sergeyevna Sokolova,2000-03-22,GR,,,individual
C445588,Xiajie Chen,1966-02-15,SG,,,individual
C316671,Shen Wei-Xiang,1974-05-28,CN,,,individual
C358464,MV Tiger Lily Star,,MT,imo,IMO9159992,vessel
C233079,Denis Zhukov,1968-10-25,UA,,,individual
C386562,Lee Chi,1984-10-15,HK,,,individual
C327864,Ibrahem Hadad,1994-01-28,SA,,,individual
C527001,Alexandr Tsoiy,,KZ,,,individual
C681041,Tsui Long-Shan,1975-12-24,TW,,,individual
C242482,Rezah Moradi,1995-01-01,TJ,,,individual
C281025,"Pavloff, Artem Mikhailovitch",,KZ,,,individual
C598817,Nabel An-Nagar,1971,KW,,,individual
C361575,Donald Theodore Mac,1963-07-03,US,,,individual
C734422,Vessel Red Falcon,,MT,imo,IMO9073921,vessel
C843068,"Sokolova, Marina",1967-01-05,BY,,,individual
C264425,Susan J. Weis,1975-04-03,GB,,,individual
C496099,Te Kang Teng,1995-10-18,TW,,,individual
C268844,Ghanim Nabeel,1998-05-19,GR,,,individual
C964845,Minghai Liang,,SG,,,individual
C263200,Liu Jun-Gui,1994-05-14,TW,,,individual
C489416,John A. Hernandez,1975,CA,,,individual
C968990,Viktor Semenov,1966-01-14,KZ,,,individual
C443123,M/T Kestrel,,LR,,,vessel
C123459,Jung-Chieh Chin,1980,SG,,,individual
C262206,Valentina Yegorova,,GR,,,individual
C695031,"Bykoff, Serguey",1960-04-08,KZ,,,individual
C530518,Vyacheslav Zakharov,2000-04-14,BY,,,individual
C347572,Fatimih Haschimmi,1985,TJ,,,individual
C948668,MV Green Meadow One,,GR,,,vessel
C581157,James Mayer,1973-06-12,DE,,,individual
C320272,Yasser Awed,2000-12-22,JO,,,individual
C356028,Abu Nabil,,FR,,,individual
C613576,Xin Dai,1987-08-21,DE,,,individual
C843118,Haschimi Mohsin,1960-09-18,TJ,,,individual
C719941,Yury Tzvetkov,1985-02-05,GR,,,individual
C866608,"Yashina, Olga",1980-10-24,UA,,,individual
C543327,Ural Chemicals SA,,KW,,,entity
C266680,Saaid Rahmani,,GE,,,individual
C175431,Arasch Mousavi,,GE,,,individual
C638827,Chih Song,,SG,,,individual
C577907,Bijaan Rezai,2000,TJ,,,individual
C474791,Henry J. Fisher,1998-07-02,GB,,,individual
C741002,Oleg Petrovich Makarov,1964-06-05,GR,,,individual
C995542,Jing Tao Feng,,HK,,,individual
C331448,Nabel Al Masrie,1969-02-19,TN,,,individual
C529602,Levant Petroleum Group,,CN,registration,REG-707651,entity
C793421,Hosseini,1955-07-02,GE,document,GE69482708,individual
C115140,Zhanna Tsoy,,GR,,,individual
C423268,Mustafah El-Khatibe,1978-04-05,LB,,,individual
C742653,"Hosaini, Majeed",1976-03-03,GE,,,individual
C284512,Freddie J. Mac Donald,1967-04-28,MX,,,individual
C757101,Niloufar Mahmoudi,1993-06-17,GE,,,individual
C627473,Kseniya Ivanovna Semionova,1977-12-20,KZ,,,individual
C785999,Jennifer Da Silva,1959-11-05,BR,,,individual
C150417,Yulya Petrovna Novikova,,GR,,,individual
C991079,Farsi Raniah bin Abdul Rahmen El,,AE,,,individual
C611700,Long Luo,1998-04-06,CN,,,individual
C620605,Ping Te Yuen,1955-07-15,TW,,,individual
C449302,Tahah Anwar,,MA,,,individual
C649114,Chang Lingting,1959-07-09,TW,,,individual
C685489,Dong-Wen Dang,1982-08-28,BY,,,individual
C348329,Ahmed Sulten,1954-01-01,LB,,,individual
C607519,Fatimih Farahani,,TJ,,,individual
C148539,Nile Valley Industries,,LB,,,entity
C583595,Ehsen Kermany,1992-03-20,TJ,,,individual
C426048,Ninglan Kao,,TW,,,individual
C210807,Chung Kuei Hwang,1966-06-16,CN,,,individual
C780511,Joseph Smith-Jones,1961-11-11,CA,,,individual
C771245,Hua Tien Sun,1967-09-03,TW,,,individual
C466970,Anwar Abaas,1992,JO,,,individual
C708580,MV Silver Crest III,,CY,,,vessel
C777421,M/V Golden Wave IV,,SG,,,vessel
C519425,Mahmoud an-Najar,,AE,,,individual
C541030,Tsai Lan Po,1985-07-21,TW,,,individual
C997991,Anthony A. Bianci,1962-07-14,US,,,individual
C729610,The Onyx Import Export L.L.C.,,CA,,,entity
C463093,Yussoof ibn Ahmad Zaidy,,MA,,,individual
C312112,Maxim Sokoloff,1950-01-22,GR,,,individual
C166662,Sue Petersen,1986-10-17,FR,,,individual
C139467,Oxana Shishkina,,UA,,,individual
C596147,Alexeij Wladimirowich Jakowlew,1993-03-06,GR,,,individual
C158726,Fu-Ping Yuen,1992,CN,,,individual
C665393,Zenith Industries Limited,,LB,,,entity
C901831,Yussof AtTikreti,,JO,,,individual
C442097,Dschammal Khoury,1974-01-11,SA,,,individual
C407284,Berg Sam M. van den,1976-12-15,MX,,,individual
C398588,DELTA AGRO Inc.,,TW,,,entity
C171508,Kuofeng Feng,1987-06-21,CN,,,individual
C324103,Alexander J. Nguyen,,DE,,,individual
C757290,Mahmoude ibn Nabile Barakate,1972-09-01,EG,,,individual
C420951,Shan Ling He,1972-09-15,TW,,,individual
C779370,Ning Hsiao Wong,1954-03,CN,,,individual
C679003,Blue Whale One Spirit,,GR,,,vessel
C591396,Nick J. Nguyen,,DE,,,individual
C564342,Zaynab ben Muhamad Azez,1990-02-09,EG,,,individual
C953119,Masoud Tabrezi,1955-04-03,GE,,,individual
C142189,William Smithjones,1983-03-02,CA,,,individual
C761310,"Pavlov, Anatoly",1952-07-02,BY,,,individual
C165165,Ismayl Awed,1958-08-21,TN,,,individual
C364062,Pavel Sergeyevich Chernov,1993-11-12,KZ,,,individual
C425012,Roman Nikolaevitsch Bondarenko,1992-03-20,BY,,,individual
C872722,Игорь Николаевич Козлов,1962-05-05,GR,,,individual
C248915,Pedro M. Petersen,1962-09-04,MX,,,individual
C768214,"Tabrezi, Zahrah",1960-05-10,UA,,,individual
C291679,Sergey Popov,1963-03-10,KZ,,,individual
C694482,Nabel Darwesh,,SA,,,individual
C569421,Maryam Karemi,1987-02-23,TJ,,,individual
C159168,Stanislav Petrov,,GR,,,individual
C498766,Joseph Dubois,1987-01-26,MX,,,individual
C380835,Anastasya Tsoiy,1978-08-22,KZ,,,individual
C190048,Summit Steel SA,,JO,,,entity
C131299,Madscheed Haded,,SA,,,individual
C560150,"Mesopotamia Aviation, Ltd.",,AE,,,entity
C800321,Nour Sadala,1977-09-16,SA,,,individual
C877001,John Rodríguez,1953-11-25,MX,,,individual
C144604,"Makarow, Timur",,BY,,,individual
C731631,Sun Lei Lan,,SG,,,individual
C778609,Said Rahemmi,1964-03-11,GE,,,individual
C649847,Nour b. Fahd Kanaen,1980-07,JO,,,individual
C939144,Yu-Wen Yang,1957-05-25,SG,,,individual
C315788,M/V Baltic Swan IV,,GR,,,vessel
C136087,Dan M. Larson,1985-12-19,GB,,,individual
C752258,Artem Lebedev,,UA,document,UA16195533,individual
C692408,Karakum Logistics G.m.b.H.,,EG,,,entity
C684080,Shahram Ahmadi,1958-08-08,TJ,,,individual
C308159,Zhi-Zhong Feng,1966-08-22,CN,,,individual
C998360,Evgeny Novikov,1990-10-24,BY,document,BY81001696,individual
C302760,Baltic Maritime Ltd,,FR,,,entity
C928623,Kammal Shaheen,,TN,,,individual
C852113,Dorothy J. O'Brien,1998-10-06,BR,,,individual
C202552,The Professor,,UA,,,individual
C300344,Hisham az-Zahrani,1972-08,JO,,,individual
C636265,Sung Shan Kun,1958-12-18,SG,,,individual
C855021,Marwen Faris,,MA,,,individual
C704240,"Pawlowa, Shanna Sergejevna",1952-08-17,GR,,,individual
C273145,Lotus Logistics Ltd.,,FR,,,entity
C722784,Andy M. Dubois,1985-01-19,CA,,,individual
C725665,Euphrates Investments SA,,TJ,,,entity
C569855,Sergeiy Ivanovich Yashin,,BY,,,individual
C398682,"Salih, Rammi",1988-05-04,EG,,,individual
C303521,MV Crimson Dawn One,,MT,,,vessel
C136194,Nicolas Kowalski,,AU,,,individual
C228175,"Lefevre, James A.",1969-01-11,AU,,,individual
C155525,Tatiana Tkachenko,,KW,,,individual
C486021,Lailah Tabrezi,1966-10-09,GR,,,individual
C668454,Parveez Rahimmi,1962,TJ,,,individual
C403857,Saed ben Ismayl Salmen,1991-03-16,CA,,,individual
C406677,An-Chun Chou,,HK,,,individual
C504257,Adnen Khoury,,AE,,,individual
C362109,Laila Moradi,,GE,,,individual
C387489,"Rahmani, Mohsin",,TJ,,,individual
C564829,Moussavi Parvez,2000-03-28,MX,,,individual
C378251,"Vanderberg, Frederick M.",1967-08-17,DE,,,individual
C426792,Feng Xia-Xin,1969,TW,,,individual
C342210,Константин Владимирович Гришин,1981,GR,,,individual
C818248,Sun Yan Lei,1975-09-18,SG,,,individual
C183362,Nizar ben Adnen El-Saba,1991-04-20,SA,,,individual
C550402,"Zamani, Ameer",1978-12-18,GE,,,individual
C312212,Alexandr Tzvetkov,,BY,document,BY60874894,individual
C662368,Xie Ting,,TW,,,individual
C904773,Ted Larsen,1960,DE,,,individual
C512498,Olson Nicholas,1997-01-11,MX,,,individual
C813110,Kathy M. Weis,1992-02-23,US,,,individual
C785880,Babs Johanson,1960,CA,,,individual
C859286,Sasha,1954-08-06,TN,,,individual
C783656,Bijen Shirazie,1956-08-28,GE,,,individual
C206367,Hamzah Hamden,1990-10-24,TN,,,individual
C859861,Betty M. Vanderberg,1978-02-16,MX,,,individual
C325021,Ahmed El-Hasheemmi,1981-02-01,SA,,,individual
C836612,"Pacific Rim Petroleum, FZ-LLC",,SG,,,entity
C159569,Ting-Ling Chen,1975-05-05,CN,,,individual
C583143,Tsuei Chuan,1997-06-27,SG,,,individual
C934555,"Amber Metals, Corporation",,AE,,,entity
C165340,"Bykov, Denis",,UA,,,individual
C105406,Jingmin Tang,1967-05-10,HK,,,individual
C986501,Xia Ying Zhao,1975-10-21,SG,,,individual
C703966,"Zaydi, Khadijah",1976-01-28,KW,,,individual
C279308,Barbara A. Du Bois,1969-09-12,GB,,,individual
C413267,"Sokolov, Maxim Nikolaevich",1972-02-06,UA,,,individual
C635365,MT Coral Queen V,,LR,,,vessel
C449839,Benjamin Meier,1963-08-20,FR,,,individual
C572074,Bijen Kermani,1984-03-28,GE,,,individual
C289851,Amer Rostami,1974-03-12,TJ,,,individual
C182774,Petrov Sergeiy,1957,GR,,,individual
C351742,He Bao,,HK,document,HK77906340,individual
C116908,Northern Lights Steel,,KW,,,entity
C576078,Arash Ahmadi,1964-09-04,TJ,,,individual
C723766,Rammen Tabrezi,1961-06-12,GE,,,individual
C220485,Stanislaw Wladimirowich Kiseljow,1994-03,KZ,,,individual
C253604,Haobao Fan,1962-06-27,HK,,,individual
C431766,Jen M. Kowalsky,1984-06-23,FR,,,individual
C498307,Hui-Ping Choi,,SG,document,SG48166791,individual
C453243,Kamal Kanaen,1953-01-12,KW,,,individual
C543000,Ar-Rashed Khaled ibn Adnen,1961-05-09,AE,,,individual
C574439,"Jafari, Mehdi",1983-03-13,GE,,,individual
C502211,The Nile Valley Aviation Corp.,,BR,,,entity
C255812,Faissal Nassir,2000-08-08,AU,,,individual
C498598,Kammaal Saadallaa,,JO,,,individual
C893679,Ali al-Hashimi,1982-09-25,AE,,,individual
C735836,Elizaveta Nikolaeva,1972,UA,,,individual
C888120,Xie Kai Zhong,,CN,,,individual
C297385,Yassir AlFarsy,,SA,,,individual
C601129,Igor Nikolaevich Chaikovsky,1980-08-28,KZ,,,individual
C884187,Yenisei Steel Ltd,,FR,,,entity
C320184,Mahmoud bin Muhammad Sulten,1975,KW,,,individual
C657183,Storm Petrel Spirit,,PA,,,vessel
C329290,Francisco Rodrigues,,CA,,,individual
C859064,Nour al-Jabouri,1953,TN,,,individual
C897700,Ameenah Faris,,JO,,,individual
C901809,Ricky Ferreira,1961-11-19,FR,,,individual
C636054,Niloufar Rahemi,1998-10-05,TJ,,,individual
C606822,"Fedorova, Ielizaveta",,UA,,,individual
C960355,Long Long Liang,1998-11-18,SG,,,individual
C581569,Majeed Farahani,,GE,,,individual
C985553,"Mahdi, Omar",1984-10-11,EG,document,EG92857119,individual
C896623,"Meridian Freight, SA",,LB,,,entity
C406221,The Tigris Freight Co,,BY,,,entity
C700610,"Popov, Andreiy",1969-07-02,BY,,,individual
C869312,TABRIZ STEEL S.A.,,HK,,,entity
C123523,Chih Lu,1998-05-06,CN,,,individual
C713960,Mahsahe Hachimmi,,GE,,,individual
C602564,Pao Sun,1958-10-02,TW,,,individual
C586670,Saaid Ebraheemmi,1975-06-07,GE,document,GE31624259,individual
C399792,"Zaydi, Mustafah",1975-11-13,JO,,,individual
C672893,Omare El Sabahe,1953,SA,,,individual
C429635,Falcon Construction Sociedad Anonima,,FR,,,entity
C478197,Ismayle Sadala,1993-12-12,SA,,,individual
C548347,Behrouz Ghasemi,1991-09-19,TJ,,,individual
C209636,"Salleh, Marwaan",1995-12-09,EG,,,individual
C293926,Massoud Rahemi,1958-07-28,GE,document,GE31199254,individual
C295852,Anastasiya Mikhailovna Sokolova,1978-04-15,BY,,,individual
C825938,Elisabeth M. Schmid,1997-08-05,GB,,,individual
C599227,John J. O Brien,,GB,,,individual
C658252,Vyacheslav Vladimirovich Semenov,1999-01-11,KZ,,,individual
C642572,Night Hawk,,MH,imo,IMO9587094,vessel
C694480,Wen Mah,1967-06-13,CN,,,individual
C832928,"Tsoiy, Konstantin",1977-09-06,BY,document,BY14247679,individual
C234368,Vyacheslav Ivanov,1953-09-14,KZ,,,individual
C571458,Ibrahem al-Farsi,1964-07-08,AE,,,individual
C778234,Abdoollah b. Marwen Barakat,1962,SA,,,individual
C533445,Massoud Zamani,1968-05-19,GE,,,individual
C854272,Orion Textiles,,MA,,,entity
C794851,Luo Gangrui,1973-07-07,CN,,,individual
C465527,Anatoly Belousov,1970-09,BY,,,individual
C851716,Maryam Ahmadi,1954-12-24,GE,,,individual
C851914,Unnamed hull,,PA,imo,IMO9297126,vessel
C254822,"Ad-Douri, Muhammed",,US,,,individual
C672274,Hashimmi Majeed,1991-04-25,TJ,,,individual
C315402,Fiodor Shevchenko,,BY,,,individual
C639615,Faissal Hamden,1979-07-11,MA,,,individual
C761431,Nadezhda Semionova,1987-07-20,GR,,,individual
C899899,Jamie A. Schmidt,1966,FR,,,individual
C700819,Marlin Star,,LR,,,vessel
C853775,Yang Chunwei,1968-05-12,CN,,,individual
C886589,Leilla Farahani,1969-01-28,GE,,,individual
C917145,Thomas M. O Brien,1955,US,,,individual
C764559,Marina Belousova,1976-08-02,KZ,,,individual
C420124,Sheren Ghassimmi,,GE,,,individual
C646280,Hamed Mousavi,,GE,,,individual
C513419,Dallal bin Kamal Shamsi,1979-02,EG,,,individual
C266355,Vessel Black Tide,,SG,imo,IMO9968163,vessel
C170649,Nadeshda Petrowna Schevchenko,1973-05-23,KZ,,,individual
C735546,Lam Chieh-Hai,1982-04-21,CN,,,individual
C377582,Jun-Lei Qian,1970-08-14,HK,,,individual
C352195,Alexandr Petrow,1953-01-28,KZ,,,individual
C706835,Golden Anchor IV Express,,CY,,,vessel
C910847,Ibrahem b. Anwar as-Sayid,,EG,,,individual
C465714,Saba Saed ben Anwar,1976-04-12,GE,,,individual
C698134,Layla At-Tikreeti,1953-09,SA,,,individual
C372174,Sea Lion II Trader,,PA,,,vessel
C965845,Arash Hashimmi,1962-03-08,TJ,,,individual
C752099,Tigris & Partners,,MX,registration,REG-368502,entity
C999948,Mohsin Rahemmi,1967-02-12,TJ,,,individual
C362612,Irina Morozova,1950-08-04,BY,,,individual
C523458,Faysal ibn Muhamed Zaydi,1964,MA,,,individual
C753489,"Yazdani, Omed",1991-09-27,GE,,,individual
C693882,Kamran Tehranie,1996-05-10,GE,,,individual
C566671,Marina Mikhailowna Sziszkina,1997-01-08,KZ,,,individual
C408715,Yekaterina Tchtcherbakova,,UA,,,individual
C142256,M/V Sun Dancer,,CY,,,vessel
C325987,Andreiy Makarov,,UA,,,individual
C569165,Saaid Baghiri,1972,GE,,,individual
C578462,Babak Sadighi,,GE,,,individual
C492836,Chao Mei,1992-03-13,HK,,,individual
C807810,Reza Tabrezi,,TJ,document,TJ73200258,individual
C781517,al-Shamsi,1971-09-25,AE,document,AE19250968,individual
C487920,Abu Nour,,GB,,,individual
C751172,Stanislav Vladimirovich Chernov,,UA,document,UA92209419,individual
C937803,Lu Mingjung,1955-11-16,HK,,,individual
C957706,Wladimir Kiseliow,,BY,,,individual
C434515,Mikhail Shevchenko,1977,UA,,,individual
C113614,Abdulrahmen ben Kamal ElShamsi,,JO,,,individual
C552869,Ma,,HK,document,HK47108662,individual
C864025,"Kuznetzova, Oxana Vladimirovna",1993-02-05,UA,,,individual
C701536,"Iakovleffa, Anastasiya",,KZ,document,KZ89868636,individual
C457821,Zagros Petroleum,,SG,,,entity
C582729,Omeed Mahmoudy,1993-09-08,GE,,,individual
C943758,Shen Xuejie,1954-01-27,HK,document,HK57836101,individual
C942846,Tareeq Khoury,1965-12-18,SA,,,individual
C888332,Paressa Moradi,1982-04-14,GE,,,individual
C429651,"Fedorov, Fedor",1979-09-12,GR,,,individual
C253916,Chuan-Long Chiu,1977-12-03,TW,,,individual
C447165,Yasir Khoury,1955-03-27,KW,,,individual
C534487,Mustafa Al-Amen,,EG,,,individual
C394033,Liu Rui,1963-01-02,HK,,,individual
C753770,Mehdi Baghiri,1992,TJ,,,individual
C345443,Camren Mahmoudi,1998-02-11,GE,,,individual
C611870,Theodore Olsen,1952-11-08,MX,,,individual
C308956,GOLDEN HARVEST AGRO Inc.,,AU,,,entity
C107896,Mansoure Hudahe ibn Khaleede,1967-12-12,LB,,,individual
C698981,Igor Kovalenko,1983-05-16,UA,,,individual
C832295,Mehdi Tehrani,2000-07-16,TJ,,,individual
C750715,Mariame El Khateebe,2000-06-14,AE,,,individual
C867943,M/T Baltic Swan III,,MT,,,vessel
C527036,Jing Kai He,1999-01-22,TW,,,individual
C337231,Mahmoud Sadala,1956-06,LB,,,individual
C532805,Xiang Rong Zhang,,CN,,,individual
C311571,Said Rahmani,1959-07-16,TJ,,,individual
C862992,Wen Lam,1959-04-13,SG,,,individual
C240489,"Shevchenko, Valery",1978,BY,,,individual
C319821,Babs Sørensen,1978-09-24,AU,,,individual
C607791,The Zagros Logistics Limited,,SA,,,entity
C571186,Mohsin Ahmady,1989-06-10,GE,,,individual
C722618,John Novak,,BR,,,individual
C467156,Kamren Moussavi,1958-02-06,TJ,,,individual
C466356,Zenith Pharma Co.,,BR,,,entity
C325239,Sheren Esfahani,1961,GE,,,individual
C689792,Jack Larsen,1993-07-16,GB,,,individual
C217290,Alexandr Zakharov,1980-07-07,FR,,,individual
C553013,TIGRIS LOGISTICS Public Joint Stock Company,,TW,,,entity
C742153,Cui Hua-Xin,1964-01-25,HK,,,individual
C108512,"Moradi, Sheereene",1987-06-13,TJ,,,individual
C841146,Siavash Mahmoudi,1996-12-06,GE,,,individual
C177911,De-De Liu,,HK,,,individual
C425838,Farhed Akbari,1988-03-13,TJ,,,individual
C798734,Sherazi Dariush,,TJ,,,individual
C450429,Harry M. Nguyễn,1980-01,US,,,individual
C742311,Elizabeth Mayer,,AU,,,individual
C557189,Phoenix Holdings SA,,BR,,,entity
C759862,Jammal ben Waled Mansour,1986-11-15,SA,,,individual
C960950,Nilloufar Kermani,,GE,,,individual
C425816,Moradi Mehdi,1993-04-05,GE,,,individual
C296651,Layla Azeez,1994-06-02,LB,,,individual
C107063,"Schröder, Francisco M.",1994-06-19,AU,,,individual
C149504,Denis Iwanow,1981-03-02,GR,,,individual
C366859,Mahsa Esfahani,1975-03-15,TJ,,,individual
C300938,Hassan Mahdi,1957-01-08,AE,,,individual
C443318,Lau Hai-Hsin,1958-07-17,CN,,,individual
C895056,Yong Ning Tai,1970-03-25,TW,,,individual
C653146,Kwok Hsiao-Hai,1969,HK,,,individual
C187593,Iwan Pawlow,1975-07-13,KZ,,,individual
C548087,Al-Hijaz International,,BY,registration,REG-641187,entity
C248176,Andrey Stepanoff,,KZ,document,KZ82873947,individual
C873332,Bianchi José,1971-05-17,CA,,,individual
C639085,Baltic Maritime Public Joint Stock Company,,JO,,,entity
C118512,Farahani Kamren,1951-04,TJ,,,individual
C307282,Caspian Moon II Trader,,GR,,,vessel
C597299,Vladimir Yashin,1982-08-10,UA,,,individual
C437774,Golden Harvest Maritime Co,,TN,,,entity
C721266,Eastern Star Energy L.L.C.,,EG,,,entity
C100161,Nile Valley Electronics GmbH,,SA,,,entity
C808213,Morozov,1957-12-22,FR,document,KZ39787937,individual
C738850,Hosain Mohamadi,1983-06-19,GE,,,individual
C328227,Hui Tsuei,,TW,,,individual
C780656,Lyudmila Pavlova,1989,UA,,,individual
C328919,Pan Hsia Chiang,1958,HK,,,individual
C877987,Hwang Yu-Hua,1991-06-28,HK,,,individual
C101918,al-Shamsi Bashar,1994,AE,,,individual
C535796,Anastasja Coiy,1958-11-06,KZ,,,individual
C908293,Roman Vladimirovich Zhukov,1959-06-10,GR,,,individual
C812650,DAMAVAND LOGISTICS Corp,,EG,,,entity
C739927,Fahde Khourye,1997-12-21,JO,,,individual
C420004,Valery Sergueyevich Kozloff,1984-02-17,GR,,,individual
C774289,"Tsvetkov, Maxim Alexandrovich",1963-10-28,UA,,,individual
C816839,Esfahanie Omeed,,GE,,,individual
C595873,Dmitry Tsvetkov,1971-05-13,UA,,,individual
C823499,TITAN INVESTMENTS FZE,,DE,,,entity
C431683,Valery Tsoiy,1974-11-01,GR,,,individual
C722443,Kowalsky Richard,1987-03-12,BR,,,individual
C618611,Thomas Larsen,1983-02-05,AU,,,individual
C441547,Xiang-Ming Cai,,HK,,,individual
C334982,Arasch Ebrahemi,1961,GE,,,individual
C831253,Ameenah Mansour,1995-03-24,AE,,,individual
C522608,Lingna Hsu,1972-10-08,SG,,,individual
C608417,Yeh Jungchun,1971,SG,,,individual
C335368,Xiang Long Li,1992-06-05,SG,,,individual
C848802,Andersson Matt A.,,BR,,,individual
C235892,William J. Rodríguez,1992-01-13,MX,,,individual
C577908,Viktor Tkachenko,1956-07-03,UA,,,individual
C875116,Dalal At-Tikreti,1976-01-18,SA,,,individual
C763684,Samerah Bakr,,MA,,,individual
C239917,Rezah Tabrezi,,TW,,,individual
C575801,"Tkachenko, Andreiy",1986-03-03,GR,,,individual
C872929,Tony J. Sørensen,1984-07-24,FR,,,individual
C759917,Frank A. de la Cruz,1988-05-19,CA,,,individual
C303760,"Lebedeva, Oxana",1959-07-17,KZ,,,individual
C282525,Ibraheem ElZahrani,,SA,,,individual
C787087,Peter M. Smith Jones,1989-01-11,US,,,individual
C445142,Zied Al Douri,,LB,,,individual
C922911,Mariya Petrovna Tsoy,1999-09-05,KZ,,,individual
C709663,Hank J. Hernandez,1952-04-08,DE,,,individual
C917239,Andrey Tkachenko,1992-08-28,GR,,,individual
C400328,Svetlana Kiseleva,,BR,,,individual
C380172,Maggie A. Bianci,1958-02-14,MX,,,individual
C889836,Ed Delacruz,1980-07-12,AU,,,individual
C354281,M/V Red Falcon V,,GR,,,vessel
C319012,Tsuei Kang Kuo,1957-05-21,CN,,,individual
C189649,Rongzhi Du,1977,TW,,,individual
C973418,Timur Smirnow,1975-07-04,GR,,,individual
C279833,Ali ar-Rashed,1953-08-02,SA,document,SA36721165,individual
C300275,Susan J. Mac Donald,1974-09-11,MX,,,individual
C551344,"Nowikowa, Nataliya",1986-08-14,GR,document,GR82074118,individual
C825275,"Semenova, Kseniya Ivanovna",1974-12-25,KZ,,,individual
C421793,"Fisher, Katherine A.",1991-04-12,BR,,,individual
C551873,Semen Kravchenko,,GR,,,individual
C942518,Kseniya Kiseleva,1975-07-27,BY,,,individual
C178789,Samuel M. Müller,,GB,,,individual
C546103,Golnaz Ahmadi,1951-09-07,GE,,,individual
C527548,Anwar Bakr,,KW,document,KW76438532,individual
C203642,Fatimih Nazari,1986-06-19,TJ,,,individual
C557440,Ismayl ElMasri,1967-06-08,MA,,,individual
C634030,Kamren Jafari,1989-09,GE,,,individual
C246674,Ting Hsiang Tsai,1993-03-06,TW,,,individual
C730822,Людмила Петровна Бондаренко,,UA,,,individual
C878901,Mahsah Rezaai,1964-10-25,TJ,,,individual
C415591,Khoury Muhammed,1981-08-07,TN,,,individual
C623182,Djavade Yazdani,,GE,,,individual
C770975,Al-Hijaz Steel LLC,,KZ,,,entity
C995958,Vladimir Kozlov,1987-06-17,KZ,,,individual
C843984,Hisham ArRashed,1994-12-10,MA,,,individual
C888633,Dong-Fang Sun,1958-10-02,TW,,,individual
C241090,Vladimir Kravchenko,1991,BY,,,individual
C863570,فهد المصري,,JO,,,individual
C688469,Anna Nikolaevna Sokolova,1978-05-05,BY,,,individual
C999192,Ehsaan Hashimi,1975-12-01,TJ,,,individual
C978313,The Kamchatka Petroleum Co.,,KW,,,entity
C623219,Khoury Salma ibn Nizar,1987-02-04,JO,,,individual
C834966,Baltic Steel Ltd,,EG,,,entity
C776270,Baltic Investments Co,,HK,,,entity
C220208,Sun Zhong-Zhong,1976-06-12,TW,,,individual
C430701,"Nikolaeva, Valentina",2000-07-06,UA,document,UA60346528,individual
C633642,Theo M. Mueller,1993-11-14,FR,,,individual
C205157,"Lebedeff, Vasily",,BY,,,individual
C100924,MV Caspian Moon Star,,PA,imo,IMO9941864,vessel
C986972,Yulya Bykowa,1963,GB,,,individual
C991118,Yong Guo Zhou,,SG,document,SG20433233,individual
C555988,Sallem Yasen,1969,TN,,,individual
C392501,"el-Amine, Omare",1959-03-11,FR,,,individual
C686704,Hicham El Chamsi,1993-11-02,AE,,,individual
C290752,"Fernandez, Sue",1953,CA,,,individual
C704717,Wen-Hsueh Tsui,,HK,,,individual
C642860,Fatemeh Baghiri,1991-08-16,TJ,,,individual
C181599,Saed AlAmen,1954-07-18,KW,,,individual
C801781,Thomas Schröder,1967-11-19,FR,,,individual
C864990,Andy M. Hernández,1985-07-09,AU,,,individual
C137310,Yuan Hua,1979-10,HK,,,individual
C413947,Ehsen Tehrani,,GE,,,individual
C865564,Maryam Yazdani,1972-04-25,GE,,,individual
C561379,Ed A. Mayer,,GB,,,individual
C127797,"Shahen, Khalleed",,JO,,,individual
C174747,Masoud Esfahani,,GE,,,individual
C741063,Jian Cheung,1997-07-22,TW,,,individual
C362134,Al-Atar Abdollah,1992-01-12,TN,document,TN56559219,individual
C716641,"Al-Farsi, Zaynab",1958-10-25,KW,,,individual
C495270,Hanen Tahaa,,EG,,,individual
C932599,Kaseem Omar,1974-03-25,KW,,,individual
C375913,"Ebrahemi, Rezah",1955-01-11,TJ,,,individual
C186435,Abu Nour,,GB,,,individual
C589149,Lan Lau,1985,SG,,,individual
C213595,Adnen an-Nagar,1973-10-16,SA,,,individual
C908464,"Nasir, Karem",2000-09-07,AE,,,individual
C310632,Popov Nikolaiy,1972,BY,,,individual
C794695,MT Nordic Star IV,,MH,,,vessel
C544830,Ameena bin Hamzah Ghanim,1982-12-15,SA,,,individual
C606347,Phoenix Maritime G.m.b.H.,,UA,,,entity
C819357,Samerah bin Hichame Hamdane,1981-01-18,AE,,,individual
C703094,Anastasiya Nikolaevna Makarova,1994-10-26,GR,,,individual
C975335,Laylah El-Sayid,1960-11-05,MA,,,individual
C674554,Emerald Bay Import Export Corporation,,KZ,,,entity
C828283,Jing Xin Chen,,CN,document,CN14175406,individual
C686039,"Johansen, Steven A.",1974-03-28,BR,,,individual
C652788,"Stepanov, Alexandr",1951-09-06,BY,,,individual
C162530,Vasily Alekseevitch Kovalenko,1974-09-14,UA,,,individual
C637506,Frederick Hernández,1969-08,FR,,,individual
C839826,"Zammani, Omeed",1985-06-28,TJ,,,individual
C843096,Edward M. Sørensen,1966-11-06,CA,,,individual
C843907,Ibrahem Al-Masri,1988-03-09,TN,,,individual
C204884,Artem Tzoy,1978,GR,,,individual
C997598,Hernández Daniel J.,1969-04-10,US,,,individual
C731478,Zahrah Farahani,1971-07-27,TJ,,,individual
C141736,Richard J. Larsen,1984-04,DE,,,individual
C156923,"Rahemmi, Mohsin",1970-10-05,TJ,,,individual
C393211,Mustafah ibn Ahmed Sulten,1975-03-14,JO,,,individual
C600434,Barbara M. Schmidt,1994-05-07,AU,,,individual
C852636,Nour ArRasheed,1977,MA,,,individual
C935308,Jiang Longyun,1954,HK,,,individual
C705728,Lu Yong Bao,1961-07-05,TW,,,individual
C406826,Amber Textiles AO,,BR,,,entity
C452942,Yu-Hai Suen,1970-02-14,HK,,,individual
C254372,Chih-Na Chiu,1950-09-27,SG,,,individual
C199445,AMBER ROAD,,MX,registration,REG-410192,entity
C548963,Donald Frank A. Mac,1985-10-05,AU,,,individual
C462261,Fahd Jabouri,1960-03-14,LB,,,individual
C165991,Valery Nikolaevich Fedorov,1969-03-13,KZ,,,individual
C818213,Qi Xue Zhou,1972,CN,,,individual
C302963,Kseniya Petrovna Zhukova,1956-04-06,CA,,,individual
C201943,"Olsen, Andrew",1993-11-03,MX,,,individual
C378039,Alexandr Tsvetkov,1975-09-13,BY,,,individual
C779045,al-Sayid Salma,1978-04,JO,,,individual
C306485,Dong Wu,,SG,,,individual
C220014,Charles Fernandes,1955-02-01,MX,,,individual
C256390,The Caspian Shipping G.m.b.H.,,GR,,,entity
C186002,Susan Nguyen,1974-10-19,GB,,,individual
C181197,Ahmed Sallih,1955-08-12,HK,,,individual
C818008,Evgeny Kuznetsov,2000-04-18,UA,,,individual
C416894,Omed Tehrani,,GE,,,individual
C762692,Mustafah ibn Walleed Ghanim,1998-01-06,KW,,,individual
C571474,Niloufar Hosaini,1968-09-26,GE,,,individual
C803615,"Mohamadie, Siavash",1956-07-10,TJ,,,individual
C203522,MT Star of Aden,,PA,,,vessel
C255159,Faris Sammer,,SA,,,individual
C676826,Khalleed Mahdi,1976-02-08,TN,,,individual
C871891,Yuan Jie Ming,1993,TJ,,,individual
C317675,M/V Polar Bear,,MT,,,vessel
C282183,Schahram Moradi,1991-09-11,GE,,,individual
C739965,Hisham Azez,,TN,,,individual
C195999,Evgeny Morosov,,KZ,,,individual
C125287,Alexandr Alekseevicz Kozlow,1995-01,HK,,,individual
C979584,Olga Shevchenko,1970-01-11,UA,,,individual
C947138,Hossain Sherazi,1985-07-15,GE,,,individual
C448244,"ElSayid, Hassen",,AE,,,individual
C367902,AL-BAHR INVESTMENTS FZ-LLC,,AU,,,entity
C726748,Muhamad bin Mustafaah Awed,,TN,,,individual
C484351,Chuan Ping Huang,1995-12-16,SG,,,individual
C216403,Majed ben Tarik Hadded,1994-01-16,JO,,,individual
C812369,Ching Hsu,1990-12-09,HK,,,individual
C643703,Theo J. Hernandez,1969-02-20,GB,,,individual
C293460,Wasily Cwetkow,1961-01-18,UA,,,individual
C597082,Na Zhou,1997-04-15,CN,,,individual
C234458,Falcon Logistics Free Zone Establishment,,GR,,,entity
C691201,"Tkatschenko, Stanislaw Petrovitsch",1951-01-26,UA,,,individual
C697207,Sheren Farahanie,1975-06-18,TJ,,,individual
C912451,Vessel Sea Breeze Alpha,,PA,imo,IMO9384787,vessel
C225847,Talal AnNadschdschar,1960-06-23,MA,,,individual
C907068,Daniel M. Schröder,1974,AU,,,individual
C682971,Leonid Stepanov,1980,KW,,,individual
C987433,Wen Hui Lo,1953,TW,,,individual
C185232,Yusof Sulten,,MX,,,individual
C134101,"Hashimmi, Majeed",1978-10-10,TJ,,,individual
C957566,Husein Hamden,,JO,document,JO20317621,individual
C789282,Schmidt Tori J.,1977-06-07,GB,,,individual
C322611,Lei-Hua Yang,,CN,,,individual
C151619,Tatiana Smirnowa,1990-05,KZ,,,individual
C749490,Lailah Rahmani,1985-12-14,GE,,,individual
C337235,Vicky Bianci,,BR,,,individual
C569764,ElSayid Hammid,1976-12-15,LB,,,individual
C335205,Lindquist Tommy,1970-09-22,AU,,,individual
C410479,Hamzah b. Anouare AtTikreti,1963-07-02,MA,,,individual
C323011,Walid As-Sayid,1952-03-21,LB,,,individual
C663191,Darya Kravchenko,1997,GR,,,individual
C764663,Caspian Metals SA,,AU,,,entity
C804591,Behrouz Ahmadi,1986-08-04,TJ,,,individual
C742257,Baltic Petroleum Joint Stock Company,,MX,,,entity
C662929,Sallem El Sabah,1956-12,LB,,,individual
C339443,"Mohamady, Bijen",,TJ,,,individual
C715922,Karakum Freight Limited,,TW,,,entity
C156519,Tao-Jian Li,1971-05-07,HK,,,individual
C361219,Mohsin Tehrani,1983-02-15,GE,,,individual
C687498,Ruslan Petrovich Popov,,GR,,,individual
C638878,Jun-Rong Cao,1961-11-08,HK,,,individual
C851011,Dallal Mansour,1974-01-18,JO,,,individual
C274415,Alexandr Petrovitch Tzvetkoff,2000-03-24,BY,,,individual
C685848,Mahsah Rostammi,1968-07-04,GE,,,individual
C891417,Mortizah Rahmani,1976-01-18,TJ,,,individual
C882057,Rui Peng,1995-07-22,TW,,,individual
C726771,Feng Bo Chu,1974-04-23,SG,,,individual
C233800,"Sadala, Nabel",,SA,,,individual
C749075,Siavash Salihi,1956,GE,,,individual
C505032,Ramy Mansour,1985-12,JO,,,individual
C803871,Xin-Jing Zhang,1981,SG,,,individual
C568419,Leonid Morozov,1965,KZ,,,individual
C793347,Beth J. Silva,,DE,,,individual
C404167,Roman Kusnezow,1950-05-01,UA,,,individual
C964455,Majeed Sallihi,,TJ,,,individual
C788581,پرویز صالحی,1970,TJ,,,individual
C150267,Oxana Yegorova,,UA,,,individual
C674008,Unnamed hull,,PA,imo,IMO9870538,vessel
C404472,Fung Yi,2000-04-24,SG,,,individual
C925055,Oleg Grishin,1981-10-14,KZ,,,individual
C480097,Abd Al Karem Barakat,1978,SA,,,individual
C107899,Rodrigues Steve,1954-12-15,GB,,,individual
C174997,Long Lau,1979-12-15,CN,,,individual
C304639,Dong Peng,1977,TW,,,individual
C181007,Tao-Hai Lo,1989-05-22,SG,,,individual
C899785,Nadezhda Sergeyevna Chaikovskaya,1985-03-24,KZ,,,individual
C686609,"Baghiri, Arasch",1953-09-04,TJ,,,individual
C720700,Evgeny Shevchenko,1998,GR,,,individual
C173467,Kao Fengjung,1962-02-11,HK,,,individual
C868834,Juei-Kun Yuen,,CN,,,individual
C675554,Yury Chaikovsky,1998-06-18,UA,,,individual
C895606,MT Desert Rose IV,,LR,,,vessel
C714099,Chuck OBrien,1959-09-17,US,,,individual
C398936,Jamie M. Nguyen,,US,,,individual
C108582,Atlas Group,,BY,registration,REG-590110,entity
C561294,Ivan Ivanoff,,GR,,,individual
C820780,Viktorya Yakovleva,1974-07-04,BY,,,individual
C570328,Billal El Gabouri,1980-06-26,AE,,,individual
C523174,Sheng Yan Suen,1997-05-14,TW,,,individual
C307028,Sum Na-Hai,1968-07-09,CN,,,individual
C693778,I Feng,,CN,,,individual
C666065,Igor Nikolaevitch Makaroff,,KZ,document,KZ72751953,individual
C390833,Rashed Awed,1955,AE,,,individual
C764396,Drew Kowalsky,1999-11-28,AU,,,individual
C277856,Pepe A. Fisher,1966-03-17,US,,,individual
C717016,Farhed Tabrezi,1962-04-27,TJ,,,individual
C340755,"Pamir Agro, Ltd.",,HK,,,entity
C267258,Hisham Bakr,1957-07-11,SA,,,individual
C239820,Alexandr Grishin,1977-09-14,BY,,,individual
C162973,Billal bin Abdolah at-Tikreti,1983,TN,,,individual
C247032,Pacific Rim Minerals S.A.,,DE,,,entity
C151418,The Yenisei Holdings Ltd,,TJ,,,entity
C384633,Yasir bin Nabel Al-Amen,1978-03-16,SA,,,individual
C545734,"Hashemmi, Abdul Rahmen ibn Tallal",1983-02-21,AE,,,individual
C967198,Samuel J. Lindkvist,1998-12-21,DE,,,individual
C640282,Schirin Akbari,1985-02-21,TJ,,,individual
C349398,Zainaab Sulten,,MA,,,individual
C509883,Awed Karem,1967-06-20,TN,,,individual
C499345,Olga Morozova,1977-08-04,UA,,,individual
C566952,Huang Wen-Guo,1972-11-16,SG,,,individual
C290979,Zaynab As-Saba,1952-10-24,SA,,,individual
C690148,Samuel A. Andersen,1956-08,DE,,,individual
C706797,Hsin-Ping Feng,1965-07-20,HK,,,individual
C101458,Delta Chemicals LLC,,SA,,,entity
C989473,Lefèvre Steven,1976-11-25,HK,,,individual
C915688,Nizar Faris,1999-03-14,JO,,,individual
C253700,Ahmed Al-Amen,1998-11-19,EG,,,individual
C995434,Suzy O Brien,,GB,,,individual
C693504,Wu Bao,1973-01,SG,,,individual
C682504,Zagros Metals Public Joint Stock Company,,CA,,,entity
C230349,Dariush Kermani,1979-05-21,TJ,,,individual
C421012,Nguyễn Joe,,US,,,individual
C205149,"Saleh, Sallem b. Hasen",1958-03-19,SA,,,individual
C168467,Denis Ivanovich Bondarenko,1983-01-09,UA,,,individual
C457980,Grigory Kravtchenko,1987-04,GR,,,individual
C402379,Tareegh Shahen,1979,MA,,,individual
C906015,Fatimmih Yazdani,1961-01-25,GE,,,individual
C932542,Vessel Silver Crest,,GR,imo,IMO9652602,vessel
C142358,Darwesh Khaleed ben Abdol Rahman,1991-10-17,JO,,,individual
C183926,Benjamin J. Novak,,DE,,,individual
C575629,"Sorenson, Peter A.",1987-05-23,DE,,,individual
C525256,Marina Bykowa,1963,UA,,,individual
C515459,Scheereen Hosaini,,GE,,,individual
C421889,Margaret A. Garcia,1988-09-04,GB,,,individual
C767529,Susan J. Ferreira,1968-06,CA,,,individual
C891484,"Smirnov, Andrey Alexandrovich",,UA,,,individual
C785658,Anatoly Smirnov,1958-02-11,GR,,,individual
C703088,Shahram Mousavi,1978,GE,,,individual
C893219,Steven J. Meier,,FR,,,individual
C844623,Arkady Belousov,1975,UA,document,UA67469389,individual
C460429,Sergey Yegorow,1982-03-23,BY,,,individual
C445734,"Hadded, Hussain",,JO,document,JO91020874,individual
C572764,Aminah Azeez,,AU,,,individual
C228125,Kun-Wen Song,,TW,,,individual
C637465,Atlas Petroleum,,DE,,,entity
C740118,Niloufar Hashimmi,1970-02-08,GE,,,individual
C938857,Damavand Maritime Sociedad Anonima,,JO,,,entity
C250585,Phoenix Logistics Inc.,,US,,,entity
C712252,De Bin Li,,SG,document,SG84063892,individual
C234802,"Yashina, Viktorya",,GR,,,individual
C640438,Tung Hai Wu,1952-04-09,HK,,,individual
C472277,"Smithjones, Billy M.",1978-07-01,FR,,,individual
C335169,Pawel Kiselew,1986-04-19,KZ,,,individual
C209085,"Akbari, Behrouz",1961-08-03,TJ,,,individual
C399379,Alexandr Tsoy,,GR,,,individual
C548697,Feng Ting,1974-09-13,HK,,,individual
C463645,Stephen Mayer,1993-08-16,AU,,,individual
C108033,Igor Alexeevich Bykov,1988-01-23,GR,,,individual
C406884,Yan-Kun Tsui,1950-11-13,SG,,,individual
C121881,"Stepanova, Nataliya",1950-08-08,KZ,,,individual
C883364,Jun-Rong Deng,,CN,,,individual
C518616,Lyudmila Kiseleva,1981-10-28,KZ,,,individual
C147175,Huang Shan-Chieh,,HK,,,individual
C253347,Stanislav Smirnov,1982-04-11,BY,,,individual
C651731,"Krawczenko, Wiktorya",1978-03-02,GR,,,individual
C716929,Sapphire,,PA,imo,IMO9295381,vessel
C816670,Abdel Rahmen Salmen,1996-04-08,KW,,,individual
C276558,Khalled b. Adnen ArRasheed,1961-05-09,KW,document,KW28142464,individual
C868046,Sallem ElSaba,1956-08-07,LB,,,individual
C406730,Al-Hijaz Logistics Ltd,,SG,,,entity
C580327,Mikhail Pavlov,1995-07-04,UA,,,individual
C557028,"Jaschin, Timur Alekseewich",1960-08-27,GR,,,individual
C698055,Atlas Construction S.A.,,BR,,,entity
C943620,Djavede Tehrani,2000-04-12,GE,,,individual
C712723,Arash Esfahani,1971,GE,,,individual
C174176,Ocean Pearl IV Trader,,SG,,,vessel
C794228,"Zhukov, Ivan",,BY,,,individual
C333773,Nour ElHashemmi,,KW,,,individual
C859822,"Jaboury, Mustafaa Al",1967-11,AE,,,individual
C142917,Al-Noor Holdings Free Zone Establishment,,MX,,,entity
C937409,"Yashina, Anastasya",,KZ,,,individual
C811411,Hsueh Mei Han,1953-01-07,HK,,,individual
C745658,Peter J. Nguyen,1990-05,AU,,,individual
C285800,Raniah AzZahrani,1997-08-01,MA,,,individual
C485830,Siavash Ahmadi,1963-12-01,GE,,,individual
C455922,Tallal Faris,,MA,,,individual
C395133,زينب قاسم,,TN,,,individual
C923580,Yussoof Tahah,1978-01-28,MA,,,individual
C410566,Ping Hong Chan,1963-05-03,CN,,,individual
C738810,Joe A. de la Cruz,1967-06-24,AU,,,individual
C466480,Moustafah ben Abdul Kareme Hadade,1971-06-20,JO,,,individual
C947914,"Rahemi, Babak",1980-03-05,TJ,,,individual
C687637,MT Ocean Pearl V,,LR,,,vessel
C758479,Oleg Alekseevitch Fedoroff,1959-01-21,GR,,,individual
C539732,Weiss,,FR,document,FR26479013,individual
C993795,Vasily Novikov,,UA,,,individual
C561089,Alexander A. Anderson,1987-12-20,GB,,,individual
C152014,Hisham El-Jabouri,1975,SA,,,individual
C732839,Christopher A. Nguyen,,BR,,,individual
C780996,Karakum Agro Sociedad Anonima,,CA,,,entity
C466273,Fatimah b. Marwen Salmen,1982-12-24,EG,,,individual
C842438,The Tigris Textiles GmbH,,MX,,,entity
C501885,Nicolas M. Petersen,,GB,,,individual
C476000,Yuen Mei-De,,SG,,,individual
C336224,Rammeen Hosaini,1988-02-11,TJ,,,individual
C985578,Chien Yong Mah,,TW,,,individual
C849098,Nasren Kermany,1959-02-16,TJ,,,individual
C505922,Maryam Mousavi,1950,TJ,,,individual
C143375,Grigory Lebedev,1973-09-13,UA,,,individual
C998790,Alexey Vladimirovich Pavlov,1966-04-28,KZ,,,individual
C165903,Jungmin Chao,1980-06-10,CN,,,individual
C316125,Victoria Mayer,1963,GB,,,individual
C474814,Kavih Tehrani,,GE,,,individual
C756409,Orion Import & Export FZE,,TW,,,entity
C912025,De Yan Ma,1994-03-25,CN,,,individual
C538786,Hsinning Hsu,,SG,,,individual
C958606,"Akbari, Omed",1978-05-11,TJ,,,individual
C423919,Ali Hamden,1986-08-23,KW,document,KW23921243,individual
C701134,Vessel Ocean Titan Alpha,,LR,imo,IMO9864535,vessel
C742489,Samer b. Nizar Al-Sabah,,KW,,,individual
C174199,Xiao Yan Yuan,1972-05-23,TW,,,individual
C909016,Darwesh Hudah,1982-05-07,AE,,,individual
C335110,Bidjane Caremmi,1987-09-27,GE,,,individual
C579189,Charles J. Rodríguez,1998-12-16,FR,,,individual
C460572,José J. Weis,1971-03-20,FR,,,individual
C778248,Fengyan Luo,1996-03,TW,,,individual
C106549,Hasan ben Mahmoud Qassim,1984-09-16,SA,,,individual
C439739,Salem Darwesh,1976-07-02,LB,,,individual
C347420,Saed ibn Abdula Bakr,1964-09-11,EG,,,individual
C912406,Chunshu Han,1984-07-04,TW,,,individual
C607380,Samuel M.,1987-04-23,FR,document,FR76149809,individual
C218798,Amber Agro FZE,,BY,,,entity
C184820,Dorothy M. Schroeder,,FR,,,individual
C252287,Titan Freight Co,,TJ,,,entity
C308404,Fang Qi Liang,1989-05-25,TW,,,individual
C986864,Fahd Bakr,1953,MA,,,individual
C377623,Falcon Metals Co,,BY,,,entity
C144926,He Hongyong,1975-10,SG,,,individual
C508526,RED SEA HOLDINGS PJSC,,BY,,,entity
C141556,Konstantin Nowikow,,BY,,,individual
C677155,Summit Energy Group,,SA,registration,REG-663176,entity
C588193,"Schroeder, Susan M.",1993-09-25,FR,,,individual
C467410,Kammal ibn Dschammal Barakat,1986-02-01,JO,document,JO82563705,individual
C855633,Behrouz Akbari,1996-04-28,GE,,,individual
C736418,Zhang Kun,1981-12-18,HK,,,individual
C448610,Hashemmy Hammeed,1984-01-16,TJ,,,individual
C349064,Ramin Sherazi,1971-08,GE,,,individual
C613922,The Al-Noor Minerals G.m.b.H.,,SG,,,entity
C158271,Jose J. DaSilva,1968-06-22,AU,,,individual
C202679,MV Hormuz Pride Queen,,GR,,,vessel
C432857,Boris Ivanovich Tsvetkov,1957-07-19,SA,,,individual
C661199,ORION AVIATION Corporation,,KW,,,entity
C554511,Billaal Mahdy,,TN,,,individual
C542945,Kavih Baghiri,1992-01-03,TJ,,,individual
C539328,Po Hsueh Huang,,HK,document,HK76550072,individual
C990923,Galina Iwanowna Shevczenko,1952-03-06,BY,,,individual
C275662,PACIFIC RIM STEEL OAO,,BR,,,entity
C179345,Kavih Rahmani,1973-04-16,GE,,,individual
C151661,Hisham Darwesh,1975-11-06,JO,,,individual
C157306,Wei Feng Kuo,1967,TW,,,individual
C307637,Bakr Fahd,1953-07-21,LB,,,individual
C516803,Chin Pao Na,1959-12,SG,,,individual
C618023,Benjamin J. Garcia,1999-11-19,AU,,,individual
C328842,Chuck M. Schroeder,,BR,document,BR52920784,individual
C620341,"ElAtar, Kammal",,SA,,,individual
C289055,Xiajie Chen,1966-04,SG,,,individual
C784324,The Onyx Logistics Public Joint Stock Company,,HK,,,entity
C779496,Pingxue Zhao,,HK,,,individual
C993372,Wei Long Zeng,1986-10-19,SG,,,individual
C802885,Shu Huang,1954-08-21,SG,,,individual
C694319,Ko Hong-Hai,,SG,,,individual
C494398,Iwan Pawlow,1984-05-26,KZ,,,individual
C256387,Ming-Xue Tse,1969,HK,,,individual
C856895,Timur Tsvetkov,1992-06-05,BY,,,individual
C177179,Maryam Rostammi,1980,TJ,,,individual
C969356,Hu Ling,1978-01-11,TW,,,individual
C819541,Sheng Wen Lau,1955-06-22,CN,,,individual
C196355,Falcon Agro Corp.,,AU,,,entity
C107458,Pawel Yegorov,1958-07-06,BY,,,individual
C995036,Gennady Petrovicz Egorow,,UA,,,individual
C603648,"Sorensen, Tori A.",,DE,,,individual
C474582,Rania ben Zied Tahah,1971-01-02,MA,,,individual
C602584,al-Zahrani,1951-10-27,CA,document,MA30013986,individual
C879331,Gennady Fedorov,1990-10-20,GR,,,individual
C449143,Mesopotamia Holdings Corporation,,TW,,,entity
C689984,Yeung Wen,1962-01-23,CN,,,individual
C343870,Nikolay Semionov,1991-05-22,BY,,,individual
C804534,Chun Yong Hoo,1977-02-16,SG,,,individual
C723956,Aishah Azez,,TN,,,individual
C783182,Sahara Steel G.m.b.H.,,GB,,,entity
C910408,Pavel Tsvetkov,,KZ,,,individual
C570749,MT Wind Runner III,,GR,,,vessel
C820556,Bashar Mansour,1990-04-01,TN,,,individual
C252756,Nizar ben Adnen Faris,,SA,,,individual
C691421,Sammy Novak,1962-10-14,GB,,,individual
C236015,Vasily Smirnov,1974-01-25,UA,,,individual
C262119,Edward M. Meyer,2000,GB,,,individual
C557271,Mortizah Moradi,1960-06-08,TJ,,,individual
C621515,"Kuznetsova, Yekaterina",1963-11-02,UA,,,individual
C757696,Yaser El Naggar,1966-08-19,KW,,,individual
C569953,Gennady Semionow,1964-01-14,GR,,,individual
C685994,Benny Hernández,1960-04-05,AU,,,individual
C242432,Jack Sorenson,,CA,,,individual
C152836,Ameer Rezaey,1996-04-03,TJ,,,individual
C248444,Ye Zhong,,TW,,,individual
C775968,Cheng-Ching Mah,1957-09-17,TW,,,individual
C988691,"Koslova, Yulya",1993-10-08,UA,document,UA13797081,individual
C658715,Ocean Titan Alpha,,MH,imo,IMO9923718,vessel
C696338,Abdulkarem Naser,1979,SG,,,individual
C468526,Babak Rahemmi,1979-02-24,TJ,,,individual
C851569,Maxim Yashin,,BY,,,individual
C763010,URAL,,CN,registration,REG-495832,entity
C508371,Charles Kowalski,1966-02-05,FR,,,individual
C941059,Alexandr Joukoff,1972,KZ,,,individual
C460249,Harbor Point Electronics,,BY,,,entity
C625433,Irina Belousoffa,,UA,,,individual
C947816,Elizaveta Nikolaevna Lebedeva,1984-11-01,GR,,,individual
C617556,Rammeen Sherazi,1971-06-01,GE,,,individual
C435666,Vessel Eastern Promise Alpha,,CY,imo,IMO9919987,vessel
C890123,Massoud Kermanie,,TJ,,,individual
C461340,Jamie A. Dubois,1996-02-05,GB,,,individual
C953759,Liu Po,1962-09-05,HK,,,individual
C157945,Mahmoud AlJabourie,1964-07-03,MA,,,individual
C225206,Ivory Coast Import Export Group,,KZ,registration,REG-333531,entity
C770494,Nadezhda Chernova,1962-11-11,KZ,,,individual
C327614,Sammi At-Tikreti,,EG,,,individual
C147185,Abd al-Kareem As-Shamsi,1974-07-08,MA,,,individual
C761707,Cheung Ching Kuei,1984-10-10,CN,,,individual
C145792,Patricia J. Lindqvist,1984-07-06,CA,document,CA66188491,individual
C957666,Eastern Promise,,LR,,,vessel
C344280,Edward M. OBrien,1992-08-10,BR,,,individual
C341622,Anatoly Aleksandrowich Pawlow,1988-04-22,BY,,,individual
C271527,Masri Nabel,,AE,,,individual
C449180,Benjamin A. Rodriguez,1983-11-04,DE,,,individual
C993539,Amer Esfahani,1971-06,GE,,,individual
C250750,Majed Rahemmi,1953-10-21,GE,,,individual
C889453,Abu Sami,1985-12-10,GR,,,individual
C810850,Amer Baghiri,1989-02-10,GE,,,individual
C148995,Zenith Electronics Inc.,,DE,,,entity
C948727,Kai Sun,1951-08-17,CA,,,individual
C433733,Pamir Metals Company,,GB,,,entity
C429291,Mueller John M.,1997-01-28,AU,,,individual
C841735,Orion Holdings Co.,,TN,,,entity
C968019,Jammal ben Jammal Abas,1997-10-26,KW,,,individual
C906095,Mariya Volkova,1956-11-20,GR,document,GR28995465,individual
C418897,Laila Nazary,,GE,,,individual
C895555,Hudah b. Ali as-Sabah,1989-08-10,JO,,,individual
C424295,Fatimmih Mohammadi,1994-02-23,TJ,,,individual
C371183,Maxim Tsoiy,1992-07-17,BY,,,individual
C274876,Meridian Maritime LLC,,LB,,,entity
C636192,Nile Valley Energy Ltd,,BR,,,entity
C738202,Atlantic Hope Alpha,,SG,imo,IMO9013021,vessel
C994412,Ural Freight FZE,,BR,,,entity
C462958,Irina Andreeffa,,KZ,,,individual
C387963,Zhong Ting Shen,2000-07-11,SG,,,individual
C310561,Atlas Freight S.A.,,CA,,,entity
C303017,Ivan Smirnov,1995-08-25,KZ,,,individual
C830134,Kathy Weis,,FR,,,individual
C607453,Wenlan Liu,1950-10-24,HK,,,individual
C370074,"Shahen, Khalled",,TN,,,individual
C697183,"Salmane, Billale",1997,SA,,,individual
C240028,Fatimih Ebrahemi,,TJ,,,individual
C312845,Alexandr Shishkin,1960-04-12,GR,,,individual
C786005,Ebrahemmi Gaved,1966-06-04,GE,,,individual
C686271,Tori Muller,1965-01,AU,,,individual
C616101,Pete M. Ferreira,1977-06-15,CA,,,individual
C584918,He Wenshu,1982-01-15,CN,,,individual
C647057,Julia Kuznezova,1963-12-22,UA,,,individual
C767271,"Chernov, Dmitry Mikhailovich",1966-11,KZ,,,individual
C145870,ElKhateb Tareq,1972-09-10,JO,,,individual
C303424,Awed Faysal,1995-09-13,MA,,,individual
C118087,"Taha, Dallal",1994-04-14,EG,,,individual
C834510,Chun Du,1955-06-10,CN,,,individual
C758933,Yang Tung Pao,,GR,,,individual
C348848,"Red Sea Chemicals, Sociedad Anonima",,TW,,,entity
C474961,Ali Khoury,1959-12-08,EG,,,individual
C639408,Yun Kun Tso,1989-12-05,HK,,,individual
C289743,Reza Ebrahemi,1957-07-05,GE,,,individual
C611463,Khaled al-Najar,1953-07-25,AE,document,AE57815227,individual
C786617,As-Saba Adnen,1984,TN,document,TN79693917,individual
C210529,Cavihe Moradi,1960-06-08,TN,,,individual
C106118,Ming Kuei Chow,1991-04-06,CN,document,CN15652004,individual
C156657,Tabriz Aviation,,SA,,,entity
C374583,Sheren Farahani,1953-02,GE,,,individual
C169671,Dot A. García,1987,FR,,,individual
C503590,Fenglan Chu,1959-12-11,SG,,,individual
C387458,Cruz Alexander A. de la,1981-02-20,MX,,,individual
C295536,Abdel Rahmen El Sayid,1952-07-13,EG,,,individual
C104291,Lei-Cheng Qian,1976-08-07,HK,,,individual
C283731,Kuo Tienhsiang,1984-12-18,SG,,,individual
C836810,Ted M. Larson,,US,,,individual
C582110,Javed Jafari,2000-07-06,GE,,,individual
C558269,Artiom Sergeyevich Andreev,1980-11-20,BY,,,individual
C394885,Nazarie Mahsah,,TJ,,,individual
C639785,Ali b. Majed El-Jabouri,1966-08-24,SA,,,individual
C757654,Elisabeth Meier,1995-10,US,,,individual
C531709,Rammi Salmen,1958-09-22,MA,,,individual
C785867,Bianci Jennifer,1958-07-21,AU,,,individual
C661745,Rezah Esfahani,1980-08-22,TJ,,,individual
C734424,Yassir Atar,,EG,,,individual
C462999,Valentina Kravchenko,1969-04-24,UA,,,individual
C633019,Akbari Fatemeh,1971-06-21,TJ,,,individual
C136242,Benjamin A. Johansson,,US,,,individual
C239245,Zahra Baghiri,1990-03-27,GE,,,individual
C224865,Al-Hijaz Group,,EG,registration,REG-979534,entity
C518962,Vessel Amber Sky,,PA,imo,IMO9613198,vessel
C952023,Svetlana Shishkina,1966,KZ,,,individual
C578079,Tien Leung,,CN,,,individual
C278785,Al-Hijaz Group,,TN,registration,REG-390382,entity
C716718,"Novikoff, Vyatcheslaff",1997-10-08,KZ,,,individual
C199770,Abdulkarem El Atar,1953-02-12,KW,,,individual
C387346,Abdulkarem b. Nizar Abas,1957-11-05,LB,,,individual
C902294,"Orlowa, Zhanna Sergejevna",,GR,,,individual
C706458,"Levant Textiles, Inc",,TJ,,,entity
C480710,Po-Hsueh Hwang,1967,HK,,,individual
C833725,Samerah az-Zahrani,1989-01-09,SA,,,individual
C982532,Naying Luo,1983-09-08,SG,,,individual
C657101,Hamed Esfahanie,1958-04-22,TJ,,,individual
C254188,Meridian Freight Limited,,AE,,,entity
C515552,Ameenah Kanen,,JO,,,individual
C571126,Benny Schroeder,,AU,,,individual
C897602,Rami bin Sallem Awed,1981-09-05,KW,,,individual
C886559,IVORY COAST,,BY,registration,REG-197494,entity
C158893,Silver Crest Star Trader,,MH,,,vessel
C146594,Fahd Al Hashimmi,,KW,,,individual
C986844,Northern Lights Maritime Corp.,,DE,,,entity
C221616,Liu Na Bao,1992-03-27,TW,,,individual
C399403,Atlas,,AU,registration,REG-540662,entity
C431778,Bijen Rostammi,,TJ,,,individual
C299711,Siavash Baghiri,1978-04-07,TJ,,,individual
C204216,Javade Moradi,1999-08,TJ,,,individual
C345640,Yassir Azeez,1977-12-05,KW,,,individual
C710606,Sea Breeze III,,GR,,,vessel
C639273,Kamren Sadighi,1964-02-10,GE,,,individual
C989298,Kamren Baghiri,1995-04-15,GE,,,individual
C813576,Jon J. Lindquist,1983,CA,,,individual
C411212,Farhed Ahmadi,1988,TJ,,,individual
C449600,Chih Yeh,2000-08-08,CN,,,individual
C639128,Abdulrahmen bin Ali Tikreti,1968-05-07,JO,,,individual
C536931,Qian Huaxiao,1961,CN,,,individual
C244327,Sheren Ahmadi,,GE,document,GE98732179,individual
C354377,Ling-Bao Zhou,1964-12,CN,,,individual
C411962,Du Kun Gang,1954-02-24,CN,,,individual
C652588,Andy A. Sørensen,1980-08-08,MX,,,individual
C708115,Valentina Ivanova,1990-08-08,GR,,,individual
C908124,Husain ibn Ibrahem al-Najar,1951-02-25,EG,,,individual
C610839,Dmitriy Orlov,1997-05-18,BY,,,individual
C486149,Anwar Haded,,KW,,,individual
C987769,Theodore Schroeder,1997-08-21,FR,,,individual
C414832,Alexander Meier,1996,GB,,,individual
C415711,Anastasiya Zaitseva,1981-11-08,GR,,,individual
C125628,Moradi Ramen,,GE,,,individual
C607495,Marina Mikhailovna Sokolova,1963-11-28,GR,,,individual
C210841,K. Shahin,,EG,document,EG45267472,individual
C356855,Tao Jing Hwang,1987-07-07,CN,,,individual
C716651,Anatoly Grishin,1966-05-23,UA,,,individual
C549596,Ocean Titan Queen,,MH,,,vessel
C682907,Yussof Hakem,1971-09-27,TN,,,individual
C631944,Hosain Ebrahemmi,1955-04-26,GE,,,individual
C782998,Pepe M. Smith Jones,1952-07-07,DE,,,individual
C518551,Mahmoud Mahdi,1998-01-10,EG,,,individual
C779760,Chiang Chengchih,1955-08-17,SG,,,individual
C919154,Altai Holdings G.m.b.H.,,AU,,,entity
C615382,Dariush Rahemi,1973-04-13,TJ,document,TJ74587029,individual
C306761,"Chaikovskaya, Valentina Mikhailovna",1965-12-10,BY,,,individual
C877060,Chihcheng Li,1950,HK,,,individual
C820389,Abdullah Hakeeme,1954-02-16,JO,,,individual
C582698,Hank J. Lefevre,1997-08-06,US,,,individual
C371237,Muhamad AtTikreti,1960-11-19,TN,,,individual
C756608,Ismayl Darwesh,1986-04-09,KW,,,individual
C726978,Anna Tkachenko,1957-05,UA,,,individual
C979715,"Sapphire Energy, S.A.",,JO,,,entity
C947435,Yu Ho,1989-11-18,TW,,,individual
C488823,Tallal Shahen,1950-11-17,EG,,,individual
C407312,Majed Yasin,1987,TN,,,individual
C515430,Arash Rostammi,1971,US,,,individual
C596928,Bashar Sadalah,1984-09-18,MA,,,individual
C130513,Gammal Khoury,1963-08-22,SA,document,SA41155036,individual
C903499,Руслан Михайлович Морозов,1982-09-18,BR,,,individual
C237296,Frederick Fernandes,,BR,,,individual
C571106,Dorothy A. Hernandez,1976-01-09,MX,,,individual
C967309,Mahmoud ElSayid,1959-05-21,SA,,,individual
C831813,Tiger Lily III Trader,,CY,,,vessel
C366897,Kuo Ching,1987-10-03,CN,,,individual
C367664,"Petrova, Oxana",1995-01-27,UA,document,UA68323898,individual
C834446,Bashar Tahah,1958-07-04,KW,,,individual
C251285,Aisha Awad,,TN,document,TN58360815,individual
C450371,Weiss,,GB,document,GB90845312,individual
C673591,Sami Kanaen,,SG,,,individual
C328127,"Pavlova, Kseniya Sergeyevna",1991-10-05,BY,document,BY59651422,individual
C977555,Cheereen Cheerazi,1969-12-23,TJ,,,individual
C589511,نور ياسين,,JO,,,individual
C365933,Kun Wu,1952-09-22,CN,,,individual
C266425,"Kanaan, Mariam",1951-01-20,TN,,,individual
C509415,Natalya Tkatschenko,1963-08-13,UA,,,individual
C462403,Juriy Lebedew,1962-01-10,BY,,,individual
C194444,Ural International,,GB,registration,REG-343818,entity
C813770,"Hoseini, Mohsin",1987-08-17,TJ,,,individual
C740732,Dariush Mohamadi,1979-05-21,TJ,,,individual
C337135,"al-Jabouri, Yusof",1996-01-07,KW,,,individual
C135659,Samy b. Waled Awaad,1966-09-02,AE,,,individual
C259739,Semion Morozov,1955,KZ,,,individual
C940594,Majed Salmen,,KW,,,individual
C448753,Schröder Joey,1985-10-05,CA,,,individual
C790713,Valery Stepanov,1987,KZ,,,individual
C353063,Pao Song,2000-06-18,TW,,,individual
C274957,Sahara Pharma Company,,GR,,,entity
C661960,Mortizah Jafari,1983-09-01,TJ,,,individual
C854413,Shu-Cheng Ng,1965-01-11,TW,document,TW79183394,individual
C761757,Evgeny Smirnov,,BY,document,BY91723374,individual
C499088,Bosporus Star,,GR,,,vessel
C449502,Dan Peterson,1996,BR,,,individual
C247351,Salmah an-Najar,1990,EG,,,individual
C100897,Bijen Moradi,1954-10-09,GE,,,individual
C980552,Cao Guiwen,1993-06-08,TW,,,individual
C230110,Guo Liang,,SG,,,individual
C922949,Bosphorus & Partners,,DE,registration,REG-582731,entity
C783714,Pacific Glory Alpha,,PA,imo,IMO9463093,vessel
C866846,"ar-Rashed, Samera",1987-03-01,TN,,,individual
C448739,Richard J. García,1952,FR,,,individual
C600806,Niloufar Sherazi,1999-10-09,TJ,,,individual
C935735,"Azeez, Huda b. Mahmoud",,MA,,,individual
C428150,Wiktor Sergeyewich Schevtschenko,1966-10-04,UA,,,individual
C481934,Jennifer M. Van der Berg,,GB,,,individual
C313687,"Garcia, Susan M.",,FR,,,individual
C672497,Fu Song,1958-12-18,SG,,,individual
C138284,Nile Valley Textiles Ltd.,,SA,,,entity
C114514,Wei Chiang Song,2000-04-23,HK,,,individual
C166278,Yong Liu,,HK,,,individual
C139963,Vasily Ivanovich Kravchenko,1985-12-12,UA,,,individual
C398010,Patricia M. Fernandez,1980-11,US,,,individual
C689633,Ma Chiehping,,SG,,,individual
C887102,Yuliya Kovalenko,1960-10-06,UA,,,individual
C847089,Kammal Faris,1972-05-20,LB,,,individual
C510286,Laillah Hashimmi,1953-08-13,GE,,,individual
C742955,Yongping Tang,1963,CN,,,individual
C287125,"Vanderberg, Benny M.",1952-05-05,BR,,,individual
C708277,Parveez Mousavi,2000-03-28,GE,document,GE15964972,individual
C525432,Hua-Hua He,1991-08-22,TW,,,individual
C600431,Leonid Alexandrovich Iakovleff,1990-12-26,GR,document,GR56316263,individual
C784463,Tigris Technologies SA,,GE,,,entity
C231639,Javed Zammani,1960,TJ,,,individual
C160828,Irina Makarova,1965,KZ,,,individual
C227489,Sapphire Technologies Ltd,,JO,,,entity
C693471,Mesopotamia Freight Inc,,AE,,,entity
C610031,Arash Rostammi,,GE,document,GE66993860,individual
C165911,Yekaterina Smirnova,,HK,,,individual
C385305,Paresa Mohamady,1954-08-16,GE,,,individual
C707290,Hussain Awed,2000-03-27,AE,,,individual
C769041,Vyacheslav Orlov,,KZ,,,individual
C996549,Sapphire Investments,,MX,,,entity
C311688,Mahsah Rahmani,1964-01-17,GE,,,individual
C511656,Lotus Minerals,,MX,,,entity
C131045,Emerald Bay Agro GmbH,,MX,,,entity
C366713,Sammeer Sayid,1977-06,JO,,,individual
C413277,Hanen Nasir,,AE,,,individual
C951771,Semen Novikov,1973-07-24,UA,,,individual
C174126,Phoenix Shipping,,LB,,,entity
C364106,Samuel A. Fisher,,BR,,,individual
C922275,Summit Maritime PJSC,,DE,,,entity
C842458,Waled Ghanim,,TN,document,TN81764857,individual
C209260,"ar-Rashed, Zied ibn Nabel",1986-12-04,AE,document,AE14114495,individual
C129331,Hashimi Rammen,1952-04-24,GE,,,individual
C787884,FALCON TEXTILES Company,,GR,,,entity
C650712,Rashed ibn Abdol Rahman Amen,1990-03-17,SA,,,individual
C705830,"Schmitt, Rebecca",1956-12-11,MX,,,individual
C862463,The Karakum Agro Co.,,SA,,,entity
C863812,Margaret M. Fischer,1983-10-04,US,,,individual
C465403,Mikhail Nikolaevich Semenov,1975-07-07,GR,,,individual
C659632,Sami ibn Samir Darwesh,,AE,,,individual
C329172,Parisah Mahmoudi,1953-10-16,TJ,,,individual
C265424,Mariam Hakem,1969-08,LB,,,individual
C910979,Ahmadi Dariush,1969-10-20,TJ,,,individual
C139939,Kit J. Vanderberg,1957-09,AU,,,individual
C189093,Euphrates Logistics FZE,,CA,,,entity
C876707,Yu Hu,1965-10-25,CN,,,individual
C865490,Ehsen Karemmi,1980-02-07,GE,,,individual
C681494,Harry Andersen,1988-12,GB,,,individual
C513831,Kamren Nazari,1964-03-13,TJ,,,individual
C956748,Grigory Mikhailovich Grishin,1964-08-16,GR,,,individual
C142091,Volga Industries Ltd,,TW,,,entity
C786307,Xiang-Guo Wang,,SG,,,individual
C681430,Adnen Kanen,1953-06-21,JO,,,individual
C410464,Ad-Doury Kamaal ibn Tallal,,LB,,,individual
C148960,Hassen Sulten,1954-12-25,KW,,,individual
C474597,Alexander Lefèvre,1975-07,AU,,,individual
C624842,Matt A. García,1975-06-07,GB,,,individual
C550875,Mohsin Farahani,1953-05-25,TJ,,,individual
C163423,Lei-Mei Zhou,1963-03-28,TW,,,individual
C125024,MERIDIAN,,AE,registration,REG-566660,entity
C438872,Zhanna Tsoy,1958-07-08,GR,,,individual
C895164,"Bois, Freddie M. Du",1995,CA,,,individual
C935904,Aischa b. Kareem Sulten,1972-07-22,AE,,,individual
C407955,Henry Sorensen,,GB,,,individual
C938501,Charles van den Berg,,CA,,,individual
C276726,Yan Ying Chow,,CN,,,individual
C174663,"Shishkina, Anna Sergeyevna",,KZ,,,individual
C908592,Natalya Stepanova,1953,KZ,,,individual
C934155,Dariuche Tabrezi,,TJ,,,individual
C535834,Jammal b. Tarik Faris,,LB,,,individual
C131206,Fung Xin Ping,1967-06-14,HK,,,individual
C993302,Na Kuo Shen,,HK,,,individual
C298168,Salih Laylah,1974-02-08,JO,,,individual
C480435,Li Yan-Kai,1980-01-16,CN,,,individual
C839689,Artiom Morozov,1991-05,BY,,,individual
C822056,Sahara Electronics Company,,HK,,,entity
C983041,Vyacheslav A.,1986-04-05,BY,document,BY85182111,individual
C105731,"Sapphire Industries, Joint Stock Company",,TW,,,entity
C554525,Arkady Petrovich Petrov,1984-04-02,KZ,document,KZ35769621,individual
C510379,Khadedschah Mahdi,,SA,,,individual
C186788,Choi Hao Kuo,1959-01-02,CN,,,individual
C585908,Long Song,1973-01-21,SG,,,individual
C578120,Jim Fisher,1952-02-21,MX,,,individual
C666402,Shan Shu Cui,,CN,,,individual
C400077,Mueller James J.,1956-03-21,MA,,,individual
C200212,Sammi ben Abdol Karime Saadallah,1998,TN,,,individual
C889597,Ted Van der Berg,1968-04-16,US,,,individual
C954284,Theodore A. Ferreira,1977-01-22,DE,,,individual
C323843,Oleg Tzvetkov,1971-08-06,GR,,,individual
C817228,Cheung Guo Ying,1988-02,TW,,,individual
C696593,Henry Olsen,1963-09-24,MX,,,individual
C369706,Sorenson Joe A.,,JO,,,individual
C390735,Ming Hsu,1975-11-19,SG,,,individual
C640312,Jenny M. Smith-Jones,1955-08-27,CA,,,individual
C251278,"Al-Khateb, Anwar ben Ahmed",,CA,,,individual
C226906,Stanislaff Pavloff,,UA,,,individual
C604313,Karem Salmen,2000-12-25,EG,,,individual
C572333,Bin Yuan,,SG,,,individual
C106949,Oleg Sergeyevich Bondarenko,2000-01-12,GR,,,individual
C374014,MT Iron Duke Star,,GR,,,vessel
C799834,Galina Ivanova,1966,UA,,,individual
C741318,"Tkatchenko, Stanislaff",1953,UA,,,individual
C238221,Tao Hui Liang,1989-06-12,SG,,,individual
C683106,Amer Sadeghie,1954-06-04,GE,,,individual
C293266,Ievgeny Zaitzev,,KZ,,,individual
C935664,Mahsah Baghiri,1968-06-04,GE,,,individual
C154720,Wei-Yun Tai,1953-05-04,CN,,,individual
C518001,Hossain Yazdani,1970-07-28,TJ,,,individual
C253533,Hamed Yazdani,1993,TJ,,,individual
C952074,"Sallihi, Lailla",1969-12-09,GE,,,individual
C986072,Yassir ibn Khaled el-Zahrani,,BR,,,individual
C920079,Li De Bin,1985-12-05,MA,,,individual
C754853,Robert Meyer,1992-04-26,DE,,,individual
C636856,Siavash Tehrani,,TJ,,,individual
C518611,Nataliya Vladimirovna Stepanova,1950-08-08,KZ,document,KZ41695008,individual
C301287,Abdul Azez ibn Abdul Azez Awed,1979-04-08,EG,,,individual
C371748,Hamzah Az-Zahrani,1963-02-26,LB,,,individual
C958539,Tony Smith-Jones,1966-07-13,US,,,individual
C521574,Edward A. Petersen,,DE,,,individual
C352831,Mahdi Sallem,1979,TN,,,individual
C694143,Parissa Rezaai,,GE,,,individual
C650359,Hua-Pin Tso,1975-10-21,HK,,,individual
C684555,Karakum Trading Co.,,JO,,,entity
C198360,Robert J. Sorensen,,US,,,individual
C318177,Siavash Karemmi,1959-01-11,TJ,,,individual
C992768,"Novak, Harry A.",,MX,,,individual
C451364,Shan-Yu Fung,,TW,,,individual
C580001,Drew A. Andersson,1960-01-23,BR,,,individual
C354668,Igor Belousov,1974,BY,,,individual
C835978,Wasily Gristschin,1966-02-19,KZ,,,individual
C790074,Hammeed Ahmadi,1955-03-05,TJ,,,individual
C167758,Jung Chung Liu,1952-10-05,SG,document,SG79900534,individual
C947832,Dick de la Cruz,1955-07-25,DE,,,individual
C988344,Yuliya Sergeyevna Andreeva,,KZ,,,individual
C475715,Hakem Omar,1954-12-06,JO,,,individual
C663667,Vyacheslav Stepanov,1973-10-16,UA,,,individual
C257775,Hui Kai Chan,,CN,,,individual
C599580,"Levant Industries, FZE",,FR,,,entity
C631720,M/T Albatross One,,LR,,,vessel
C968640,Ning Guo,1967,CN,,,individual
C299907,an-Najar Rammi,,DE,,,individual
C155729,"Esfahani, Bijen",1955-08-13,GE,,,individual
C473976,Jammal ibn Mustafah Azez,,KW,,,individual
C566103,Nile Valley Freight Inc,,LB,,,entity
C908296,HARBOR POINT HOLDINGS Co,,MA,,,entity
C757014,Sallih Karem,,EG,,,individual
C952997,"Kovalenko, Valery Vladimirovich",1989-03,UA,,,individual
C770950,Valentina Ivanovna Orlova,1965-04-17,UA,,,individual
C718517,Nour ben Yasir el-Farsi,1954-01-17,EG,,,individual
C104474,Anware Abas,1990-05-02,JO,,,individual
C189951,Hong-Sheng Guo,1988-11-26,TW,,,individual
C701549,"Czaikowsky, Wiktor Mikhailovicz",,UA,,,individual
C340531,Altai Metals Co.,,FR,,,entity
C386987,"Bondarenko, Semion Vladimirovich",,UA,,,individual
C497720,Zagros International,,TJ,registration,REG-758087,entity
C658805,Yenisei,,CA,registration,REG-105418,entity
C863506,Zamzam Textiles GmbH,,JO,,,entity
C121094,Atlantic Hope,,LR,imo,IMO9661679,vessel
C713775,Sinai Holdings SA,,DE,,,entity
C766885,OBrien Bob,1968-04-02,BR,,,individual
C787491,Pacific Rim Group,,MX,registration,REG-244385,entity
C691496,Kamchatka Technologies,,BY,,,entity
C410523,Hammeed Hashemi,,TJ,,,individual
C132937,Han Hsiangwei,,CN,,,individual
C607567,Sammi Haded,1983-09-26,SA,,,individual
C191516,Nasren Ebrahemmi,1986-03-08,GE,,,individual
C644288,"Tehrani, Ehsen",,GE,,,individual
C734743,Abdulrahmen Al Rashed,1956-01-28,MA,,,individual
C883850,Muhamed bin Sammer Shahen,,KW,document,KW81804160,individual
C317755,Khateb Laylah El,1955-09-24,JO,document,JO88362339,individual
C965518,Dmitry Petrovich Semenov,1966-06,KZ,,,individual
C860293,Jamal Sadala,1986-08-05,KW,,,individual
C519266,Tsao Kunching,1997-04-03,CN,,,individual
C401923,Vicky Peterson,1979-09-02,DE,,,individual
C274090,Hashemi,,TJ,document,TJ27750467,individual
C820743,Sammy Shaheen,1999-10-01,JO,,,individual
C556387,Yelena Sergeyevna Makarova,,BY,,,individual
C235868,Arkady Semionow,1987-06-19,UA,,,individual
C550378,M/T Ocean Titan IV,,LR,,,vessel
C885179,Nour Yasen,1955-01-15,JO,,,individual
C571499,Stanislav Shevchenko,1977,UA,document,UA90174351,individual
C519436,Mortiza Nazari,1971-12-03,GE,,,individual
C866715,Bosphorus Metals G.m.b.H.,,SG,,,entity
C748343,Grigory Alexeevich Novikov,,UA,,,individual
C327842,Lee Long,1952-12-16,SG,,,individual
C291529,Boris Alexandrovich Popov,1970-02-26,KZ,,,individual
C354538,Gammal Barakat,1988-08,LB,,,individual
C573717,Hossain Dschafari,,TJ,,,individual
C378017,Roman Kravchenko,1991-08-20,KZ,,,individual
C553932,Vladimir Nikolaev,1980-04-28,GR,,,individual
C426576,Kamren Mohamadi,,GR,,,individual
C709867,Omar bin Bashar Bakr,1957-04-19,SA,,,individual
C352383,Theodore de la Cruz,1964-09-20,MX,,,individual
C461964,Altai Import & Export Company,,KW,,,entity
C660649,Abd al-Azez Al-Shamsi,1996-04,EG,,,individual
C883388,Gennady Tswetkow,1994-11-24,UA,,,individual
C403971,Doctor,,HK,,,individual
C878536,"Sabah, Jammal",1957-09-06,JO,,,individual
C904570,Maryam Tabrezi,1955-05-27,GE,,,individual
C179096,Fahd Awaad,1982-11-28,KW,,,individual
C436988,Nikolaiy Zaitsev,1976,GR,,,individual
C682863,Dmitry Andreev,1981-03-16,UA,,,individual
C952716,"Esfahani, Babak",1993,TJ,,,individual
C263267,Xiangxia Hu,1989-03-05,TW,,,individual
C961290,Baltic Construction,,AE,,,entity
C380758,Summit Minerals,,AU,,,entity
C784438,Johnny M. Schroder,1956-10-08,BR,,,individual
C620099,Hameed Karemi,1976-07-14,TJ,,,individual
C589785,Галина Петровна Фёдорова,1981-04-09,GR,,,individual
C559899,Crystal Agro OAO,,MA,,,entity
C457024,Haded Hanen,1992-09-01,KW,,,individual
C860331,"Novikov, Alexandr",1998-01-13,GR,,,individual
C697909,"Stepanov, Andreiy",1968-07-05,KZ,,,individual
C806111,Marya Iwanowna Shukova,2000-10-28,UA,,,individual
C668913,Mohsin Sheerazi,1969-12-15,TJ,,,individual
C428849,Ehsaan Ghasemy,1989-11-05,TJ,,,individual
C787811,Majed Akbari,1989-11-28,TJ,,,individual
C136236,Min Tai,1980-10-07,HK,,,individual
C887220,Omar at-Tikreti,1967,AE,,,individual
C134909,Marwen Barakat,,AE,,,individual
C348022,Semen Sokolov,1994-02-14,UA,,,individual
C468309,Sammer Hamden,1991-05-20,TN,,,individual
C530892,Mohsin Ahmadi,1962-11-23,TJ,,,individual
C987967,Arctic Dawn Alpha,,LR,imo,IMO9136972,vessel
C279375,"Hashimmi, Shahram",1967-06-03,TJ,,,individual
C939234,Mortizah Hashemi,1994-09-24,GE,,,individual
C394022,Niloufar Ebraheemmi,1955-11-17,GE,,,individual
C985574,Nilloufar Sadighi,1973-03-26,MX,,,individual
C400570,Lanhua Sun,1995-02-15,TW,,,individual
C470094,az-Zahrani Jamal,,AE,,,individual
C584466,Omar bin Ali AsSayid,1993,EG,,,individual
C407891,Omare ben Hammeed Ghanime,,SA,,,individual
C267518,Ruijing Feng,1963-09-07,SG,,,individual
C911709,Billalle b. Ismayle Aoued,1958-03-22,KW,,,individual
C102535,"Sadighi, Maged",2000-06-15,TJ,,,individual
C845088,Liz Lindquist,,BR,,,individual
C684893,Kavih Tabrezi,1997-06-10,GE,,,individual
C717192,Tarek Al Rashed,1973-06-13,EG,,,individual
C929889,"Chaikovsky, Vyacheslav",,GR,,,individual
C685048,Cammalle Sadalah,1972-04-09,TN,,,individual
C663303,"Zwetkow, Jewgeny Nikolaevitsch",1958-06-08,KZ,,,individual
C868840,Nikolay Nikolaevitch Kravtchenko,1963,UA,,,individual
C676105,Anthony Lefèvre,,DE,,,individual
C577333,"ar-Rasheed, Faissal",1967-11-17,AE,,,individual
C452941,Mahmoudi Niloufar,1992-07,GE,,,individual
C637655,Zhou Bao,1964-02-20,SG,,,individual
C159414,Mike J. Johanson,1967-01-18,BR,,,individual
C951796,Yekaterina Kozlowa,1959-10-10,KZ,,,individual
C402394,"Yazdany, Ehsen",1978,TJ,,,individual
C212880,Francisco A. Weiss,1996,FR,,,individual
C811651,Elizabeth Weiß,,CA,,,individual
C374619,Fernandes Kate,1968-04-22,AU,,,individual
C398895,Yury Tsvetkov,1974,BY,,,individual
C100173,Konstantin Kozlov,1998-03-10,BY,,,individual
C542137,Sallim Yasin,1967-09-20,GE,,,individual
C830699,Oleg Chaikovsky,1993-05-07,GR,,,individual
C519648,Hormuz Pride Trader,,LR,,,vessel
C195520,Yaser Ghanim,1957-12-18,AE,,,individual
C727275,Fiodor Popow,1959-06,UA,,,individual
C887411,Barbara A. Nowak,1992-10-03,GB,,,individual
C672744,"Meridian Technologies, Limited",,MA,,,entity
C941467,Michael García,,BR,,,individual
C185125,"Zahrani, Raniah",2000-09-04,MA,document,MA63556540,individual
C241611,Tatiana Nikolaeva,1983-12-24,BY,,,individual
C915066,Red Sea Pharma LLC,,KW,,,entity
C518754,"Schahin, Ahmed",,AE,,,individual
C134378,Bob A. Weis,1971-05-22,MX,,,individual
C432745,Bidjen Tabrezi,,GE,,,individual
C450946,Chih Tsui,1992-12-20,SG,,,individual
C508536,Viktoriya Sergeyevna Ivanova,,GR,,,individual
C311556,Tallalle El-Djabouri,,AE,,,individual
C690033,Benjamin A. Weis,1977,CA,,,individual
C268761,Rashed ben Kammal Barakat,1995-02-12,MA,,,individual
C181695,Guo Lan-Shan,,SG,,,individual
C990944,Rebecca J. Rodríguez,1955-04-28,MX,document,MX57718375,individual
C165063,Zeng Dong,1986-10-19,SG,,,individual
C282821,Farhed Sallihi,1964-11,TJ,,,individual
C687567,Anatoly Morozoff,1966-08,UA,,,individual
C471457,Kwok Juei-Kai,1953,TW,,,individual
C303581,Majede El-Djabouri,,TN,,,individual
C795758,Cao Fang,1974-10-11,TW,,,individual
C717102,Rebecca Schmitt,1961-04-15,FR,,,individual
C830674,Edward Fernandes,1995-05-26,CA,,,individual
C782113,Jing-Tian Tsui,1974-01-13,HK,,,individual
C132068,Tallalle Khourye,,SA,,,individual
C105049,Chun Cui,1980-09-02,HK,,,individual
C511288,AzZahrani Omar,1994-12,LB,,,individual
C262820,Viktoriya Bondarenko,1951-01-21,KZ,,,individual
C527166,Karem Faris,1963-06-20,SA,,,individual
C150807,Huang Weian,1989-12-06,TW,,,individual
C497292,Margaret M. Lefevre,1953-11-24,GB,,,individual
C933125,Zahrah Farahany,1953,TJ,,,individual
C344794,"Sorensen, Jim A.",1972-01-17,MX,,,individual
C340062,"Ivory Coast Agro, Corporation",,CN,,,entity
C614334,Andy Meyer,,US,,,individual
C112499,Nazari Golnaze,1993-05-16,TJ,,,individual
C854346,Christopher A. Anderson,,GB,document,GB93723160,individual
C104653,Hamza AlJabourie,1975,SA,,,individual
C538884,Dot A. Fischer,1951-09-19,GB,,,individual
C808422,Mahmoude el-Farsi,1986-04-13,EG,,,individual
C761839,Chow Ming-Gui,1994,CN,,,individual
C563109,Tahah Marouen,,TN,,,individual
C887911,Mikhail Kiselioff,1996-04-26,KZ,document,KZ20815485,individual
C577276,Majed Esfahani,1967-05-21,GE,,,individual
C724672,Karemi Parvez,1997-03,TJ,,,individual
C837363,FALCON,,CN,registration,REG-318679,entity
C718689,"Kanaen, Yasir",,TN,,,individual
C168647,Anastasiya Chaikovskaya,1993-12-08,BY,,,individual
